2026-06-24T08:04:47.404Z [HARVEST] Snapshot ccceb306-a327-4700-a98c-882ee036fff0 created
2026-06-24T08:04:47.406Z [HARVEST] Snapshot debbc89f-aded-4771-b6fb-6ff3584a1a16 created
2026-06-24T08:04:47.409Z [HARVEST] Snapshot f471dff7-00e6-4bde-95b9-51d0362b1185 created
2026-06-24T08:04:47.410Z [HARVEST] Snapshot 1fa6d726-78f2-4e6b-a1b1-d503c200b0c1 created
2026-06-24T08:04:47.411Z [HARVEST] Snapshot 07581855-6050-4adc-948e-a8f88ea011ed created
2026-06-24T08:04:47.413Z [HARVEST] Snapshot 172777bf-7262-4d32-b341-b39a0187262c created
2026-06-24T08:04:47.414Z [HARVEST] Snapshot 9137fd89-fcaf-42fa-b018-9ef867b8c058 created
2026-06-24T08:04:47.416Z [HARVEST] Snapshot b6920325-4d93-4e27-9285-52cf8f0f86b4 created
2026-06-24T08:04:47.417Z [HARVEST] Snapshot 4b0e9995-77ba-4480-8456-3336d13aa345 created
2026-06-24T08:04:47.418Z [HARVEST] Snapshot b903fdfc-f538-4e8f-b94e-384c743b88f6 created
2026-06-24T08:04:47.419Z [HARVEST] Snapshot 09db5ab3-8fe5-47d0-a2dc-b636f307fe76 created
2026-06-24T08:04:47.421Z [HARVEST] Snapshot d3c377f9-8012-43fc-bc01-adc9005790c9 created
2026-06-24T08:04:47.423Z [HARVEST] Snapshot 5c1b3172-bfe5-4fac-92bc-1f55e5529d64 created
2026-06-24T08:04:47.424Z [HARVEST] Snapshot af6cee48-08ac-484e-aee6-b88a2124f685 created
2026-06-24T08:04:47.428Z [HARVEST] Snapshot 67249da3-6804-4e40-98d7-813c1b9323ba created
2026-06-24T08:04:47.432Z [HARVEST] Snapshot d11cbb38-1922-47d8-8c9b-0982d463a78e created
2026-06-24T08:04:47.433Z [HARVEST] Snapshot 9261b5a1-2b48-4e85-a290-086a9a96654b created
2026-06-24T08:04:47.434Z [HARVEST] Snapshot a47d4e66-5016-42fd-ac64-9bb4b900c78f created
2026-06-24T08:04:47.435Z [HARVEST] Snapshot 825a99f8-4f79-4970-9a2c-94baa00da113 created
2026-06-24T08:04:47.436Z [HARVEST] Snapshot bade34a9-283c-4e82-8b31-c08788ff31ad created
2026-06-24T08:04:47.437Z [HARVEST] Snapshot 07b3504e-dbbe-4394-90fa-0176dd7792ab created
2026-06-24T08:04:47.438Z [HARVEST] Snapshot bb410d50-b42d-46ce-a7bf-d94381679985 created
2026-06-24T08:04:47.439Z [HARVEST] Snapshot e201dbf2-e53d-4a3a-8a8a-486542e16444 created
2026-06-24T08:04:47.440Z [HARVEST] Snapshot 8158e600-6a36-46f9-9fc1-8669a4710bf1 created
2026-06-24T08:04:47.441Z [HARVEST] Snapshot a9eb211a-fae1-46c6-9e94-613274fee017 created
2026-06-24T08:04:47.442Z [HARVEST] Snapshot 633a322f-73b2-4c46-a76a-b3f3d51dbda2 created
2026-06-24T08:04:47.443Z [HARVEST] Snapshot 47705f39-188d-473f-830d-a76ef3dc1f90 created
2026-06-24T08:04:47.444Z [HARVEST] Snapshot 482d4d31-e360-4cc5-9ba9-2ab4772ce638 created
2026-06-24T08:04:47.445Z [HARVEST] Snapshot 421f5017-c6ba-43a4-960f-e04ec63d34cc created
2026-06-24T08:04:47.446Z [HARVEST] Snapshot 8912e4f1-db00-43fa-a6cf-81c650de32da created
2026-06-24T08:04:47.448Z [HARVEST] Snapshot 73181f48-4dd1-471c-a949-a62d7d7e0923 created
2026-06-24T08:04:47.449Z [HARVEST] Snapshot 8d0d1f8e-52b5-4f8f-9869-721f3e9aca39 created
2026-06-24T08:04:47.451Z [HARVEST] Snapshot 749faa84-795b-46b9-92a3-61dc947321ab created
2026-06-24T08:04:47.455Z [HARVEST] Snapshot e2102b86-d9e9-48ef-aba1-86ae9459d602 created
2026-06-24T08:04:47.457Z [HARVEST] Snapshot 4c2212e2-885d-40dc-9dfc-4f467bfd2f48 created
2026-06-24T08:04:47.459Z [HARVEST] Snapshot 74fe1553-202b-42ba-8397-8ae04d44ca16 created
2026-06-24T08:04:47.460Z [HARVEST] Snapshot c624fe28-d9d8-49c9-9cf6-9b3f03ef9abc created
2026-06-24T08:04:47.461Z [HARVEST] Snapshot 2693e769-a74d-4554-a4bb-ffd529891fda created
2026-06-24T08:04:47.462Z [HARVEST] Snapshot 1ad3855d-7f13-4d87-a338-2419eeb75fe0 created
2026-06-24T08:04:47.463Z [HARVEST] Snapshot 638ce320-1569-4869-acbd-7b86b34d667d created
2026-06-24T08:04:47.465Z [HARVEST] Snapshot 12f42fc1-3828-4bc5-a236-f0a4d7a7df36 created
2026-06-24T08:04:47.466Z [HARVEST] Snapshot 28968f09-a510-4722-8ae0-3f05ab2d38ca created
2026-06-24T08:04:47.467Z [HARVEST] Snapshot 7e6d7b90-4118-49c4-a8bc-a72e07634984 created
2026-06-24T08:04:47.468Z [HARVEST] Snapshot 74b4b35e-d245-4fe2-84f3-46aeb8b25bb2 created
2026-06-24T08:04:47.468Z [HARVEST] Snapshot e97dd964-a738-4d78-8ecb-b818ba47006d created
2026-06-24T08:04:47.469Z [HARVEST] Snapshot 97473c00-d2a9-4f22-adcb-c5571b9929a1 created
2026-06-24T08:04:47.470Z [HARVEST] Snapshot 9b28ac7f-4611-49d9-b659-6e9c6fbd2204 created
2026-06-24T08:04:47.472Z [HARVEST] Snapshot be8522b1-6e31-4221-b46e-1c1fe7f6355c created
2026-06-24T08:04:47.473Z [HARVEST] Snapshot 9612d43a-48ed-45de-98db-e586cab9847e created
2026-06-24T08:04:47.474Z [HARVEST] Snapshot bf9f6d93-0590-4273-a5db-7a3ec777970e created
2026-06-24T08:04:47.475Z [HARVEST] Snapshot cf4cdd89-0eb2-4a21-9696-85db1dcd76a7 created
2026-06-24T08:04:47.476Z [HARVEST] Snapshot 200e3797-2430-4d33-bd30-2cf0cc4143e9 created
2026-06-24T08:04:47.477Z [HARVEST] Snapshot 084d7ec3-ee10-413c-8193-e7ae4934ec61 created
2026-06-24T08:04:47.479Z [HARVEST] Snapshot ec9de195-a3d8-4cca-a425-e8a05b8311aa created
2026-06-24T08:04:47.480Z [HARVEST] Snapshot 9ccc03f0-e632-4fa7-94ca-e6ec8c1d4438 created
2026-06-24T08:04:47.482Z [HARVEST] Snapshot 96fcc23c-f677-4296-8271-523251fbee77 created
2026-06-24T08:04:47.483Z [HARVEST] Snapshot dcf208d4-8d35-4faa-871d-9a19265ea299 created
2026-06-24T08:04:47.485Z [HARVEST] Snapshot a7811c52-ce2c-4869-888c-940fe030d612 created
2026-06-24T08:04:47.486Z [HARVEST] Snapshot 9dc7ab49-d560-46ab-8d22-03545bbc2872 created
2026-06-24T08:04:47.487Z [HARVEST] Snapshot 2d348e34-5886-45aa-954b-c70630a7f3c7 created
2026-06-24T08:04:47.488Z [HARVEST] Snapshot 2f5b5b50-07b0-4ca0-838a-555cac8f5f6e created
2026-06-24T08:04:47.489Z [HARVEST] Snapshot 335e00ec-dab8-4589-8512-6555e44f4850 created
2026-06-24T08:04:47.490Z [HARVEST] Snapshot f3f78f51-6c9d-4cec-9eed-1ca01ca80903 created
2026-06-24T08:04:47.492Z [HARVEST] Snapshot 180d0af0-2735-41b8-adda-05b84ae895c6 created
2026-06-24T08:04:47.493Z [HARVEST] Snapshot 75c77b20-3584-4f18-a261-6ed18b35b912 created
2026-06-24T08:04:47.495Z [HARVEST] Snapshot 856b6fad-40ea-4410-bba3-cff96d903258 created
2026-06-24T08:04:47.496Z [HARVEST] Snapshot 67807309-94d3-4124-ba01-677be7053504 created
2026-06-24T08:04:47.497Z [HARVEST] Snapshot 503eac03-2ec8-47d8-b384-946cbcd6b6c9 created
2026-06-24T08:04:47.498Z [HARVEST] Snapshot 6f3d5a6f-41d9-4f1a-bd3c-42b656ad33dc created
2026-06-24T08:04:47.499Z [HARVEST] Snapshot c09a8fe6-148a-4a6a-9a91-59844274164c created
2026-06-24T08:04:47.501Z [HARVEST] Snapshot 53a3e10b-174b-4e24-8948-091f68baefef created
2026-06-24T08:04:47.502Z [HARVEST] Snapshot 565e988c-5634-4bd0-ad3d-c77438364d26 created
2026-06-24T08:04:47.503Z [HARVEST] Snapshot 89cac59c-4485-482c-a383-2fc9db780218 created
2026-06-24T08:04:47.505Z [HARVEST] Snapshot 173843b6-79b6-4129-9361-929739409d72 created
2026-06-24T08:04:47.506Z [HARVEST] Snapshot fbf64cfa-e935-40c6-832f-777f099566ce created
2026-06-24T08:04:47.507Z [HARVEST] Snapshot 629f6789-89b7-4bbf-aace-294a47296666 created
2026-06-24T08:04:47.509Z [HARVEST] Snapshot 773de1d7-c74f-4a60-ad21-f7d39a75d846 created
2026-06-24T08:04:47.510Z [HARVEST] Snapshot 494df653-f5b4-44f1-a4d8-3ef23a69176a created
2026-06-24T08:04:47.511Z [HARVEST] Snapshot 3c0eae45-0020-47bf-be37-4f678d194040 created
2026-06-24T08:04:47.513Z [HARVEST] Snapshot 086445a8-c445-4129-9c0f-8d528700726b created
2026-06-24T08:04:47.514Z [HARVEST] Snapshot 1443f226-67e3-4337-a3f1-20d1e27a9f67 created
2026-06-24T08:04:47.515Z [HARVEST] Snapshot 092f0727-14df-485f-a865-9771f2b6c02d created
2026-06-24T08:04:47.516Z [HARVEST] Snapshot c2dad595-e9a1-4e02-bb60-55fd5f159086 created
2026-06-24T08:04:47.518Z [HARVEST] Snapshot 263e1147-9698-422e-bcc7-ef230d1b5c3a created
2026-06-24T08:04:47.519Z [HARVEST] Snapshot d708f3cf-9831-4570-9e99-7d4aa2788493 created
2026-06-24T08:04:47.521Z [HARVEST] Snapshot fc8129d9-5811-4153-b1de-d8393d7d1f0e created
2026-06-24T08:04:47.522Z [HARVEST] Snapshot e1bb2eff-17b3-4fc3-bf36-ef61117c1490 created
2026-06-24T08:04:47.524Z [HARVEST] Snapshot e2c2c1df-fd25-4aac-a8a0-111d929c37d5 created
2026-06-24T08:04:47.525Z [HARVEST] Snapshot 2d96fce2-0e59-4da2-b02e-d3a62bf14488 created
2026-06-24T08:04:47.526Z [HARVEST] Snapshot 82594d74-ba3d-434b-8dca-7f833bcee5a6 created
2026-06-24T08:04:47.528Z [HARVEST] Snapshot 0ebbd160-3e75-4083-8b92-866e8127e7c6 created
2026-06-24T08:04:47.530Z [HARVEST] Snapshot 4953b14f-e5e7-43c7-a793-5725444dff54 created
2026-06-24T08:04:47.531Z [HARVEST] Snapshot d9cffd76-b375-4720-8bd1-4e2c6c6cb407 created
2026-06-24T08:04:47.532Z [HARVEST] Snapshot 84d3058f-4a9e-4e0e-935e-2848aa2b6c80 created
2026-06-24T08:04:47.534Z [HARVEST] Snapshot 57cfab7b-946d-4992-8670-d0213e4ee3bd created
2026-06-24T08:04:47.535Z [HARVEST] Snapshot a007c6d6-b67a-47b6-ba6d-a1fede9d2e12 created
2026-06-24T08:04:47.536Z [HARVEST] Snapshot 8337b492-ae5a-440b-aed2-0fc2351c4f59 created
2026-06-24T08:04:47.538Z [HARVEST] Snapshot f42363d7-4f4f-44ad-89a1-53c1295e570c created
2026-06-24T08:04:47.540Z [HARVEST] Snapshot 26b34c14-091c-4330-8b9f-308889a244cd created
2026-06-24T08:04:47.541Z [HARVEST] Snapshot 225bea57-c509-4d85-852d-6be107a1892c created
2026-06-24T08:04:47.547Z [HARVEST] Snapshot 956bd522-8764-40d3-ada7-12d100a25464 created
2026-06-24T08:04:47.549Z [HARVEST] Snapshot 76fffa8e-d45b-4a71-9166-c7218e4a521f created
2026-06-24T08:04:47.550Z [HARVEST] Snapshot aa42bc8a-3c81-4e5a-bd29-886e7bbebf68 created
2026-06-24T08:04:47.552Z [HARVEST] Snapshot bfe8e037-c519-49e8-8dd3-d452baf6b8f4 created
2026-06-24T08:04:47.554Z [HARVEST] Snapshot f6f5e8ee-68e1-4987-b343-56e663b7d3c9 created
2026-06-24T08:04:47.555Z [HARVEST] Snapshot d4f07a3d-c4c8-486f-96bf-73911201fc44 created
2026-06-24T08:04:47.557Z [HARVEST] Snapshot 0a0627ac-514b-44a5-a1fb-ebfa175b7a24 created
2026-06-24T08:04:47.558Z [HARVEST] Snapshot 43ca9753-4555-433f-8302-532c58a74653 created
2026-06-24T08:04:47.559Z [HARVEST] Snapshot 2a912833-be3d-40c2-a6aa-72cf9843112b created
2026-06-24T08:04:47.561Z [HARVEST] Snapshot 41210a05-6baa-41b4-8f94-f7aead0b45df created
2026-06-24T08:04:47.562Z [HARVEST] Snapshot 33d42b7a-5614-42c4-9e65-3895c724a06d created
2026-06-24T08:04:47.564Z [HARVEST] Snapshot 4342f304-aec7-4d45-b632-ad75cec5c8cb created
2026-06-24T08:04:47.565Z [HARVEST] Snapshot 3d28cab3-e9b2-46cc-8d28-649629a462d1 created
2026-06-24T08:04:47.567Z [HARVEST] Snapshot 8baedaae-a0b7-4c0b-a8bb-41a185407a32 created
2026-06-24T08:04:47.568Z [HARVEST] Snapshot 5c07e0ff-ddb9-49a1-8a81-80267fc91de3 created
2026-06-24T08:04:47.569Z [HARVEST] Snapshot b525a28a-24db-4085-9dcf-4547abe9259f created
2026-06-24T08:04:47.571Z [HARVEST] Snapshot 4cc1fd2d-15ff-4011-8629-112dde191599 created
2026-06-24T08:04:47.572Z [HARVEST] Snapshot ae911d0d-99af-4448-b3c4-aeae86539199 created
2026-06-24T08:04:47.574Z [HARVEST] Snapshot 17d8f625-8aa5-45ed-a8ed-15bad30dbac4 created
2026-06-24T08:04:47.575Z [HARVEST] Snapshot e49b8afa-24ad-494a-a2f8-a81c018d7f8d created
2026-06-24T08:04:47.576Z [HARVEST] Snapshot 9a74c5a1-fd98-4fc4-901d-8791238954a2 created
2026-06-24T08:04:47.578Z [HARVEST] Snapshot 67b36cd1-714f-44fc-9d8c-7cf17e6435d6 created
2026-06-24T08:04:47.579Z [HARVEST] Snapshot 2b40d172-8f12-4140-81cf-5a2d2fb579ef created
2026-06-24T08:04:47.580Z [HARVEST] Snapshot eeaf67a4-996d-44fd-8db8-baf0d02c3725 created
2026-06-24T08:04:47.582Z [HARVEST] Snapshot eae27136-4a36-4f5f-97a1-61c5b2c82b13 created
2026-06-24T08:04:47.583Z [HARVEST] Snapshot c3c518ac-97d7-4854-b55f-359382f093b5 created
2026-06-24T08:04:47.585Z [HARVEST] Snapshot 9eca7488-170e-4d29-82ea-f6b995edb0b5 created
2026-06-24T08:04:47.586Z [HARVEST] Snapshot 16ce3dd9-1e5c-4b37-9c63-2aeb08fc1610 created
2026-06-24T08:04:47.588Z [HARVEST] Snapshot 3ff9704a-8bfb-4a88-8139-8663d7c15ac2 created
2026-06-24T08:04:47.589Z [HARVEST] Snapshot a0ab14d9-517c-4a55-8ace-8962b33a6dda created
2026-06-24T08:04:47.591Z [HARVEST] Snapshot 8b6617de-7e7c-443c-8fa6-f40272c1aacc created
2026-06-24T08:04:47.592Z [HARVEST] Snapshot 66de1f5f-9e74-49b8-a9eb-b80c3f92a3ee created
2026-06-24T08:04:47.594Z [HARVEST] Snapshot 0d01f27e-0580-4fd5-bb39-4184898e4565 created
2026-06-24T08:04:47.596Z [HARVEST] Snapshot 275791ee-0b28-40a7-a1ad-84f16c70e309 created
2026-06-24T08:04:47.598Z [HARVEST] Snapshot e6bcd260-9fe4-4fc5-b179-317dfb72e2f9 created
2026-06-24T08:04:47.600Z [HARVEST] Snapshot d76eb705-5584-458b-8c16-324de8739b71 created
2026-06-24T08:04:47.601Z [HARVEST] Snapshot b43bd2fc-f1b4-4de0-a86c-37eb03839c3a created
2026-06-24T08:04:47.603Z [HARVEST] Snapshot 46826ebd-f3f0-4c78-bdd6-d7125a1322bf created
2026-06-24T08:04:47.605Z [HARVEST] Snapshot 84bebfe0-0ae9-49f5-828c-499cd616210e created
2026-06-24T08:04:47.606Z [HARVEST] Snapshot 3e72d728-ad63-4059-a6c3-5fa2f74012d2 created
2026-06-24T08:04:47.608Z [HARVEST] Snapshot 34a2ab0a-1d7a-4f6c-ad2a-0f9cb94e0570 created
2026-06-24T08:04:47.609Z [HARVEST] Snapshot 11b50765-fddc-4c4b-83c6-666dc4cdce61 created
2026-06-24T08:04:47.611Z [HARVEST] Snapshot 2843a3e0-fcae-42ba-822b-e3744bf51309 created
2026-06-24T08:04:47.613Z [HARVEST] Snapshot 203f5e9a-d607-4e92-a8af-7e47cfcd264f created
2026-06-24T08:04:47.615Z [HARVEST] Snapshot d2026e6c-0e12-48a3-aee1-31fd0ce6df77 created
2026-06-24T08:04:47.616Z [HARVEST] Snapshot b5968d89-d367-45da-bb1c-2a387ba6663a created
2026-06-24T08:04:47.618Z [HARVEST] Snapshot 572ab25b-3851-43bd-a8a7-5ab06ad5d354 created
2026-06-24T08:04:47.619Z [HARVEST] Snapshot 56c96436-b0e2-461c-8308-ffd534df2e54 created
2026-06-24T08:04:47.620Z [HARVEST] Snapshot a2c0d0ab-e6cd-4246-91c1-32dceec368e1 created
2026-06-24T08:04:47.622Z [HARVEST] Snapshot 7c6e543a-43e3-417a-9110-4d7ffe8adb63 created
2026-06-24T08:04:47.623Z [HARVEST] Snapshot dd560464-90a1-49eb-ba7f-a2aa8fe10d5f created
2026-06-24T08:04:47.625Z [HARVEST] Snapshot 5a9c2e77-f680-435c-9a5b-817bbbe591ba created
2026-06-24T08:04:47.626Z [HARVEST] Snapshot 69ecb39c-cb67-4824-8d83-05b2bff76688 created
2026-06-24T08:04:47.628Z [HARVEST] Snapshot d6e91d06-b94a-434c-b357-9683c6d2dbc8 created
2026-06-24T08:04:47.629Z [HARVEST] Snapshot ceecdfb9-9eeb-46c1-a19f-e20e20318bf6 created
2026-06-24T08:04:47.631Z [HARVEST] Snapshot ce6f3862-8800-42af-8adf-0425bbc30359 created
2026-06-24T08:04:47.632Z [HARVEST] Snapshot f8f79b61-4573-4e19-af0b-445a5902c1e9 created
2026-06-24T08:04:47.633Z [HARVEST] Snapshot 4124c116-43b2-47bd-98ca-538537f1ec09 created
2026-06-24T08:04:47.635Z [HARVEST] Snapshot e8e6f6f4-4e5d-44d2-a6bf-28f8870d406e created
2026-06-24T08:04:47.636Z [HARVEST] Snapshot 7a10a333-1dae-41f9-9e16-4ab73e8f29e4 created
2026-06-24T08:04:47.638Z [HARVEST] Snapshot dfe4ebcd-873f-4889-90bc-1403fb638187 created
2026-06-24T08:04:47.639Z [HARVEST] Snapshot 534bb8fd-e6f3-40e0-92ad-ab623fe1646e created
2026-06-24T08:04:47.641Z [HARVEST] Snapshot 7c1b9a0d-54db-452f-8813-fe92ef3b1994 created
2026-06-24T08:04:47.642Z [HARVEST] Snapshot 62224bb7-def1-411d-bdf9-c3eb596af2f9 created
2026-06-24T08:04:47.644Z [HARVEST] Snapshot b6d2fddf-abb2-4c9b-82d7-2cabf3f137bc created
2026-06-24T08:04:47.646Z [HARVEST] Snapshot 5735daf6-76e1-4a01-8629-5112068ffadc created
2026-06-24T08:04:47.647Z [HARVEST] Snapshot 85e93028-6d5c-4460-bd70-32008aaad5e3 created
2026-06-24T08:04:47.649Z [HARVEST] Snapshot 0deba65b-dd09-4227-a65c-527cef0a70e7 created
2026-06-24T08:04:47.651Z [HARVEST] Snapshot 732c1a7e-0ab1-4d9c-bbc7-7eae00bb7e9a created
2026-06-24T08:04:47.654Z [HARVEST] Snapshot e04c8ef7-1b89-4594-be8f-00e4c136103e created
2026-06-24T08:04:47.656Z [HARVEST] Snapshot 050cc899-31c0-4cc7-a8e4-c30b67fc7713 created
2026-06-24T08:04:47.658Z [HARVEST] Snapshot f053a365-119f-44fb-9add-caae71ff4165 created
2026-06-24T08:04:47.659Z [HARVEST] Snapshot e86253af-bee5-4f12-a708-1e64835463d0 created
2026-06-24T08:04:47.661Z [HARVEST] Snapshot 6b9a6b61-25bf-4c9a-913c-96991c5c12ea created
2026-06-24T08:04:47.663Z [HARVEST] Snapshot e455076a-124d-46c3-8f15-3dc5aa2fb4a0 created
2026-06-24T08:04:47.664Z [HARVEST] Snapshot 5db97e88-0fc1-408b-9b88-ec65e7089c8a created
2026-06-24T08:04:47.665Z [HARVEST] Snapshot 7eb8d332-c5a7-4347-91ab-3f66de92eb3e created
2026-06-24T08:04:47.666Z [HARVEST] Snapshot 2b0f9dcd-7d56-4da9-972c-c1eca948fcaf created
2026-06-24T08:04:47.667Z [HARVEST] Snapshot 4a628042-70f0-4b0c-ac14-ec1dad32ae2e created
2026-06-24T08:04:47.668Z [HARVEST] Snapshot 3e01092a-7cb8-4a82-bbda-4fd31dc2c65f created
2026-06-24T08:04:47.669Z [HARVEST] Snapshot 7bc042f7-9871-4dde-8bb4-e1dc57b38c9e created
2026-06-24T08:04:47.671Z [HARVEST] Snapshot 88abb15e-2a33-438b-8492-8340f16da151 created
2026-06-24T08:04:47.672Z [HARVEST] Snapshot 1b8329f3-e015-407f-ad93-f706a68ebaf1 created
2026-06-24T08:04:47.673Z [HARVEST] Snapshot d23d2033-19b7-4443-a2d5-1316743ec404 created
2026-06-24T08:04:47.675Z [HARVEST] Snapshot 8526db76-a87e-4383-9235-e293e1bb34a2 created
2026-06-24T08:04:47.676Z [HARVEST] Snapshot 8a4b92c9-ccee-49ba-96ae-228721a2ae2e created
2026-06-24T08:04:47.677Z [HARVEST] Snapshot d7f45457-8978-4f7e-94d7-f785f431ffa7 created
2026-06-24T08:04:47.679Z [HARVEST] Snapshot fd1159f6-46ce-4661-9af6-30f5f34183eb created
2026-06-24T08:04:47.681Z [HARVEST] Snapshot 29239ffd-5bc5-4a9e-8ffd-ef9da0c38cbd created
2026-06-24T08:04:47.682Z [HARVEST] Snapshot dd6ba184-f2eb-43f8-a19c-741720244548 created
2026-06-24T08:04:47.684Z [HARVEST] Snapshot 2f78a288-71d1-443f-8c54-57dfce486fb6 created
2026-06-24T08:04:47.685Z [HARVEST] Snapshot 51bc0a9f-013f-4f61-ab2a-a94caf3ebe52 created
2026-06-24T08:04:47.687Z [HARVEST] Snapshot 62efffc9-c3cd-4705-9a63-93ef334cd66a created
2026-06-24T08:04:47.689Z [HARVEST] Snapshot 7700ce3b-75a1-422a-b991-672ce166d753 created
2026-06-24T08:04:47.691Z [HARVEST] Snapshot c62a0e2c-82cd-4c54-940c-02e08784593f created
2026-06-24T08:04:47.692Z [HARVEST] Snapshot fe5c81d5-64b4-4066-b285-bd609a2f14aa created
2026-06-24T08:04:47.694Z [HARVEST] Snapshot 1cf43deb-a63c-44c8-bc8d-c5efae972408 created
2026-06-24T08:04:47.696Z [HARVEST] Snapshot de1a0767-2e7a-40e5-b578-0f676c85d64b created
2026-06-24T08:04:47.697Z [HARVEST] Snapshot adba44d4-0397-43fc-b1bb-56c740141124 created
2026-06-24T08:04:47.699Z [HARVEST] Snapshot 961779c9-3919-4bc6-9ab7-f2eee207d621 created
2026-06-24T08:04:47.704Z [HARVEST] Snapshot 07258668-1269-4c3c-8277-031da18b3d26 created
2026-06-24T08:04:47.706Z [HARVEST] Snapshot a37afc59-56af-418f-a612-cf24bcc0f979 created
2026-06-24T08:04:47.708Z [HARVEST] Snapshot cd4ac2a3-1492-417b-8259-508f15e0a805 created
2026-06-24T08:04:47.710Z [HARVEST] Snapshot 1bfd5094-aa07-4edc-9956-af758cba6b23 created
2026-06-24T08:04:47.712Z [HARVEST] Snapshot 7ba5e448-d3f3-4056-b972-df1206a0b93c created
2026-06-24T08:04:47.713Z [HARVEST] Snapshot 5e4d5aed-1c71-41ef-96db-e5b5e0d738ac created
2026-06-24T08:04:47.715Z [HARVEST] Snapshot 02e57b6f-a1fd-44a4-babb-01af708c2552 created
2026-06-24T08:04:47.716Z [HARVEST] Snapshot 64ded1ea-6d2f-4136-9108-2cd5cc0e5c2f created
2026-06-24T08:04:47.718Z [HARVEST] Snapshot 1f954dcf-af8f-4224-8418-30798651ac60 created
2026-06-24T08:04:47.720Z [HARVEST] Snapshot 153943d3-8f5a-4cf4-992f-81916602de29 created
2026-06-24T08:04:47.722Z [HARVEST] Snapshot 3672d47e-55df-4d52-9033-f349ff765d36 created
2026-06-24T08:04:47.723Z [HARVEST] Snapshot 4393bef0-5ce3-4d67-adba-b80e4d9bbb09 created
2026-06-24T08:04:47.725Z [HARVEST] Snapshot ba48c4d1-75af-44f7-998c-01dc82ec1e81 created
2026-06-24T08:04:47.727Z [HARVEST] Snapshot f29d5262-29fc-47f0-8834-23491bdeb769 created
2026-06-24T08:04:47.728Z [HARVEST] Snapshot a58c13e3-30da-47f2-a6d1-1587963f9c2e created
2026-06-24T08:04:47.730Z [HARVEST] Snapshot e7405191-7eb2-4e90-b9b6-35814e3feb3f created
2026-06-24T08:04:47.732Z [HARVEST] Snapshot 375cda09-39dd-49c4-ada2-a4c0e2ba7f97 created
2026-06-24T08:04:47.733Z [HARVEST] Snapshot 7004fd00-1fa3-425c-9bf7-735a23f28616 created
2026-06-24T08:04:47.735Z [HARVEST] Snapshot 16304261-1974-4efa-b08f-a03554fc57f3 created
2026-06-24T08:04:47.736Z [HARVEST] Snapshot 2e5af42d-997e-4182-afd8-ac2bde726963 created
2026-06-24T08:04:47.738Z [HARVEST] Snapshot faea383a-023b-4464-991e-e930009803e4 created
2026-06-24T08:04:47.740Z [HARVEST] Snapshot 679f1689-6ae9-4852-b9fa-0d7d236a2d04 created
2026-06-24T08:04:47.742Z [HARVEST] Snapshot 43b5a602-cd2e-4d88-a4e9-083a7d4148de created
2026-06-24T08:04:47.744Z [HARVEST] Snapshot f06ef896-d37e-48c5-9f46-9a32af412c44 created
2026-06-24T08:04:47.745Z [HARVEST] Snapshot b4045648-2ab0-4e9d-bcde-b8e9dd39125c created
2026-06-24T08:04:47.747Z [HARVEST] Snapshot 6e00fa92-19ba-4e5f-9c06-31051ddd8021 created
2026-06-24T08:04:47.749Z [HARVEST] Snapshot 31b7a58c-f6a5-4478-b6ef-a16a62c3f0a6 created
2026-06-24T08:04:47.751Z [HARVEST] Snapshot 3d64f1d1-a468-42fe-b556-5290a0a10d62 created
2026-06-24T08:04:47.753Z [HARVEST] Snapshot 6d802477-6310-453f-97ff-2c65832a1339 created
2026-06-24T08:04:47.755Z [HARVEST] Snapshot 1f1dfde0-ab00-4a85-bf44-ad5d0cf87afe created
2026-06-24T08:04:47.757Z [HARVEST] Snapshot cd95f9a0-dfa0-40d9-9ae0-419ed6a94427 created
2026-06-24T08:04:47.759Z [HARVEST] Snapshot 28c13531-baf7-4b32-91ed-c3794cea202e created
2026-06-24T08:04:47.761Z [HARVEST] Snapshot 62e1af1e-fd55-4df1-8323-0db54d013d05 created
2026-06-24T08:04:47.763Z [HARVEST] Snapshot 6d381424-6ce3-4424-bd65-b4b28fcf42d3 created
2026-06-24T08:04:47.764Z [HARVEST] Snapshot 4bbd8e54-993e-4c60-9379-6ca68db9fde1 created
2026-06-24T08:04:47.766Z [HARVEST] Snapshot a49ccff7-117c-4d54-8380-f740178d5b67 created
2026-06-24T08:04:47.768Z [HARVEST] Snapshot 006c8162-2fc6-488f-8420-059be73696f4 created
2026-06-24T08:04:47.769Z [HARVEST] Snapshot d5a4ea64-5bce-412d-8f6e-c14957f23aab created
2026-06-24T08:04:47.771Z [HARVEST] Snapshot d9864b95-a3f8-4b94-8d96-00dd45e099aa created
2026-06-24T08:04:47.773Z [HARVEST] Snapshot 30bb476e-f33f-44db-91b0-ea51bc2bee66 created
2026-06-24T08:04:47.775Z [HARVEST] Snapshot 56694e07-5954-4fa3-8bff-18525a7da906 created
2026-06-24T08:04:47.776Z [HARVEST] Snapshot 7d821a34-7f2c-4690-bdea-99d926b6adef created
2026-06-24T08:04:47.778Z [HARVEST] Snapshot 1db7f8f5-822e-4c2c-89e7-84babd368949 created
2026-06-24T08:04:47.780Z [HARVEST] Snapshot 1ac3ab6d-65eb-471f-ad02-a7be757b6225 created
2026-06-24T08:04:47.782Z [HARVEST] Snapshot 41cc52ca-453a-4664-81be-91b14d873463 created
2026-06-24T08:04:47.784Z [HARVEST] Snapshot 36d7191f-f6d6-44ad-bbf1-328af2b9b4a0 created
2026-06-24T08:04:47.786Z [HARVEST] Snapshot 1c58dc4d-3b2c-483b-a65f-ff693417b3d3 created
2026-06-24T08:04:47.788Z [HARVEST] Snapshot 2da9cbe8-fd03-4bd4-8ed4-9ff70bd822eb created
2026-06-24T08:04:47.790Z [HARVEST] Snapshot 3f0b431f-3487-41c1-a17f-665bf97f5778 created
2026-06-24T08:04:47.792Z [HARVEST] Snapshot c076ec1d-b4ac-4569-8907-2a171261a1a7 created
2026-06-24T08:04:47.794Z [HARVEST] Snapshot 01dab328-7ba2-48a7-873b-97212f8b85a2 created
2026-06-24T08:04:47.796Z [HARVEST] Snapshot 1be8bc81-b12b-4270-8e80-500f08eceafe created
2026-06-24T08:04:47.798Z [HARVEST] Snapshot 8f538544-b0b1-4956-b6e0-dc1dd25a2336 created
2026-06-24T08:04:47.800Z [HARVEST] Snapshot 3ed33cf7-538b-418c-b874-d6a450011cca created
2026-06-24T08:04:47.802Z [HARVEST] Snapshot 6837a6c5-4c8d-445d-8f67-8c3f5a979f61 created
2026-06-24T08:04:47.803Z [HARVEST] Snapshot 1275cc37-2025-4fd0-9c99-84af73d23513 created
2026-06-24T08:04:47.805Z [HARVEST] Snapshot a54cbdc5-415d-4df1-a9f7-8c312a4b8ba7 created
2026-06-24T08:04:47.807Z [HARVEST] Snapshot a53ccd53-6220-4625-92aa-c14f051ac916 created
2026-06-24T08:04:47.808Z [HARVEST] Snapshot 322bb312-9504-497f-942e-242ce56c2f0a created
2026-06-24T08:04:47.810Z [HARVEST] Snapshot 70898af8-edcd-41aa-8015-02f07999b236 created
2026-06-24T08:04:47.812Z [HARVEST] Snapshot 684dcad7-3a26-4287-8e9c-4fbdac6eeed0 created
2026-06-24T08:04:47.814Z [HARVEST] Snapshot 32fd9ab5-7f47-4209-bfc0-ec1136e0fe20 created
2026-06-24T08:04:47.816Z [HARVEST] Snapshot 2c1b1ad0-b9a1-4bf0-8818-5acde230187e created
2026-06-24T08:04:47.818Z [HARVEST] Snapshot e05082c4-0759-4914-8af4-4c2c90d3776a created
2026-06-24T08:04:47.820Z [HARVEST] Snapshot f6757fc1-f995-4a5d-a8fb-26551b84306f created
2026-06-24T08:04:47.822Z [HARVEST] Snapshot 76c1646d-aba5-4248-b029-e51042fbb045 created
2026-06-24T08:04:47.824Z [HARVEST] Snapshot 7fb000f6-7dd3-43ed-aecd-59991b160d16 created
2026-06-24T08:04:47.826Z [HARVEST] Snapshot 21fb6662-bc6b-4e5f-9e57-b1ded793a57f created
2026-06-24T08:04:47.828Z [HARVEST] Snapshot 5ebca198-ccbe-4820-ab65-ffd64cacc5ee created
2026-06-24T08:04:47.829Z [HARVEST] Snapshot 95a1184e-fe5c-4b8a-a32e-974dc0b32337 created
2026-06-24T08:04:47.831Z [HARVEST] Snapshot 594e3452-0cac-40d5-add6-9620cffa6e37 created
2026-06-24T08:04:47.833Z [HARVEST] Snapshot 522e7a38-d723-4deb-bf9d-80e25975c85e created
2026-06-24T08:04:47.834Z [HARVEST] Snapshot 990e329a-669d-4983-815f-904c733d86a8 created
2026-06-24T08:04:47.836Z [HARVEST] Snapshot c5caa6f2-2dc6-4e7b-a873-a51ae9e95518 created
2026-06-24T08:04:47.838Z [HARVEST] Snapshot c4599e11-fdbd-4fd8-b4d7-250d1597bed0 created
2026-06-24T08:04:47.839Z [HARVEST] Snapshot b329b5ad-7bd0-4028-8c4a-339717dd9959 created
2026-06-24T08:04:47.841Z [HARVEST] Snapshot 6583da3f-3047-48e2-9a12-31622612ec8b created
2026-06-24T08:04:47.843Z [HARVEST] Snapshot 48ba9f89-cba7-4ee2-9162-a6a165ca58c1 created
2026-06-24T08:04:47.845Z [HARVEST] Snapshot 62716542-2847-42c8-8600-5775c27e91cd created
2026-06-24T08:04:47.846Z [HARVEST] Snapshot bbc6e20f-cf7f-42a7-8ad6-f8530c027698 created
2026-06-24T08:04:47.848Z [HARVEST] Snapshot 6c157bef-422f-4f31-b9d1-f09bb3bbf6d5 created
2026-06-24T08:04:47.849Z [HARVEST] Snapshot 9e65c02d-d6c6-49ba-83f3-09a4c43bbc74 created
2026-06-24T08:04:47.851Z [HARVEST] Snapshot e96f8fe1-e7ae-47e6-8007-4a5b5ac54fb5 created
2026-06-24T08:04:47.852Z [HARVEST] Snapshot 9b76e6ed-886d-4aac-b166-bee08f7e8909 created
2026-06-24T08:04:47.854Z [HARVEST] Snapshot 2c1adbbf-571f-49f8-b519-e0553a400110 created
2026-06-24T08:04:47.857Z [HARVEST] Snapshot 93fbf378-45ca-421d-8710-6b2d58f6a8ec created
2026-06-24T08:04:47.859Z [HARVEST] Snapshot 266f727f-0668-4e3e-a757-391dbc824e04 created
2026-06-24T08:04:47.861Z [HARVEST] Snapshot 84d9e0b1-7a20-4308-8bad-829927fb8443 created
2026-06-24T08:04:47.863Z [HARVEST] Snapshot c2bd6c0e-b5ee-4107-842d-dbf7b00d3e6d created
2026-06-24T08:04:47.864Z [HARVEST] Snapshot 57cfa672-0e08-40eb-93eb-48b97aa09331 created
2026-06-24T08:04:47.866Z [HARVEST] Snapshot a2c0155e-744d-4648-a3b3-203cef125fbf created
2026-06-24T08:04:47.868Z [HARVEST] Snapshot 4ee6625c-ae19-4e0f-86ae-068c876fc66e created
2026-06-24T08:04:47.869Z [HARVEST] Snapshot 81820520-cc7c-4e4a-af2e-85bf5ca0d719 created
2026-06-24T08:04:47.871Z [HARVEST] Snapshot 48597729-6a56-45d2-bc6c-87bf3358bb73 created
2026-06-24T08:04:47.873Z [HARVEST] Snapshot 6a4a5894-8ab5-4dee-950d-4bd34ccfe592 created
2026-06-24T08:04:47.875Z [HARVEST] Snapshot 6c8b22a2-8426-46ca-9769-321ee56aff78 created
2026-06-24T08:04:47.877Z [HARVEST] Snapshot 7848bbf1-d77a-4d49-b1a5-3bc7257e10f1 created
2026-06-24T08:04:47.878Z [HARVEST] Snapshot 69e93c16-b657-4784-849d-d69296b8e837 created
2026-06-24T08:04:47.880Z [HARVEST] Snapshot de1951ed-ac03-4764-ac0c-1f5a46df07a3 created
2026-06-24T08:04:47.882Z [HARVEST] Snapshot 9e6c470b-aa64-489d-95ef-90ea81447bcf created
2026-06-24T08:04:47.886Z [HARVEST] Snapshot def0c687-252b-4761-af5f-c5f41b0d3a68 created
2026-06-24T08:04:47.888Z [HARVEST] Snapshot f708240d-054e-4267-9fa4-88dfa668287a created
2026-06-24T08:04:47.890Z [HARVEST] Snapshot 618abd94-ff51-40c9-b33d-786396d74e93 created
2026-06-24T08:04:47.893Z [HARVEST] Snapshot 87e50fc5-d422-4156-ac2f-d6aa9ae5fee8 created
2026-06-24T08:04:47.894Z [HARVEST] Snapshot b27244f1-758e-4f9f-90eb-8422ee37ddba created
2026-06-24T08:04:47.896Z [HARVEST] Snapshot c81d7670-8cf4-4843-aad0-f5d118a581ac created
2026-06-24T08:04:47.898Z [HARVEST] Snapshot f4b210f4-0b7c-425a-a8c3-5a827a78970c created
2026-06-24T08:04:47.900Z [HARVEST] Snapshot 5cdba7de-c6fe-4198-bed4-67b303ba0fe6 created
2026-06-24T08:04:47.902Z [HARVEST] Snapshot 0dcbfff1-9548-421c-8ba9-b0e61486f1d6 created
2026-06-24T08:04:47.904Z [HARVEST] Snapshot 1277ab8f-0662-4845-af5c-0e8b8dc0b167 created
2026-06-24T08:04:47.905Z [HARVEST] Snapshot 2762c0de-7ce1-4b43-8cc0-caaa0ae22e06 created
2026-06-24T08:04:47.907Z [HARVEST] Snapshot cacb748d-82a0-4825-9e25-0d33037c7e5f created
2026-06-24T08:04:47.909Z [HARVEST] Snapshot 21fb167b-80e1-4912-8b16-eec03ff952cf created
2026-06-24T08:04:47.911Z [HARVEST] Snapshot 86853f5f-d8cc-410f-98d6-e95fd96c3529 created
2026-06-24T08:04:47.913Z [HARVEST] Snapshot c9b6f98e-5192-40be-a4fa-042d3724cfb6 created
2026-06-24T08:04:47.915Z [HARVEST] Snapshot 2e81d650-d11b-479e-ae6d-ef3ee74d4d75 created
2026-06-24T08:04:47.916Z [HARVEST] Snapshot c7d81011-ea2a-4216-ae95-f88afd3e959c created
2026-06-24T08:04:47.918Z [HARVEST] Snapshot 14c3312e-67f1-433a-a33b-453a4fe4a6cb created
2026-06-24T08:04:47.920Z [HARVEST] Snapshot 25db1a8b-8e68-46ab-9f3f-0d33a3f5dcca created
2026-06-24T08:04:47.922Z [HARVEST] Snapshot 657ba047-a40a-4642-bbbd-ed6093c2d5ad created
2026-06-24T08:04:47.924Z [HARVEST] Snapshot 98bd8524-0ab0-401a-a09f-6f76592e0f62 created
2026-06-24T08:04:47.925Z [HARVEST] Snapshot 24c235e3-e765-4a62-8c2d-edd4a61848e4 created
2026-06-24T08:04:47.927Z [HARVEST] Snapshot 063a584b-d806-41d5-9cdb-8b8ae2318766 created
2026-06-24T08:04:47.929Z [HARVEST] Snapshot ef3319fd-dbcc-448b-bd46-d02789a7f406 created
2026-06-24T08:04:47.931Z [HARVEST] Snapshot 7c4ca8d7-073c-4661-9d26-f9b8f00b361c created
2026-06-24T08:04:47.933Z [HARVEST] Snapshot 282dee1a-e0f8-4071-800c-9f595f7f59e7 created
2026-06-24T08:04:47.935Z [HARVEST] Snapshot 4cd3ae37-b511-418a-a4e8-b5d3e30407c8 created
2026-06-24T08:04:47.937Z [HARVEST] Snapshot 40d544f3-4cd4-4b24-9425-7936cb05016c created
2026-06-24T08:04:47.939Z [HARVEST] Snapshot 1dc11b58-2c1f-4ba3-928b-12f4d5f3430c created
2026-06-24T08:04:47.941Z [HARVEST] Snapshot 29e49433-b43c-42e1-b618-ee97f47fa28c created
2026-06-24T08:04:47.943Z [HARVEST] Snapshot a429272f-6cf6-4fb6-b7d6-8d1effc7ee80 created
2026-06-24T08:04:47.945Z [HARVEST] Snapshot 4ca8df49-3389-4cbc-8529-da39f7bba11c created
2026-06-24T08:04:47.947Z [HARVEST] Snapshot b3b37267-1e19-4b47-804f-55d0509c79ac created
2026-06-24T08:04:47.949Z [HARVEST] Snapshot 6ec84403-0a90-43f1-a8ea-c19f7e991259 created
2026-06-24T08:04:47.951Z [HARVEST] Snapshot 97eff9db-e3bd-40ef-99e1-a81eda7d9c33 created
2026-06-24T08:04:47.953Z [HARVEST] Snapshot 717f1b1d-9813-4576-977c-fa1d199fee1e created
2026-06-24T08:04:47.955Z [HARVEST] Snapshot b150f154-09b2-4913-bb12-2409d9eb1b52 created
2026-06-24T08:04:47.957Z [HARVEST] Snapshot 3e237755-9f54-472e-98e6-9fce2657b7ec created
2026-06-24T08:04:47.964Z [HARVEST] Snapshot 653a59be-cd29-44c7-9f5c-f0be896284bd created
2026-06-24T08:04:47.965Z [HARVEST] Snapshot 115f429f-e072-403b-bab2-a467695768d3 created
2026-06-24T08:04:47.967Z [HARVEST] Snapshot efa00824-f731-4a95-b926-ffe448b09590 created
2026-06-24T08:04:47.969Z [HARVEST] Snapshot 1e9f414a-37dc-4280-844c-043e7ab10c9d created
2026-06-24T08:04:47.970Z [HARVEST] Snapshot d256030f-61ca-4a04-9a16-eabfa60e0ecf created
2026-06-24T08:04:47.972Z [HARVEST] Snapshot a99d58e0-fc96-4180-b596-20e9e4fc7ada created
2026-06-24T08:04:47.974Z [HARVEST] Snapshot e0dbadb5-9668-4e3f-a257-1c3e1f24d6c2 created
2026-06-24T08:04:47.976Z [HARVEST] Snapshot d1dd7f0f-759c-4510-a352-ef7e17b57613 created
2026-06-24T08:04:47.978Z [HARVEST] Snapshot bdf9ec6f-21e7-436e-b334-b2a060d76fcb created
2026-06-24T08:04:47.979Z [HARVEST] Snapshot 9f53a2d7-640f-4b80-98ab-b0b0d8c0f9fe created
2026-06-24T08:04:47.981Z [HARVEST] Snapshot 73fc5132-1279-41c1-a914-f97614d07fb6 created
2026-06-24T08:04:47.983Z [HARVEST] Snapshot 3bc27048-6441-437e-90ca-64e56b8c3bcb created
2026-06-24T08:04:47.984Z [HARVEST] Snapshot 07a733e7-cfdd-4d36-97bf-5f4f44afd2fc created
2026-06-24T08:04:47.986Z [HARVEST] Snapshot 9b76f653-44d3-4fa7-af28-27553c3bb434 created
2026-06-24T08:04:47.988Z [HARVEST] Snapshot 2d237832-af0a-43c1-af0f-972f8db2ceb6 created
2026-06-24T08:04:47.990Z [HARVEST] Snapshot 2588e575-ca4b-4ddf-af75-8043ba8b312d created
2026-06-24T08:04:47.992Z [HARVEST] Snapshot b5c6b53b-5a6f-4293-b09a-27633b9f26a5 created
2026-06-24T08:04:47.993Z [HARVEST] Snapshot 73bd7145-e81b-4e2b-a460-6d3ffaba6530 created
2026-06-24T08:04:47.995Z [HARVEST] Snapshot 9807150b-0f03-47f8-811b-ac70f8bc7d4a created
2026-06-24T08:04:47.997Z [HARVEST] Snapshot edabb14a-881b-4e9f-9c54-e5dba32041cb created
2026-06-24T08:04:47.999Z [HARVEST] Snapshot 9310f7e9-4a8c-47e1-9bb3-1a28d69364ab created
2026-06-24T08:04:48.001Z [HARVEST] Snapshot e7a92cfb-528a-47d7-ba25-df054d45f2c4 created
2026-06-24T08:04:48.003Z [HARVEST] Snapshot ba58fbd4-b110-43fd-a5d7-f71eaf2a17a0 created
2026-06-24T08:04:48.005Z [HARVEST] Snapshot 8a8ab03a-b7f4-465d-879f-42e1093d079b created
2026-06-24T08:04:48.007Z [HARVEST] Snapshot 837750e7-148e-4661-8062-a5e40833c47b created
2026-06-24T08:04:48.009Z [HARVEST] Snapshot d766c513-8f55-4d7c-81b4-86e39ca4fa20 created
2026-06-24T08:04:48.011Z [HARVEST] Snapshot 56734bcf-a848-49be-afbf-17f1b847ea8c created
2026-06-24T08:04:48.013Z [HARVEST] Snapshot a87db058-e2ba-43c0-867b-faaabcd8070d created
2026-06-24T08:04:48.015Z [HARVEST] Snapshot 414b451f-9dd6-4610-b80a-73f2d30a9a4e created
2026-06-24T08:04:48.017Z [HARVEST] Snapshot 54c287c4-2457-455f-b0f8-67f0aa996d79 created
2026-06-24T08:04:48.019Z [HARVEST] Snapshot 3d51388f-4159-4473-aa8f-10bc0442f595 created
2026-06-24T08:04:48.020Z [HARVEST] Snapshot 3ac59791-fa7e-4f94-a078-465fcbd59ccd created
2026-06-24T08:04:48.022Z [HARVEST] Snapshot 566a2a49-25e4-4847-a768-4b4a92f2aeaa created
2026-06-24T08:04:48.024Z [HARVEST] Snapshot a77a8a48-38b8-4ea4-868e-b675789bc416 created
2026-06-24T08:04:48.026Z [HARVEST] Snapshot 8a505f5b-faf4-4e29-b0af-3b29dd66305b created
2026-06-24T08:04:48.028Z [HARVEST] Snapshot a9e7f23d-b782-4f7c-b3d1-38492ad55d38 created
2026-06-24T08:04:48.029Z [HARVEST] Snapshot e5e3658f-0d09-46b7-be5f-fcf85ddfe25c created
2026-06-24T08:04:48.031Z [HARVEST] Snapshot 2e83e072-1b7f-4669-9134-4a0dd44cfd5b created
2026-06-24T08:04:48.033Z [HARVEST] Snapshot 311fb4d8-44ae-48f7-8831-f683f165d251 created
2026-06-24T08:04:48.035Z [HARVEST] Snapshot 7d858121-920e-4391-a7fd-3b5c462e5c9f created
2026-06-24T08:04:48.036Z [HARVEST] Snapshot fdf7b549-742e-4e9e-bb79-c70ef9c504dd created
2026-06-24T08:04:48.038Z [HARVEST] Snapshot f9d9055f-7cb5-41e1-bad2-209a8dd3ccf4 created
2026-06-24T08:04:48.040Z [HARVEST] Snapshot 1b3db562-a568-4e7c-9353-09e13fb7b82f created
2026-06-24T08:04:48.042Z [HARVEST] Snapshot 02552395-6571-4d53-80b6-d0e7ff906365 created
2026-06-24T08:04:48.044Z [HARVEST] Snapshot 046700fa-86bf-408f-acc1-880e3de66fb0 created
2026-06-24T08:04:48.046Z [HARVEST] Snapshot 3a7ffd82-123c-480d-b554-99ccf44434ea created
2026-06-24T08:04:48.048Z [HARVEST] Snapshot 0f95f42a-1722-4091-ac28-19cb1629d742 created
2026-06-24T08:04:48.050Z [HARVEST] Snapshot 01f25fb1-81de-40c2-8a10-99a73bb14fa4 created
2026-06-24T08:04:48.053Z [HARVEST] Snapshot b4ebeebc-6a0a-4d4b-b302-6a2486f0f434 created
2026-06-24T08:04:48.055Z [HARVEST] Snapshot f74545eb-063d-4cd9-a6b1-bccb0f44b191 created
2026-06-24T08:04:48.056Z [HARVEST] Snapshot 43e48609-1adc-461b-847f-82c026fdecd3 created
2026-06-24T08:04:48.058Z [HARVEST] Snapshot 6778523b-f5ad-4d39-8715-a898ee968b5f created
2026-06-24T08:04:48.061Z [HARVEST] Snapshot 3bf2d0e3-2aba-41c2-8a5f-e3c85eabf9e9 created
2026-06-24T08:04:48.063Z [HARVEST] Snapshot 9ab99f35-9ddf-4347-8f85-60aa28393717 created
2026-06-24T08:04:48.065Z [HARVEST] Snapshot e0eb762b-43ca-4689-8d88-8d7b4b6ad580 created
2026-06-24T08:04:48.067Z [HARVEST] Snapshot 3b0f2af9-e6a5-4499-83c0-cf1870fa87f7 created
2026-06-24T08:04:48.068Z [HARVEST] Snapshot 692fdcf9-da79-4e50-9382-75ad94bb5ad3 created
2026-06-24T08:04:48.070Z [HARVEST] Snapshot 68c827ad-f29e-4bd2-be1f-e2ea1679f36c created
2026-06-24T08:04:48.072Z [HARVEST] Snapshot 7af76f1e-453e-4c3e-b9ea-99f20e7cdc09 created
2026-06-24T08:04:48.074Z [HARVEST] Snapshot 08d18de9-49ab-4a5e-b8e6-6096c78b9881 created
2026-06-24T08:04:48.076Z [HARVEST] Snapshot 0afb4888-cda7-4a23-9d95-b2aa2128ac46 created
2026-06-24T08:04:48.078Z [HARVEST] Snapshot 2cb8e36b-9946-4a52-81be-a84e77575696 created
2026-06-24T08:04:48.082Z [HARVEST] Snapshot 6ca983dd-63fc-4695-ac80-6f8e4c8392d9 created
2026-06-24T08:04:48.084Z [HARVEST] Snapshot 1e33da64-45e1-4117-9415-d61150f1e873 created
2026-06-24T08:04:48.086Z [HARVEST] Snapshot 2ee00059-abb4-4fa8-9be8-98e4539cbea8 created
2026-06-24T08:04:48.088Z [HARVEST] Snapshot 6f24b4ae-8ef5-4797-8b52-0fd78685e649 created
2026-06-24T08:04:48.090Z [HARVEST] Snapshot 25977282-a5c1-4bc6-ac58-a7cfbd08e1bb created
2026-06-24T08:04:48.092Z [HARVEST] Snapshot ec051e2a-6873-4249-874b-e2a040b6f368 created
2026-06-24T08:04:48.094Z [HARVEST] Snapshot a33a5d36-8388-4f2d-8341-0a46abf1dbd3 created
2026-06-24T08:04:48.096Z [HARVEST] Snapshot c0cd4ff4-c898-4916-b092-7c964f91f324 created
2026-06-24T08:04:48.098Z [HARVEST] Snapshot b795aef4-0ef9-41dc-a8a3-54d275092d93 created
2026-06-24T08:04:48.100Z [HARVEST] Snapshot 5ff54949-3010-4ac3-a766-1ecbd4cd88ec created
2026-06-24T08:04:48.102Z [HARVEST] Snapshot 7945e04a-e1d2-4cd4-a6b4-01c231efca45 created
2026-06-24T08:04:48.104Z [HARVEST] Snapshot 61e3c1fb-0c2f-42d2-83d0-be6bd6d263fd created
2026-06-24T08:04:48.106Z [HARVEST] Snapshot 536823dc-1786-4e84-a121-54ea51f1c069 created
2026-06-24T08:04:48.108Z [HARVEST] Snapshot 01d29847-42a5-45ae-b7e6-765ad9b1eaff created
2026-06-24T08:04:48.110Z [HARVEST] Snapshot e99563be-bb56-4b74-92f5-f8d2db769c95 created
2026-06-24T08:04:48.112Z [HARVEST] Snapshot feb64201-a7fe-4b9b-9c9b-747c9519f75f created
2026-06-24T08:04:48.114Z [HARVEST] Snapshot 10613d01-1f05-4fe8-bb26-0533c1b0bfe5 created
2026-06-24T08:04:48.116Z [HARVEST] Snapshot e73f0bca-6565-4d4e-a47f-f7b82910a3f1 created
2026-06-24T08:04:48.118Z [HARVEST] Snapshot f4e8b0ce-c2c7-4bb1-9b84-2cd7c020e23a created
2026-06-24T08:04:48.120Z [HARVEST] Snapshot fed393cb-e23b-4891-874e-0b9ac777646d created
2026-06-24T08:04:48.123Z [HARVEST] Snapshot dc9fbf6e-82ce-40bd-a260-332507184fbc created
2026-06-24T08:04:48.124Z [HARVEST] Snapshot 699d2465-fd6d-4cae-8005-664141ce01c9 created
2026-06-24T08:04:48.126Z [HARVEST] Snapshot 1528294f-6698-47a0-89ae-1adfa0082716 created
2026-06-24T08:04:48.128Z [HARVEST] Snapshot 070aeb59-b499-406f-baf5-563137225e03 created
2026-06-24T08:04:48.130Z [HARVEST] Snapshot 2418f1b8-2906-4a1f-a16b-9b143692d795 created
2026-06-24T08:04:48.132Z [HARVEST] Snapshot 236866cc-ba76-4cdc-82a9-f7a1a540e14b created
2026-06-24T08:04:48.134Z [HARVEST] Snapshot 818e0416-2637-42ab-8b99-8f5061d802af created
2026-06-24T08:04:48.136Z [HARVEST] Snapshot 061278a0-b842-45d4-8663-de7c1ad4d0cc created
2026-06-24T08:04:48.138Z [HARVEST] Snapshot 5984dd44-f21e-4e6d-b8ad-58fdbf0af493 created
2026-06-24T08:04:48.140Z [HARVEST] Snapshot 028eb477-1e87-41cd-9ca6-1c33bdc1ad7d created
2026-06-24T08:04:48.142Z [HARVEST] Snapshot 0b773de1-82f6-4e67-8314-5cff0c20750a created
2026-06-24T08:04:48.144Z [HARVEST] Snapshot bf7e0e85-1a41-418d-a604-f29b000126ab created
2026-06-24T08:04:48.146Z [HARVEST] Snapshot cfb97ce9-394e-4a71-b4b3-9941b04cec67 created
2026-06-24T08:04:48.148Z [HARVEST] Snapshot 634fe5cd-7bb6-43cd-80b2-381f417f8ac5 created
2026-06-24T08:04:48.150Z [HARVEST] Snapshot 76e9764f-b809-4346-8aba-65102d827430 created
2026-06-24T08:04:48.152Z [HARVEST] Snapshot 90a16feb-7c26-4aa0-982f-2464fbac4a38 created
2026-06-24T08:04:48.154Z [HARVEST] Snapshot 7f91a6f7-f209-43a0-b79f-9f27eb3679bb created
2026-06-24T08:04:48.156Z [HARVEST] Snapshot 105fe181-b696-4bf0-b515-e7b054fd63d3 created
2026-06-24T08:04:48.158Z [HARVEST] Snapshot ac3c131e-4278-4446-8acf-c34d4bd80d14 created
2026-06-24T08:04:48.160Z [HARVEST] Snapshot ddcc10a3-a341-4f1f-a995-34955c493a13 created
2026-06-24T08:04:48.162Z [HARVEST] Snapshot 6f6e1a95-1be8-4bfc-9865-21c1eca2bdd5 created
2026-06-24T08:04:48.164Z [HARVEST] Snapshot 8635f9b3-56d1-4219-aecf-6c92e4af52ea created
2026-06-24T08:04:48.166Z [HARVEST] Snapshot a54374b2-1897-42b6-861a-376927bdf2fd created
2026-06-24T08:04:48.168Z [HARVEST] Snapshot 69bc644b-ac8b-4729-b99d-27f6a09573d5 created
2026-06-24T08:04:48.170Z [HARVEST] Snapshot 5d87a4f2-7d31-48db-9a13-d2a019d9e5bf created
2026-06-24T08:04:48.172Z [HARVEST] Snapshot 45434a50-0ad1-4331-99af-41a8ebdb626c created
2026-06-24T08:04:48.174Z [HARVEST] Snapshot 7231ae66-85b4-4644-b852-2f69e4c829bf created
2026-06-24T08:04:48.176Z [HARVEST] Snapshot b2e8f895-5e0c-46e5-bd24-61ed67da4a57 created
2026-06-24T08:04:48.178Z [HARVEST] Snapshot eccff029-6e14-4a1f-8475-29a45c9365b1 created
2026-06-24T08:04:48.180Z [HARVEST] Snapshot 02b7dc66-86e8-4b12-a131-99b357a3997b created
2026-06-24T08:04:48.182Z [HARVEST] Snapshot fd1a180a-01e1-4f44-bd81-f76a5fc6bbea created
2026-06-24T08:04:48.184Z [HARVEST] Snapshot 4adc81c2-da35-4964-b145-2984785833b2 created
2026-06-24T08:04:48.186Z [HARVEST] Snapshot e54d5d88-1f1b-4fe0-8ea7-a7e5a2d9704b created
2026-06-24T08:04:48.193Z [HARVEST] Snapshot bee588ed-aaac-4ed7-8d37-0aaaaf8dadc8 created
2026-06-24T08:04:48.195Z [HARVEST] Snapshot 84c4b0d3-ed39-4202-8990-f07ba2b618c4 created
2026-06-24T08:04:48.197Z [HARVEST] Snapshot e60221aa-9450-4dd9-9b2f-c5f7e75a79c4 created
2026-06-24T08:04:48.200Z [HARVEST] Snapshot 541a10ce-d74b-496e-a3bc-38dd3e765100 created
2026-06-24T08:04:48.202Z [HARVEST] Snapshot d6206348-f91b-4680-aff8-00f01a4e4d18 created
2026-06-24T08:04:48.204Z [HARVEST] Snapshot b5c71af2-b2a2-425e-ba89-15cb1c67f5ce created
2026-06-24T08:04:48.206Z [HARVEST] Snapshot 7f9c98d1-9990-45bd-9151-6062e0bf4c1b created
2026-06-24T08:04:48.209Z [HARVEST] Snapshot 8ed4d781-9afd-4258-a30e-d81fac3dc3aa created
2026-06-24T08:04:48.210Z [HARVEST] Snapshot 2bf3490b-adef-4c48-aecb-f01775693217 created
2026-06-24T08:04:48.212Z [HARVEST] Snapshot 86ff8c2a-6e2c-46c4-b548-c22f4ef4d55e created
2026-06-24T08:04:48.214Z [HARVEST] Snapshot 3219348f-5e33-4768-950b-a41e2d0fd455 created
2026-06-24T08:04:48.216Z [HARVEST] Snapshot af1c559b-237a-44b1-9eb9-12f6f8b81a67 created
2026-06-24T08:04:48.218Z [HARVEST] Snapshot d92ee05b-42f8-445a-8bc7-5d0385acc17c created
2026-06-24T08:04:48.220Z [HARVEST] Snapshot 7d76a64b-3094-499c-9203-bee3acae92a3 created
2026-06-24T08:04:48.223Z [HARVEST] Snapshot f8064ab2-e851-4012-97f8-4999af40fd13 created
2026-06-24T08:04:48.225Z [HARVEST] Snapshot 9b0ead79-cc4e-4f40-a99a-d2c00e26f2c8 created
2026-06-24T08:04:48.227Z [HARVEST] Snapshot 01b95e53-cd4a-4c04-9d66-9bd3a1a30062 created
2026-06-24T08:04:48.229Z [HARVEST] Snapshot a2b09e19-f928-4d60-a5c9-c97926a42622 created
2026-06-24T08:04:48.231Z [HARVEST] Snapshot 2df9b694-9ba1-4fff-95c7-5656288c3010 created
2026-06-24T08:04:48.233Z [HARVEST] Snapshot 996d7d68-4ffa-4c39-88f8-ceaa91b205ad created
2026-06-24T08:04:48.235Z [HARVEST] Snapshot d164d6f9-f3d8-4978-adcb-d7fa05a88eef created
2026-06-24T08:04:48.237Z [HARVEST] Snapshot b7df1604-314b-47df-ba3e-8f192edb0d39 created
2026-06-24T08:04:48.239Z [HARVEST] Snapshot 0527a2e2-4303-4210-898a-6e672a5ea628 created
2026-06-24T08:04:48.241Z [HARVEST] Snapshot dc7e862b-6ca2-4ad8-a1d5-2beae20b19e5 created
2026-06-24T08:04:48.243Z [HARVEST] Snapshot 5bfa6161-8874-42f3-8c8f-1df1cb72d81a created
2026-06-24T08:04:48.245Z [HARVEST] Snapshot a6a3f21a-7ad2-45cb-bdeb-41430d2f151c created
2026-06-24T08:04:48.247Z [HARVEST] Snapshot 86e08460-4869-468d-a971-619f02a636d0 created
2026-06-24T08:04:48.249Z [HARVEST] Snapshot cfce9034-0274-439a-847d-c209c60542e1 created
2026-06-24T08:04:48.251Z [HARVEST] Snapshot aebaf481-c1ee-4aaf-afae-f88d358d9691 created
2026-06-24T08:04:48.254Z [HARVEST] Snapshot e5cdd47a-6c63-47ca-9ef4-1e237d7b6a27 created
2026-06-24T08:04:48.255Z [HARVEST] Snapshot dd21c537-250c-439c-9211-e73789603c36 created
2026-06-24T08:04:48.257Z [HARVEST] Snapshot bb04bb13-750f-4772-9b14-6cec9ff94b83 created
2026-06-24T08:04:48.259Z [HARVEST] Snapshot 298f6288-95fc-4f6f-85e0-6fb94078ca2e created
2026-06-24T08:04:48.261Z [HARVEST] Snapshot fe58e3c6-0b95-4038-b00b-8b9ca9610ffd created
2026-06-24T08:04:48.263Z [HARVEST] Snapshot adcd7d60-3503-4b66-b896-6e54f0b9c3eb created
2026-06-24T08:04:48.265Z [HARVEST] Snapshot 75784901-fd81-4c11-adbd-d34f05bb3b46 created
2026-06-24T08:04:48.267Z [HARVEST] Snapshot bfe38e5e-e8e8-4aba-8c30-0fc68cb5cb9b created
2026-06-24T08:04:48.269Z [HARVEST] Snapshot 6117f43c-e0ac-4359-a4f3-ce10c4545b87 created
2026-06-24T08:04:48.271Z [HARVEST] Snapshot b009cd02-62d6-43c3-bac5-5f8f9413db30 created
2026-06-24T08:04:48.273Z [HARVEST] Snapshot 56e4b9b9-ca16-4b67-97c2-1e9cd6a4ca48 created
2026-06-24T08:04:48.275Z [HARVEST] Snapshot 57b66742-54ee-4c81-a1dd-03838f59336f created
2026-06-24T08:04:48.277Z [HARVEST] Snapshot c8137192-2eae-4cf0-b7df-df22a581005c created
2026-06-24T08:04:48.280Z [HARVEST] Snapshot e1fee832-4dd9-4060-91b8-9f153357e1f9 created
2026-06-24T08:04:48.282Z [HARVEST] Snapshot 4b8a866e-f30c-49f0-be7e-e6951c5a4441 created
2026-06-24T08:04:48.284Z [HARVEST] Snapshot 348a1a17-5bb0-453e-94dd-1ff1a51c9305 created
2026-06-24T08:04:48.286Z [HARVEST] Snapshot 74c2b22f-afec-417b-b409-754c8a1a02b5 created
2026-06-24T08:04:48.289Z [HARVEST] Snapshot 7135e266-8587-4ab2-8ab2-0bdf643a090e created
2026-06-24T08:04:48.293Z [HARVEST] Snapshot c13f974f-19c1-4404-93ba-377b4e26eb51 created
2026-06-24T08:04:48.296Z [HARVEST] Snapshot 6161bab4-be04-49d0-832a-6d947f90db18 created
2026-06-24T08:04:48.298Z [HARVEST] Snapshot 4b5970be-0a2a-439d-b886-9785dd88e9f2 created
2026-06-24T08:04:48.300Z [HARVEST] Snapshot 492f80c8-3f6c-4b34-923f-a664d330f520 created
2026-06-24T08:04:48.303Z [HARVEST] Snapshot 0eea2851-2249-48fa-8eb8-188ef5895ba9 created
2026-06-24T08:04:48.305Z [HARVEST] Snapshot 093c3fca-230c-4844-90e5-c2ab4462d23e created
2026-06-24T08:04:48.307Z [HARVEST] Snapshot 6ee39e68-2ebd-4748-a56f-7a17768f0d24 created
2026-06-24T08:04:48.309Z [HARVEST] Snapshot f9f2cddf-9afb-420e-9458-332230add487 created
2026-06-24T08:04:48.311Z [HARVEST] Snapshot 079fda43-a923-4407-85f6-85e8fe9f73eb created
2026-06-24T08:04:48.313Z [HARVEST] Snapshot 85945a1f-c826-436f-9fd3-859e99e16cb7 created
2026-06-24T08:04:48.315Z [HARVEST] Snapshot ffb03268-11d6-4fff-b5fd-8d3a2e9196b5 created
2026-06-24T08:04:48.318Z [HARVEST] Snapshot c1449561-b7f2-4374-ac91-c85c5193c7fb created
2026-06-24T08:04:48.320Z [HARVEST] Snapshot 7bb5cc8a-dd44-4960-8f5f-3f046a38d677 created
2026-06-24T08:04:48.323Z [HARVEST] Snapshot ba7ff7ad-624e-42bb-8f81-9bb3dab34503 created
2026-06-24T08:04:48.324Z [HARVEST] Snapshot d8cf2cce-e874-48e0-8391-e85f2edd7cd5 created
2026-06-24T08:04:48.326Z [HARVEST] Snapshot b0c5eeaa-2fc8-45b7-a785-3eecb1c6ce44 created
2026-06-24T08:04:48.329Z [HARVEST] Snapshot 09017808-5bfb-4678-b612-7ee7888aefa9 created
2026-06-24T08:04:48.330Z [HARVEST] Snapshot 60a12f41-e949-4fbb-b951-a1470c657a97 created
2026-06-24T08:04:48.333Z [HARVEST] Snapshot 93bbe84a-b01c-4e77-9ecc-141a4d0faf5c created
2026-06-24T08:04:48.335Z [HARVEST] Snapshot 27183d31-b94c-4a63-b1f9-2ed907d93f2f created
2026-06-24T08:04:48.337Z [HARVEST] Snapshot 4477bb46-afde-4539-8597-eb1e88d6a149 created
2026-06-24T08:04:48.339Z [HARVEST] Snapshot 335fde9a-01df-49b1-9961-a3e2287e2b36 created
2026-06-24T08:04:48.342Z [HARVEST] Snapshot cd391add-ae02-4c7e-a93c-21940a534201 created
2026-06-24T08:04:48.344Z [HARVEST] Snapshot 9808996c-b05d-4ad8-8a91-21a899d6d246 created
2026-06-24T08:04:48.346Z [HARVEST] Snapshot 9a0aa62d-4689-4eb3-92dd-7f6b92bc4470 created
2026-06-24T08:04:48.348Z [HARVEST] Snapshot 79b0fb86-072c-443e-9469-013df2a7d401 created
2026-06-24T08:04:48.350Z [HARVEST] Snapshot 6a5e298d-8ab6-48b0-bcb0-f6ed16623be3 created
2026-06-24T08:04:48.352Z [HARVEST] Snapshot 2a49d710-6026-4409-8a60-5aede42548c9 created
2026-06-24T08:04:48.354Z [HARVEST] Snapshot 9c24b4bb-4973-449e-9628-4790c7650cc0 created
2026-06-24T08:04:48.356Z [HARVEST] Snapshot 8ec0a378-4982-4736-a7aa-fd71086e678a created
2026-06-24T08:04:48.358Z [HARVEST] Snapshot 393176bb-b7df-4ebd-91a5-2a28e5a6afdd created
2026-06-24T08:04:48.361Z [HARVEST] Snapshot 23648adc-c277-48cd-a236-dec2c1b26afe created
2026-06-24T08:04:48.363Z [HARVEST] Snapshot f3a41d40-14c5-4f36-9274-35e1f381e189 created
2026-06-24T08:04:48.365Z [HARVEST] Snapshot 05fe61e0-a463-4143-8cca-364f7788a9f7 created
2026-06-24T08:04:48.367Z [HARVEST] Snapshot a80f7ca2-7379-4f3a-8fea-a9631ede89aa created
2026-06-24T08:04:48.369Z [HARVEST] Snapshot d0049847-5206-467e-9059-f0d36d857ab6 created
2026-06-24T08:04:48.372Z [HARVEST] Snapshot b749b56f-155a-4435-90e1-832662479f7d created
2026-06-24T08:04:48.374Z [HARVEST] Snapshot 407319f7-72c1-44b7-9e32-5931c3cc9f50 created
2026-06-24T08:04:48.376Z [HARVEST] Snapshot 5074adeb-19ab-4cac-87a6-6c66219e5a50 created
2026-06-24T08:04:48.378Z [HARVEST] Snapshot 8aa76843-4023-4bb0-ab50-e7a6af42749c created
2026-06-24T08:04:48.381Z [HARVEST] Snapshot 891bec2e-9e86-4cf9-bd33-baf29f9e1ca8 created
2026-06-24T08:04:48.383Z [HARVEST] Snapshot b638153d-a4d3-41fb-803b-c65c18c5b155 created
2026-06-24T08:04:48.385Z [HARVEST] Snapshot 4bc6a055-ce9d-4401-a021-2eb3d6bee3b1 created
2026-06-24T08:04:48.388Z [HARVEST] Snapshot dbc0b736-c2db-4cea-8c07-82719568c0cf created
2026-06-24T08:04:48.394Z [HARVEST] Snapshot 9461b419-2ef8-4dd6-a5b0-c3b8ee4976f2 created
2026-06-24T08:04:48.397Z [HARVEST] Snapshot d2eb953a-ed73-4d78-be69-cd9da8df473e created
2026-06-24T08:04:48.399Z [HARVEST] Snapshot 96ce9e41-7b68-4691-815e-35825bea3495 created
2026-06-24T08:04:48.402Z [HARVEST] Snapshot 91258477-cdd2-434f-b2ff-edf69d248505 created
2026-06-24T08:04:48.404Z [HARVEST] Snapshot 3ed2142a-c76c-4e6e-8a16-094b0b858d88 created
2026-06-24T08:04:48.406Z [HARVEST] Snapshot 5fe902ee-bc3c-4a88-a567-fd8998ca5065 created
2026-06-24T08:04:48.408Z [HARVEST] Snapshot ff492a56-12cd-4f9c-8b7c-68a577471440 created
2026-06-24T08:04:48.410Z [HARVEST] Snapshot ce3527e7-d6e9-4f46-9092-40aef70c02dd created
2026-06-24T08:04:48.412Z [HARVEST] Snapshot 274c6f82-6824-4a78-b54c-537682349736 created
2026-06-24T08:04:48.414Z [HARVEST] Snapshot 5f4dce34-69fa-4a17-a2f3-890a976cf677 created
2026-06-24T08:04:48.416Z [HARVEST] Snapshot f552efcc-5c6d-4c35-9da8-19c877865670 created
2026-06-24T08:04:48.418Z [HARVEST] Snapshot f81a1314-67ee-409f-89ba-55b1ee9c9967 created
2026-06-24T08:04:48.420Z [HARVEST] Snapshot 52d37403-aa5c-4b37-a09c-9ca623029c30 created
2026-06-24T08:04:48.422Z [HARVEST] Snapshot 3315b0c7-382c-4c01-b66c-d03ce221a0ae created
2026-06-24T08:04:48.425Z [HARVEST] Snapshot ffa5f7db-525f-4972-9b7b-3a3e4afc8bfd created
2026-06-24T08:04:48.427Z [HARVEST] Snapshot 552a024d-2691-4bb9-840d-12d82b100a48 created
2026-06-24T08:04:48.428Z [HARVEST] Snapshot 6df5f732-b43a-40a1-85fd-bcb91cdb6506 created
2026-06-24T08:04:48.431Z [HARVEST] Snapshot 7543ff38-f31e-40ae-8c9f-d5e24d6ed760 created
2026-06-24T08:04:48.433Z [HARVEST] Snapshot c02c1159-80ad-432f-b453-9b2303dce8b5 created
2026-06-24T08:04:48.435Z [HARVEST] Snapshot 9288c208-af83-4446-a57d-0034e9464c95 created
2026-06-24T08:04:48.437Z [HARVEST] Snapshot 62d30f26-ae71-4acb-bffd-618044adbfcc created
2026-06-24T08:04:48.440Z [HARVEST] Snapshot 49a4333d-9ad1-4d4a-a4f6-c99b0877c667 created
2026-06-24T08:04:48.442Z [HARVEST] Snapshot 590b7de8-1236-429c-9a67-d64039c948fd created
2026-06-24T08:04:48.443Z [HARVEST] Snapshot 9c7adaae-4e09-4af5-90af-bb5bdebb76ae created
2026-06-24T08:04:48.446Z [HARVEST] Snapshot 89366adb-40b8-468d-b67f-babde3cef922 created
2026-06-24T08:04:48.449Z [HARVEST] Snapshot ad4f7721-ee25-464d-b47d-df7326992b82 created
2026-06-24T08:04:48.451Z [HARVEST] Snapshot 5b0e266a-3f2b-4048-bb26-aad144025772 created
2026-06-24T08:04:48.454Z [HARVEST] Snapshot 0bb73da6-7ee0-4f14-a931-0e95ae5d91da created
2026-06-24T08:04:48.456Z [HARVEST] Snapshot b3da1c46-b3a6-49bd-a451-c3ae26517b79 created
2026-06-24T08:04:48.457Z [HARVEST] Snapshot ba2f6c05-1b06-4f99-adbe-9973d1387235 created
2026-06-24T08:04:48.460Z [HARVEST] Snapshot 68bb9a96-89b1-4206-9107-ce54ef41cafc created
2026-06-24T08:04:48.461Z [HARVEST] Snapshot e7ab9b71-cdde-4c6f-9f60-9c9ec1474e68 created
2026-06-24T08:04:48.463Z [HARVEST] Snapshot 41fa5f40-b273-45b0-be9e-db3c449a1e00 created
2026-06-24T08:04:48.466Z [HARVEST] Snapshot e24db030-138e-4b39-b707-71fd53692a09 created
2026-06-24T08:04:48.468Z [HARVEST] Snapshot 747fff44-28fe-46f9-b1a4-53185ebf3f8d created
2026-06-24T08:04:48.470Z [HARVEST] Snapshot 4991341d-aafc-4d17-906d-81cd5029c41a created
2026-06-24T08:04:48.473Z [HARVEST] Snapshot b0cf5b71-6cf5-4e38-830c-82540434749e created
2026-06-24T08:04:48.475Z [HARVEST] Snapshot ba4ce5c1-13d6-4d2b-9727-740736130eeb created
2026-06-24T08:04:48.478Z [HARVEST] Snapshot 389c56e3-bcf7-4525-9e0a-a7052b28396c created
2026-06-24T08:04:48.481Z [HARVEST] Snapshot fcb34ebb-c23b-425e-8646-baab9187791d created
2026-06-24T08:04:48.483Z [HARVEST] Snapshot 068a8d45-0500-4b3d-aca3-8d43e3c08c42 created
2026-06-24T08:04:48.486Z [HARVEST] Snapshot 848cceb2-8998-40ca-ad95-d223fc712dbe created
2026-06-24T08:04:48.488Z [HARVEST] Snapshot b16d612f-cb82-49a9-8891-98731541285f created
2026-06-24T08:04:48.491Z [HARVEST] Snapshot 6ce8f24c-a2a3-4aec-9f02-3221a5ea9cba created
2026-06-24T08:04:48.493Z [HARVEST] Snapshot d26ea49d-6c1a-4f23-8e7b-292b62615c5a created
2026-06-24T08:04:48.496Z [HARVEST] Snapshot aeb3afd6-e652-4ba9-a613-3b415a500626 created
2026-06-24T08:04:48.498Z [HARVEST] Snapshot ae26a61a-a56d-4daf-b125-623fb86b522c created
2026-06-24T08:04:48.501Z [HARVEST] Snapshot 55ce5727-3bca-4e0d-a156-36f5d68e9b43 created
2026-06-24T08:04:48.504Z [HARVEST] Snapshot 7fc5c74f-0319-4905-9553-05673489108b created
2026-06-24T08:04:48.507Z [HARVEST] Snapshot 6450b155-3af6-466c-8257-adf7aea29f1f created
2026-06-24T08:04:48.509Z [HARVEST] Snapshot 1ed2c0d4-3ce2-433d-80f3-b8125ea90ddb created
2026-06-24T08:04:48.512Z [HARVEST] Snapshot c8a68081-f062-4d86-a25a-ee63fbc573a3 created
2026-06-24T08:04:48.515Z [HARVEST] Snapshot 3f0e80f2-df4f-40d6-9365-442eae765df4 created
2026-06-24T08:04:48.517Z [HARVEST] Snapshot 74ddddc3-9dea-4b65-aa0e-c4c9865d6aac created
2026-06-24T08:04:48.521Z [HARVEST] Snapshot 38f1b4ed-13dd-4afe-a19e-c552afb74c79 created
2026-06-24T08:04:48.523Z [HARVEST] Snapshot d1f7fc03-8b7b-43e9-ac00-dd525392c8b5 created
2026-06-24T08:04:48.529Z [HARVEST] Snapshot e50e356d-549f-4a72-b605-e1693f80f43d created
2026-06-24T08:04:48.531Z [HARVEST] Snapshot 165cff56-178b-4d0d-8343-ecfbe4bed9b8 created
2026-06-24T08:04:48.534Z [HARVEST] Snapshot b4b24172-cbc2-4e9c-b821-8e5dd260d981 created
2026-06-24T08:04:48.537Z [HARVEST] Snapshot 60a44312-21bc-421d-b38c-c4ea94028e08 created
2026-06-24T08:04:48.539Z [HARVEST] Snapshot 9e4fb29f-3b41-43b4-bff7-b3263c933255 created
2026-06-24T08:04:48.542Z [HARVEST] Snapshot 97cfa4be-67a3-4bc7-9be0-9c19faf99c5e created
2026-06-24T08:04:48.545Z [HARVEST] Snapshot 614e1c78-43ab-4e5f-953c-5f259f59ec5e created
2026-06-24T08:04:48.548Z [HARVEST] Snapshot c4d92af4-3708-4925-8b55-2498bdcd8a6a created
2026-06-24T08:04:48.550Z [HARVEST] Snapshot 79b8c5aa-8b93-4848-8db2-10dbea2965e7 created
2026-06-24T08:04:48.553Z [HARVEST] Snapshot 61ea85a4-ee71-42d6-82fa-a628d88f3e8c created
2026-06-24T08:04:48.556Z [HARVEST] Snapshot 3604753d-2626-46a3-9ce2-9cc6a4da6646 created
2026-06-24T08:04:48.558Z [HARVEST] Snapshot 34bc40a9-4e68-4cbc-9bb2-8cd5e0253ac3 created
2026-06-24T08:04:48.560Z [HARVEST] Snapshot 45bf0362-387e-46cc-a3b1-4326cab47c78 created
2026-06-24T08:04:48.562Z [HARVEST] Snapshot 671e2a73-a05a-4725-b31c-9ead8a4de0ba created
2026-06-24T08:04:48.565Z [HARVEST] Snapshot 433332c2-4ff2-4c32-94b0-3f808b08e99c created
2026-06-24T08:04:48.567Z [HARVEST] Snapshot 68c651de-f883-4b6a-8e59-473cecb70c8c created
2026-06-24T08:04:48.570Z [HARVEST] Snapshot 065db978-1355-4f0b-8147-07a33bc8e938 created
2026-06-24T08:04:48.572Z [HARVEST] Snapshot 9dc2591a-9217-4563-b4fe-6eadb86b2379 created
2026-06-24T08:04:48.574Z [HARVEST] Snapshot 0ec4a412-20dd-4e4c-b9df-54d80e9e3d88 created
2026-06-24T08:04:48.577Z [HARVEST] Snapshot 4aa9c57e-8337-48f9-9b49-8f7c3690b50d created
2026-06-24T08:04:48.579Z [HARVEST] Snapshot 3f2a7928-39ed-4cba-998a-06a3d231adf3 created
2026-06-24T08:04:48.582Z [HARVEST] Snapshot 829e788f-7b1e-4b6f-b3df-dce70b739ec0 created
2026-06-24T08:04:48.588Z [HARVEST] Snapshot d570eefe-9d05-4927-8fc1-de54b72c7fb9 created
2026-06-24T08:04:48.591Z [HARVEST] Snapshot 84412ae5-5c4e-4359-a050-a06fd5fbcbb5 created
2026-06-24T08:04:48.593Z [HARVEST] Snapshot e36bca31-7b04-485a-be65-fd16ecdae405 created
2026-06-24T08:04:48.596Z [HARVEST] Snapshot f242011f-2d58-4476-b82c-463a5e0425a9 created
2026-06-24T08:04:48.598Z [HARVEST] Snapshot c7a09dae-e194-4ac1-9529-915e9b35c6f7 created
2026-06-24T08:04:48.600Z [HARVEST] Snapshot ffad75a1-611c-4f9e-a13b-2f6f247eab0a created
2026-06-24T08:04:48.603Z [HARVEST] Snapshot f5fa2ee6-d6b5-45a5-b3fd-ab25f1a019dc created
2026-06-24T08:04:48.605Z [HARVEST] Snapshot 92d71178-51a0-44a0-9963-8279643ba646 created
2026-06-24T08:04:48.607Z [HARVEST] Snapshot db5f7288-f2d4-4d05-8156-8b38b2d76f0b created
2026-06-24T08:04:48.610Z [HARVEST] Snapshot 270c7bb1-4e83-4da1-956c-885b66be1561 created
2026-06-24T08:04:48.612Z [HARVEST] Snapshot 3a394fc6-b91b-4fd0-9d3c-24cb0cadf689 created
2026-06-24T08:04:48.614Z [HARVEST] Snapshot 7051d003-09bb-42c2-aa2c-ce02db7bf5dd created
2026-06-24T08:04:48.616Z [HARVEST] Snapshot 96f8fd67-087a-4a81-9951-58a8aace63dd created
2026-06-24T08:04:48.618Z [HARVEST] Snapshot 9ce7ea5c-c80b-4921-bffe-9d1970dccb11 created
2026-06-24T08:04:48.621Z [HARVEST] Snapshot 5015cdc7-9e2b-4895-9a10-17bf067f4fb3 created
2026-06-24T08:04:48.623Z [HARVEST] Snapshot 45c9c2f4-3953-4b1c-a973-b705b7bc1404 created
2026-06-24T08:04:48.625Z [HARVEST] Snapshot 8e3a253a-7769-44bc-a6bb-693823e090cf created
2026-06-24T08:04:48.628Z [HARVEST] Snapshot 480bbfdc-dd5e-407d-b56d-f3ae42a109b0 created
2026-06-24T08:04:48.630Z [HARVEST] Snapshot 7ce6a44b-4d92-470a-91fd-b83e4e3fbbc2 created
2026-06-24T08:04:48.632Z [HARVEST] Snapshot 5ecb39dd-6265-4902-bf22-9ca281d29e8a created
2026-06-24T08:04:48.635Z [HARVEST] Snapshot 145e1b8f-be47-4a99-86ef-098100e50dae created
2026-06-24T08:04:48.637Z [HARVEST] Snapshot 576551e4-ecc9-47a3-9afc-7f6475b5005a created
2026-06-24T08:04:48.640Z [HARVEST] Snapshot 5b445594-bd24-472f-8af9-5e8e342b30cb created
2026-06-24T08:04:48.643Z [HARVEST] Snapshot ee90aeea-7323-4508-be09-95d86d247264 created
2026-06-24T08:04:48.645Z [HARVEST] Snapshot 562de1c4-f150-4456-bce8-efb9c21c12f0 created
2026-06-24T08:04:48.648Z [HARVEST] Snapshot 56349a31-769f-4cdc-8894-74f006ea1a94 created
2026-06-24T08:04:48.650Z [HARVEST] Snapshot 49ca1c85-56c8-4663-8c39-e0409b395f46 created
2026-06-24T08:04:48.653Z [HARVEST] Snapshot 798fddf9-f828-4fb8-b493-bbb0e2760c73 created
2026-06-24T08:04:48.655Z [HARVEST] Snapshot cf10bef7-dad3-457b-bbd9-92596bc1852c created
2026-06-24T08:04:48.657Z [HARVEST] Snapshot 7736df6b-1f5f-4341-92ba-c2e6d624fc8c created
2026-06-24T08:04:48.660Z [HARVEST] Snapshot ff4d69d2-bab0-4909-b677-7ec3d01b26ab created
2026-06-24T08:04:48.662Z [HARVEST] Snapshot 7ed7faaf-4a5f-4bbd-a1f1-4705dcd19fa6 created
2026-06-24T08:04:48.664Z [HARVEST] Snapshot 23bc1469-113e-48a4-b52f-fd398e85ec4e created
2026-06-24T08:04:48.666Z [HARVEST] Snapshot 07e70056-a7fd-4007-9eea-b503d5061bc8 created
2026-06-24T08:04:48.669Z [HARVEST] Snapshot 45adfcb0-77ec-4a59-8cab-d21e4caff12c created
2026-06-24T08:04:48.672Z [HARVEST] Snapshot c8225175-57ee-4321-b20c-204dd909dcc3 created
2026-06-24T08:04:48.674Z [HARVEST] Snapshot bc1adba1-8584-4bfe-88b4-9cf46c09127a created
2026-06-24T08:04:48.677Z [HARVEST] Snapshot 00db13e8-3ea1-4800-916b-fe384d07996f created
2026-06-24T08:04:48.679Z [HARVEST] Snapshot 066b9494-8ebc-4b2f-8869-d1c37cfc7e38 created
2026-06-24T08:04:48.682Z [HARVEST] Snapshot b6d5fa68-37b1-4b9b-baf4-b69f38289c2a created
2026-06-24T08:04:48.684Z [HARVEST] Snapshot 561e4821-307f-4620-8a39-6a0b6161dbfb created
2026-06-24T08:04:48.686Z [HARVEST] Snapshot 1f65cca3-834b-4470-b80d-42e4f995bf1a created
2026-06-24T08:04:48.689Z [HARVEST] Snapshot 35ad673b-3c79-4fad-baac-51f75d207bf8 created
2026-06-24T08:04:48.691Z [HARVEST] Snapshot b7cedc99-4399-4e82-a386-bd3d98113c0c created
2026-06-24T08:04:48.694Z [HARVEST] Snapshot 767f1c8c-6b60-4fae-9091-f8f00552ab82 created
2026-06-24T08:04:48.696Z [HARVEST] Snapshot d428e4d9-12f7-44a6-86c5-d1ee61537725 created
2026-06-24T08:04:48.698Z [HARVEST] Snapshot 5e55c394-90ea-451d-a9c1-db0a09861837 created
2026-06-24T08:04:48.701Z [HARVEST] Snapshot f3e9404e-9f75-41d3-839a-3b4373f415a5 created
2026-06-24T08:04:48.703Z [HARVEST] Snapshot 72622873-2cdb-450a-b689-bf2fd3fb8238 created
2026-06-24T08:04:48.706Z [HARVEST] Snapshot d4c24b33-c44e-4b09-85d6-b1ec3622f5c4 created
2026-06-24T08:04:48.708Z [HARVEST] Snapshot e65a89fd-71c3-40aa-8dd9-e8f57d5785a4 created
2026-06-24T08:04:48.710Z [HARVEST] Snapshot 08311200-6a4f-415b-8769-e7bafe44d4f2 created
2026-06-24T08:04:48.713Z [HARVEST] Snapshot 00d99e6d-44d9-45a4-8c82-8b38228f4e7c created
2026-06-24T08:04:48.716Z [HARVEST] Snapshot fbdde12a-7c9e-4f81-a266-76edb7736d24 created
2026-06-24T08:04:48.718Z [HARVEST] Snapshot 41e37181-b683-4363-96c6-4771940ba8ae created
2026-06-24T08:04:48.720Z [HARVEST] Snapshot 39854ed1-3e4c-4788-b619-84401ab73931 created
2026-06-24T08:04:48.723Z [HARVEST] Snapshot f15a3d47-f96f-4e46-a69f-a9c6ed3a061f created
2026-06-24T08:04:48.725Z [HARVEST] Snapshot 041309d4-de34-4df9-b6a1-136cc5c6bb09 created
2026-06-24T08:04:48.728Z [HARVEST] Snapshot 96fb9ebc-832b-48fc-8f8e-c3811cf4a909 created
2026-06-24T08:04:48.731Z [HARVEST] Snapshot cf6e9330-188f-42d3-b12a-c38bb21adbbf created
2026-06-24T08:04:48.734Z [HARVEST] Snapshot 27586420-082e-443b-aeb0-73e5ef48a677 created
2026-06-24T08:04:48.736Z [HARVEST] Snapshot 33284c12-3604-46ec-889f-9adc983d42fc created
2026-06-24T08:04:48.738Z [HARVEST] Snapshot db589c6e-a051-404f-bb95-a2e0ecbeb39e created
2026-06-24T08:04:48.741Z [HARVEST] Snapshot ee0dad10-cba8-453f-9381-1b1d74e23e76 created
2026-06-24T08:04:48.744Z [HARVEST] Snapshot 433ceb98-248e-4c32-b08e-fa0d76e0842b created
2026-06-24T08:04:48.746Z [HARVEST] Snapshot d03b1896-4340-44f1-a7a5-953012cdd262 created
2026-06-24T08:04:48.749Z [HARVEST] Snapshot 77848608-46e3-4ec5-abf9-4c07f17ab0b7 created
2026-06-24T08:04:48.751Z [HARVEST] Snapshot b38a03e5-2b4a-44de-b5c4-3b08e84bb3f2 created
2026-06-24T08:04:48.754Z [HARVEST] Snapshot 459dc639-6861-4dae-a380-925212099263 created
2026-06-24T08:04:48.757Z [HARVEST] Snapshot 21bf1219-50b5-484a-9b0f-bcf01d5b8767 created
2026-06-24T08:04:48.763Z [HARVEST] Snapshot ec0fa4c3-3040-472d-b7c7-494931caf6ef created
2026-06-24T08:04:48.765Z [HARVEST] Snapshot 1f08f869-d881-4fb6-a7e7-66cb0d689061 created
2026-06-24T08:04:48.768Z [HARVEST] Snapshot 819e024a-c3e0-4f4e-82f4-c16544b4379a created
2026-06-24T08:04:48.771Z [HARVEST] Snapshot 03ff5d35-fd10-4c04-a3a1-e410fa99c175 created
2026-06-24T08:04:48.773Z [HARVEST] Snapshot 5968e5bc-c182-43c2-9d9f-7d876baba3d2 created
2026-06-24T08:04:48.776Z [HARVEST] Snapshot 733a0971-1969-4c2d-a971-ee7de58653ed created
2026-06-24T08:04:48.778Z [HARVEST] Snapshot 1d901b02-4097-4f18-858b-de43ce5ef7d7 created
2026-06-24T08:04:48.781Z [HARVEST] Snapshot 9378da4c-a633-40a0-9b91-e124176fdfb2 created
2026-06-24T08:04:48.786Z [HARVEST] Snapshot 14b7dc42-9c5f-46df-ad07-55a88460a7c5 created
2026-06-24T08:04:48.789Z [HARVEST] Snapshot 15b66fd3-a027-47f5-b0b8-f93ef7893b7c created
2026-06-24T08:04:48.791Z [HARVEST] Snapshot ac2e3df2-a2b3-4119-9c4b-f1c39c15ea42 created
2026-06-24T08:04:48.794Z [HARVEST] Snapshot 00bebe96-e35a-4ed4-bb8a-b0467d910dae created
2026-06-24T08:04:48.797Z [HARVEST] Snapshot e6c09927-9926-4285-a179-00a74793263c created
2026-06-24T08:04:48.799Z [HARVEST] Snapshot e6d05cc8-176d-4f85-b6d8-8b18d1909e05 created
2026-06-24T08:04:48.802Z [HARVEST] Snapshot 75dd02fa-1518-4e7f-81ae-9d22b5bfbe92 created
2026-06-24T08:04:48.804Z [HARVEST] Snapshot fd0f331c-e98c-4076-aef2-0c970b4886eb created
2026-06-24T08:04:48.807Z [HARVEST] Snapshot f1ea4060-c43c-47c5-876b-e418d6c6847f created
2026-06-24T08:04:48.809Z [HARVEST] Snapshot 89a7aaef-8ea9-498a-851a-df47754b0ffd created
2026-06-24T08:04:48.812Z [HARVEST] Snapshot 24fe22ec-3672-47f9-85e6-ade5430cd363 created
2026-06-24T08:04:48.814Z [HARVEST] Snapshot 9db0ea2b-a4f9-4e42-b487-a216a19c20e1 created
2026-06-24T08:04:48.817Z [HARVEST] Snapshot e95d0ebb-6b4f-4656-9860-78fddc36888d created
2026-06-24T08:04:48.819Z [HARVEST] Snapshot 19e0577c-6771-4ca5-8afa-597abe6fda2d created
2026-06-24T08:04:48.822Z [HARVEST] Snapshot 7ac584a3-0ee3-4b98-b6d9-d26cd3ac50e0 created
2026-06-24T08:04:48.825Z [HARVEST] Snapshot 0a40e8dd-b597-4ac6-bac6-161159488a82 created
2026-06-24T08:04:48.827Z [HARVEST] Snapshot 3946164d-4e5e-404b-b95a-5c78202f0afb created
2026-06-24T08:04:48.830Z [HARVEST] Snapshot 2ba92377-b6e6-422c-8bc1-a42f86ee2861 created
2026-06-24T08:04:48.833Z [HARVEST] Snapshot a6f0733f-914e-445c-b532-7cdf93ec41c1 created
2026-06-24T08:04:48.835Z [HARVEST] Snapshot 3f01b180-d701-4015-a596-d41e2b7e1a5c created
2026-06-24T08:04:48.838Z [HARVEST] Snapshot 0451112e-6302-4deb-b0b6-d4136f00f829 created
2026-06-24T08:04:48.840Z [HARVEST] Snapshot ae67587d-0de6-4cf5-a102-8060578f35d5 created
2026-06-24T08:04:48.843Z [HARVEST] Snapshot b1a7f5cb-9bfc-4867-aba2-6021f8580855 created
2026-06-24T08:04:48.846Z [HARVEST] Snapshot 9dde1a86-0c19-4560-94c5-69755902224e created
2026-06-24T08:04:48.849Z [HARVEST] Snapshot 113ddc2f-66f0-40d8-8b53-309e9984ccaa created
2026-06-24T08:04:48.851Z [HARVEST] Snapshot 2ea48c99-a858-4980-a0d8-6977b83a9132 created
2026-06-24T08:04:48.854Z [HARVEST] Snapshot 5624baf4-fcda-4e85-b160-ee9bd91f8a77 created
2026-06-24T08:04:48.856Z [HARVEST] Snapshot 674471d1-0a4e-4800-bbe7-2de955a7d1e8 created
2026-06-24T08:04:48.859Z [HARVEST] Snapshot fc7f0a56-4542-41ce-9302-2b626e312ce0 created
2026-06-24T08:04:48.861Z [HARVEST] Snapshot e87b2276-b5b1-4e4c-8990-dfca06ee2376 created
2026-06-24T08:04:48.864Z [HARVEST] Snapshot a725097a-c41f-43d0-8364-961184724119 created
2026-06-24T08:04:48.866Z [HARVEST] Snapshot 7e8a24ac-900b-4ac2-bc2f-c1d7910dbb56 created
2026-06-24T08:04:48.869Z [HARVEST] Snapshot defc0c26-aed1-401c-8139-8ae0244cc08b created
2026-06-24T08:04:48.872Z [HARVEST] Snapshot 0bb3e833-b44c-4bb9-9a58-9273dcf74901 created
2026-06-24T08:04:48.875Z [HARVEST] Snapshot 32422abf-0c8e-42e5-9439-d61b0ee627c3 created
2026-06-24T08:04:48.878Z [HARVEST] Snapshot f5d472c9-f997-478c-93f6-58f53cbe0dc3 created
2026-06-24T08:04:48.881Z [HARVEST] Snapshot 6e51e66b-5fd9-49c0-8fb1-5b43a42ae751 created
2026-06-24T08:04:48.883Z [HARVEST] Snapshot b6a26213-ca1a-4ad2-8d01-e0423d23d694 created
2026-06-24T08:04:48.886Z [HARVEST] Snapshot 1712beda-3a38-4c32-baa1-f97ccead1eff created
2026-06-24T08:04:48.889Z [HARVEST] Snapshot 9bc1d905-0b6b-42a4-abd6-d8c7e9933fdc created
2026-06-24T08:04:48.892Z [HARVEST] Snapshot 2d16c1b4-7930-48d9-955d-95dad2bfc879 created
2026-06-24T08:04:48.895Z [HARVEST] Snapshot 0cf7ccc2-2bd6-40ce-b8a4-1362a980f2bb created
2026-06-24T08:04:48.897Z [HARVEST] Snapshot 9e351484-888b-474e-be8e-39b9a09cc7d0 created
2026-06-24T08:04:48.900Z [HARVEST] Snapshot aa2ef98e-aaca-4380-9076-63f74fa55593 created
2026-06-24T08:04:48.902Z [HARVEST] Snapshot 9b174e70-12ce-4552-9172-07d49660be14 created
2026-06-24T08:04:48.905Z [HARVEST] Snapshot 5d7450dd-8edf-4c4d-a3fe-3439a7599080 created
2026-06-24T08:04:48.907Z [HARVEST] Snapshot a3fa15b7-9ce7-47d5-931c-0ce2bced7950 created
2026-06-24T08:04:48.911Z [HARVEST] Snapshot e41c1eb0-4e81-4361-b5b2-cf1ddef1f338 created
2026-06-24T08:04:48.913Z [HARVEST] Snapshot 622fb72d-a0cb-4061-ae6e-c6397ceda4f8 created
2026-06-24T08:04:48.916Z [HARVEST] Snapshot d572206e-1dbf-4680-8503-35fcc5927dda created
2026-06-24T08:04:48.919Z [HARVEST] Snapshot dd7669f6-2455-4fca-8f62-1adb0cb07049 created
2026-06-24T08:04:48.922Z [HARVEST] Snapshot 59b0154a-7c8c-4b7e-ad8f-b0b0c873208e created
2026-06-24T08:04:48.925Z [HARVEST] Snapshot 1f7ceab2-803e-47d1-a2e9-ab845ecb873b created
2026-06-24T08:04:48.927Z [HARVEST] Snapshot c08be731-62ad-498c-b815-66901b6882be created
2026-06-24T08:04:48.929Z [HARVEST] Snapshot 1202b931-902e-40e5-be94-7203624fd877 created
2026-06-24T08:04:48.935Z [HARVEST] Snapshot 60df993e-6744-42d0-a0fe-a6a88c360d86 created
2026-06-24T08:04:48.938Z [HARVEST] Snapshot a361677e-006a-4b15-a828-a5e4607ad7ef created
2026-06-24T08:04:48.940Z [HARVEST] Snapshot 0b8a779f-419c-4b96-8b58-9aec5ae50fb1 created
2026-06-24T08:04:48.943Z [HARVEST] Snapshot 3e2044a3-a6c0-42b3-a07c-f90542fd8d4a created
2026-06-24T08:04:48.946Z [HARVEST] Snapshot 11536062-45a1-42b2-8c08-d17fb9bd40f0 created
2026-06-24T08:04:48.948Z [HARVEST] Snapshot 7e7be60c-1dd2-4196-8171-29abfda5b8d4 created
2026-06-24T08:04:48.951Z [HARVEST] Snapshot 5a9b152a-36d8-41e6-b7e4-e35fecdc81c1 created
2026-06-24T08:04:48.953Z [HARVEST] Snapshot 10f01f9a-671f-4b0b-8ce7-d8d83075020e created
2026-06-24T08:04:48.956Z [HARVEST] Snapshot 2ac74b38-aa4e-4a44-841c-98e8c79898c9 created
2026-06-24T08:04:48.958Z [HARVEST] Snapshot d710ebd8-5ec3-4b8f-8281-f38d985129a9 created
2026-06-24T08:04:48.961Z [HARVEST] Snapshot ace4d3e7-65b3-4145-885c-e1f8b1c648cb created
2026-06-24T08:04:48.964Z [HARVEST] Snapshot 8f469879-2878-4f9f-8fbc-4b9796f3d4b9 created
2026-06-24T08:04:48.966Z [HARVEST] Snapshot 6c70abaf-0102-4441-b547-9d1fb49e7d71 created
2026-06-24T08:04:48.969Z [HARVEST] Snapshot 7aeba8e5-883b-4223-bf3b-9549a61d2898 created
2026-06-24T08:04:48.972Z [HARVEST] Snapshot ee895047-a6b2-4021-adbd-9b9003bbb9ba created
2026-06-24T08:04:48.974Z [HARVEST] Snapshot ece5a82e-2224-434e-9769-e06df998ae4a created
2026-06-24T08:04:48.977Z [HARVEST] Snapshot 1810fd09-19ad-4094-8916-ff310ef8754e created
2026-06-24T08:04:48.980Z [HARVEST] Snapshot 50cfd744-b2ac-4101-8a3b-0dcd3078a975 created
2026-06-24T08:04:48.982Z [HARVEST] Snapshot 59b4e271-5cd4-4dea-8f2a-63cae110e827 created
2026-06-24T08:04:48.985Z [HARVEST] Snapshot f0413557-93cb-425c-ad28-82625229c92d created
2026-06-24T08:04:48.987Z [HARVEST] Snapshot 8ba8ad72-e066-4dfe-afad-42b83f2e95a0 created
2026-06-24T08:04:48.990Z [HARVEST] Snapshot bd41f894-c4d6-45b2-bf41-a2f4c7fb1554 created
2026-06-24T08:04:48.993Z [HARVEST] Snapshot b33beb3f-4282-4d22-b815-acd8a3780734 created
2026-06-24T08:04:48.996Z [HARVEST] Snapshot 2ca9f79c-0354-4907-b15b-24e44db63b9b created
2026-06-24T08:04:48.998Z [HARVEST] Snapshot 13491de5-f3cf-48ac-83e6-854f8eee7f5f created
2026-06-24T08:04:49.001Z [HARVEST] Snapshot 96571c37-3b26-4e65-9ed0-8d1d59b672e2 created
2026-06-24T08:04:49.004Z [HARVEST] Snapshot 89715b15-6581-4a92-aa52-43e4abeb83ab created
2026-06-24T08:04:49.006Z [HARVEST] Snapshot d1b2cb97-80ed-4ff2-8c54-c4273a53b9cf created
2026-06-24T08:04:49.009Z [HARVEST] Snapshot c4338a86-36a7-49a5-894f-1e194047118c created
2026-06-24T08:04:49.012Z [HARVEST] Snapshot 9068181e-c10a-40df-97a6-aeedd3e35c85 created
2026-06-24T08:04:49.014Z [HARVEST] Snapshot a9981ba7-dbd4-4a6f-8102-2420a53b91b0 created
2026-06-24T08:04:49.017Z [HARVEST] Snapshot f98cc588-9489-409a-9db9-fdbe0f3fb4c8 created
2026-06-24T08:04:49.020Z [HARVEST] Snapshot 47622743-d96e-4001-aa10-f081648c88f0 created
2026-06-24T08:04:49.023Z [HARVEST] Snapshot 9e8d7155-c56c-4d32-a9df-db6345b86b6e created
2026-06-24T08:04:49.026Z [HARVEST] Snapshot ee52ad6a-25f9-4431-bbd7-8d92dcc0b1a9 created
2026-06-24T08:04:49.029Z [HARVEST] Snapshot a6a2f17c-65e1-4fed-92e1-53750fe160e4 created
2026-06-24T08:04:49.032Z [HARVEST] Snapshot 135e8361-69f2-4bcf-9526-f23ea159650c created
2026-06-24T08:04:49.035Z [HARVEST] Snapshot 2501ec11-faa2-41c9-a676-7462e9853b7f created
2026-06-24T08:04:49.038Z [HARVEST] Snapshot b98877d1-86e4-49b1-8d5c-5e25f6cd9ab6 created
2026-06-24T08:04:49.041Z [HARVEST] Snapshot a35a162d-762b-406d-a5a0-c378286f6ad6 created
2026-06-24T08:04:49.044Z [HARVEST] Snapshot 18f2d13b-9a66-4ea8-8e63-27445ad9f30b created
2026-06-24T08:04:49.046Z [HARVEST] Snapshot a85f113a-7674-4971-9a17-ff960f3e8eb2 created
2026-06-24T08:04:49.049Z [HARVEST] Snapshot b0e6e533-f1d2-4fd6-b585-ca69c2df4e47 created
2026-06-24T08:04:49.052Z [HARVEST] Snapshot e80a5dbd-64ea-46a4-8384-8a9430bef944 created
2026-06-24T08:04:49.055Z [HARVEST] Snapshot e43affaa-7c63-4417-a065-c0ad0e6c8c8a created
2026-06-24T08:04:49.060Z [HARVEST] Snapshot b5477121-48b7-4948-a182-3ea30866c7ca created
2026-06-24T08:04:49.062Z [HARVEST] Snapshot 8845c6a2-ca16-4b4a-a22d-758990224f89 created
2026-06-24T08:04:49.065Z [HARVEST] Snapshot 8b797996-6599-429e-bfd3-664931174bcb created
2026-06-24T08:04:49.067Z [HARVEST] Snapshot 557be78f-1155-4f0a-b895-124036cd89e6 created
2026-06-24T08:04:49.070Z [HARVEST] Snapshot 3dd79c70-88fa-404f-83b3-5c14efe2f1a4 created
2026-06-24T08:04:49.073Z [HARVEST] Snapshot 2b0447ea-244c-4e46-835e-f812fcd9a25c created
2026-06-24T08:04:49.075Z [HARVEST] Snapshot bca815e1-c1df-4ccb-a28b-feffe76d83a8 created
2026-06-24T08:04:49.078Z [HARVEST] Snapshot 10d94bdd-2227-495d-a3a8-ed53f2bc51b2 created
2026-06-24T08:04:49.081Z [HARVEST] Snapshot 19cf335e-428d-4e54-8eb9-96e8a780ad91 created
2026-06-24T08:04:49.084Z [HARVEST] Snapshot 2bd739c1-74b9-493a-80cd-d0e9ca913e91 created
2026-06-24T08:04:49.087Z [HARVEST] Snapshot fd1c6869-70aa-4090-ac65-483f90895185 created
2026-06-24T08:04:49.089Z [HARVEST] Snapshot a4e91e1d-e865-4455-82fe-6be7c314a8f8 created
2026-06-24T08:04:49.092Z [HARVEST] Snapshot 67609ed1-73ec-4326-bcbf-87dc82da7d48 created
2026-06-24T08:04:49.098Z [HARVEST] Snapshot aaa3687d-734f-4faf-b6a1-8ba1c6477c32 created
2026-06-24T08:04:49.100Z [HARVEST] Snapshot 356b9f51-f5c1-43f1-8923-db34ad6d4a47 created
2026-06-24T08:04:49.103Z [HARVEST] Snapshot d01b0c28-27e2-4614-ae2c-e6e0159f232a created
2026-06-24T08:04:49.106Z [HARVEST] Snapshot 3a493287-9049-42ad-9a31-869b9ac32047 created
2026-06-24T08:04:49.109Z [HARVEST] Snapshot 410c2f3e-21b5-4c4a-bb0c-ea31490e9fcc created
2026-06-24T08:04:49.112Z [HARVEST] Snapshot 8485795a-acbe-430b-a167-a7e14a352199 created
2026-06-24T08:04:49.115Z [HARVEST] Snapshot 3cd69573-eb51-4a02-8046-dd8aa9b76aad created
2026-06-24T08:04:49.118Z [HARVEST] Snapshot 63c58593-2581-477f-ac28-f43150b10e62 created
2026-06-24T08:04:49.120Z [HARVEST] Snapshot 8e889f2d-3be4-4933-a44e-0a8fbb01be70 created
2026-06-24T08:04:49.123Z [HARVEST] Snapshot 0a84c78e-d4ee-4c8d-b0ec-1465e7dd7a6c created
2026-06-24T08:04:49.126Z [HARVEST] Snapshot daf5fe52-bed3-4bd1-9687-de41eed3b358 created
2026-06-24T08:04:49.128Z [HARVEST] Snapshot 473c33e2-03b9-4c81-acd4-3c8addad51e5 created
2026-06-24T08:04:49.131Z [HARVEST] Snapshot f72f54ad-cbb0-4321-9fe2-b4cffedb6a25 created
2026-06-24T08:04:49.134Z [HARVEST] Snapshot ea5e421a-a57a-4498-8be7-3dc25554d000 created
2026-06-24T08:04:49.137Z [HARVEST] Snapshot 0d2a09b6-8c0e-4163-84f2-04fe95b3347e created
2026-06-24T08:04:49.140Z [HARVEST] Snapshot ceefca35-d889-4503-adc4-1c50907d9ed1 created
2026-06-24T08:04:49.143Z [HARVEST] Snapshot 5578e727-01e8-428f-b606-3a9aa7ce2a96 created
2026-06-24T08:04:49.146Z [HARVEST] Snapshot 5882e2ee-782e-45a3-9108-72039171e3e4 created
2026-06-24T08:04:49.148Z [HARVEST] Snapshot 238912d0-1253-430c-b550-d4e962481763 created
2026-06-24T08:04:49.150Z [HARVEST] Snapshot 11d9f42c-d075-4cd0-b3ac-2d12f9f795c3 created
2026-06-24T08:04:49.153Z [HARVEST] Snapshot 88bcafff-31e8-4def-b417-401e380097d7 created
2026-06-24T08:04:49.155Z [HARVEST] Snapshot fc168f6a-d849-4e86-8489-bec1152c49c7 created
2026-06-24T08:04:49.158Z [HARVEST] Snapshot 7ea635fc-178c-43e1-8aff-c15ee4ee8e53 created
2026-06-24T08:04:49.161Z [HARVEST] Snapshot ca53d5f2-3d9a-4ca8-9309-f725e8a255a6 created
2026-06-24T08:04:49.164Z [HARVEST] Snapshot 757bbb95-ea99-43a7-a317-bf1b38651aa0 created
2026-06-24T08:04:49.167Z [HARVEST] Snapshot 51fa04f2-9147-4c71-8fd3-128f615a820e created
2026-06-24T08:04:49.170Z [HARVEST] Snapshot 7bda15e0-98c9-4b20-b5e8-4315d8366305 created
2026-06-24T08:04:49.173Z [HARVEST] Snapshot 3a58341f-d964-437d-a352-74013e105d2a created
2026-06-24T08:04:49.175Z [HARVEST] Snapshot 8a6a9e47-9bd3-4bb3-880e-5aa35fbafa14 created
2026-06-24T08:04:49.178Z [HARVEST] Snapshot 2f041985-159d-4ff1-8e32-0b2fcfb836a4 created
2026-06-24T08:04:49.181Z [HARVEST] Snapshot 3dfe1607-fbfc-40be-a6fc-68cb94cae108 created
2026-06-24T08:04:49.184Z [HARVEST] Snapshot de22cb75-db8e-499a-82ac-b59344da6b6b created
2026-06-24T08:04:49.186Z [HARVEST] Snapshot 7a0470ee-9e92-4985-b2d4-ffb6f04e8fc0 created
2026-06-24T08:04:49.189Z [HARVEST] Snapshot 840daa54-b9f8-4c63-8183-4487c3262b1d created
2026-06-24T08:04:49.192Z [HARVEST] Snapshot aa709b43-c395-40a8-b38d-0535578a9a25 created
2026-06-24T08:04:49.195Z [HARVEST] Snapshot b1b28bf0-bacb-4d13-8e24-ab6129e185f1 created
2026-06-24T08:04:49.198Z [HARVEST] Snapshot 590826fc-4a3f-4ad1-8797-84802afc010d created
2026-06-24T08:04:49.201Z [HARVEST] Snapshot 638dfaf4-e72c-4d0d-8a67-cdafbd6476d7 created
2026-06-24T08:04:49.204Z [HARVEST] Snapshot ae7ffddb-9dc4-4987-be3e-30f0f1a19f83 created
2026-06-24T08:04:49.206Z [HARVEST] Snapshot fdc544dc-d772-4be4-886a-dcadecd58db5 created
2026-06-24T08:04:49.209Z [HARVEST] Snapshot 502cc91e-3c6b-4bea-9013-b5ad7986eea4 created
2026-06-24T08:04:49.212Z [HARVEST] Snapshot cfc197a5-bfb4-45bf-b2d2-b699c8006409 created
2026-06-24T08:04:49.215Z [HARVEST] Snapshot 4c25c4fc-959c-45b8-a31d-beb4f8fd725d created
2026-06-24T08:04:49.218Z [HARVEST] Snapshot 736f254a-973f-47ad-86d1-0b8cbd7de2f0 created
2026-06-24T08:04:49.221Z [HARVEST] Snapshot 1ad6e106-7c15-4693-9d0c-73d6e9a2113d created
2026-06-24T08:04:49.224Z [HARVEST] Snapshot bf6cdf92-79a6-43f9-a412-a363b86ea119 created
2026-06-24T08:04:49.227Z [HARVEST] Snapshot 5f97708a-990c-4672-a5f5-cad0b352eae8 created
2026-06-24T08:04:49.230Z [HARVEST] Snapshot 2f1f976a-dbb8-451f-9e53-c43ec42fbbb2 created
2026-06-24T08:04:49.233Z [HARVEST] Snapshot 0f0dcde3-856e-4f34-b34a-77eb52579d8c created
2026-06-24T08:04:49.236Z [HARVEST] Snapshot b16098f4-4743-4fd8-ace6-0ea7151ebb3d created
2026-06-24T08:04:49.239Z [HARVEST] Snapshot 0516a5e2-9e3e-436e-b3dd-756d6654a2db created
2026-06-24T08:04:49.242Z [HARVEST] Snapshot 38883cbe-e016-464c-b64f-568a80e00597 created
2026-06-24T08:04:49.245Z [HARVEST] Snapshot 081baf09-5ec8-409e-a642-85085251352e created
2026-06-24T08:04:49.248Z [HARVEST] Snapshot 75a80cc2-4089-446d-a19b-e22518c9fb9f created
2026-06-24T08:04:49.254Z [HARVEST] Snapshot ed27930c-1118-42ca-be7c-9a0c51e62c82 created
2026-06-24T08:04:49.257Z [HARVEST] Snapshot e05e7233-e300-47d8-a578-ba9de3a1c059 created
2026-06-24T08:04:49.260Z [HARVEST] Snapshot f637db20-0ddc-43b0-a6dd-b2d0269b783a created
2026-06-24T08:04:49.263Z [HARVEST] Snapshot 89ca9200-6283-490b-ac53-f3f4950f951c created
2026-06-24T08:04:49.266Z [HARVEST] Snapshot 4be4c932-b83e-4608-aab1-294d99c585e1 created
2026-06-24T08:04:49.269Z [HARVEST] Snapshot 58ea0ecd-85d7-404d-8f9f-b2f91abfef7d created
2026-06-24T08:04:49.272Z [HARVEST] Snapshot f6b71129-4bf7-4a4c-8152-af74f9fafa59 created
2026-06-24T08:04:49.275Z [HARVEST] Snapshot 2091b4c9-e0b5-4f74-8c80-1bdaa618c581 created
2026-06-24T08:04:49.278Z [HARVEST] Snapshot 149a58d5-b813-437c-8417-063568182ffd created
2026-06-24T08:04:49.281Z [HARVEST] Snapshot 3dd2a0a8-961e-4575-98e7-acbe2d004b07 created
2026-06-24T08:04:49.284Z [HARVEST] Snapshot 57024c4d-ffa4-4f8e-b27c-befd31b4a562 created
2026-06-24T08:04:49.287Z [HARVEST] Snapshot 36593368-2265-4057-a848-ebe6d0ad8979 created
2026-06-24T08:04:49.290Z [HARVEST] Snapshot 9557d53b-6399-4fe1-9c0a-3a88baabff08 created
2026-06-24T08:04:49.293Z [HARVEST] Snapshot 1b8fb235-b25b-4265-94b7-977feb34be85 created
2026-06-24T08:04:49.296Z [HARVEST] Snapshot a985147c-171b-4263-9e26-cebdf7460c1a created
2026-06-24T08:04:49.299Z [HARVEST] Snapshot 5ceddd74-e1c2-42b4-b7a3-e15cfceeac72 created
2026-06-24T08:04:49.302Z [HARVEST] Snapshot cfe92a60-a637-4ff0-b4a2-cb5c3e7f608a created
2026-06-24T08:04:49.305Z [HARVEST] Snapshot fee46da1-1de3-4bd3-8a77-0c1c1085aff7 created
2026-06-24T08:04:49.308Z [HARVEST] Snapshot 90f9d7cb-420d-4633-9c6e-508527324e80 created
2026-06-24T08:04:49.311Z [HARVEST] Snapshot 85991c3f-391d-4e1d-8ab9-c4aabb5881d2 created
2026-06-24T08:04:49.314Z [HARVEST] Snapshot 904e5aa0-6cf6-431f-8ac8-6f1d7a73708d created
2026-06-24T08:04:49.317Z [HARVEST] Snapshot 9f1b4162-03dc-4fd6-80f1-c8f4629a8e8d created
2026-06-24T08:04:49.320Z [HARVEST] Snapshot e0f1208d-5f95-4cc2-acf8-06ac6718e5b6 created
2026-06-24T08:04:49.323Z [HARVEST] Snapshot 6b0cb8c7-42ed-41c2-82d7-970e99328d4c created
2026-06-24T08:04:49.326Z [HARVEST] Snapshot 7fb35662-7a91-46e1-8770-dd7857da00bc created
2026-06-24T08:04:49.329Z [HARVEST] Snapshot 805a1fd9-a5c2-41a0-b65f-8f4ba17f17d9 created
2026-06-24T08:04:49.332Z [HARVEST] Snapshot 737e68c3-96d5-4ae5-964a-70547e88d80f created
2026-06-24T08:04:49.335Z [HARVEST] Snapshot abd56a1a-2d72-438f-8ac3-85f2be42b616 created
2026-06-24T08:04:49.338Z [HARVEST] Snapshot f9febfdf-fe53-4d19-9687-1cd90bd6ba45 created
2026-06-24T08:04:49.341Z [HARVEST] Snapshot c5c457b0-a389-41d3-b179-02ed1987c377 created
2026-06-24T08:04:49.345Z [HARVEST] Snapshot 1a97c1f3-02f2-4d71-9461-652bf057f7bb created
2026-06-24T08:04:49.349Z [HARVEST] Snapshot c9d3af37-d98d-482d-96a5-16312cd4cf8d created
2026-06-24T08:04:49.352Z [HARVEST] Snapshot 37d83011-f9fb-45c0-bee2-5b9137ea00f9 created
2026-06-24T08:04:49.357Z [HARVEST] Snapshot d88e78e9-b9c2-44bc-a5bb-2fa55d4937fe created
2026-06-24T08:04:49.360Z [HARVEST] Snapshot ee8fb75a-7fbe-4680-88eb-8f34aa06f061 created
2026-06-24T08:04:49.363Z [HARVEST] Snapshot 437daa5e-ef8e-4f60-b95f-9e30b0109ebf created
2026-06-24T08:04:49.366Z [HARVEST] Snapshot a438d54c-a4a0-43fb-86e6-916a81d94433 created
2026-06-24T08:04:49.369Z [HARVEST] Snapshot 51642d2a-c25b-4e90-9dde-1f966d76edca created
2026-06-24T08:04:49.372Z [HARVEST] Snapshot 9e3365bf-b9dc-4115-bf04-af8471d911c0 created
2026-06-24T08:04:49.374Z [HARVEST] Snapshot 5ef8579d-1c7f-43af-8c17-b353f2eac79c created
2026-06-24T08:04:49.377Z [HARVEST] Snapshot e29fff4f-7986-42fd-b905-775d2215d312 created
2026-06-24T08:04:49.380Z [HARVEST] Snapshot a905ee46-2d67-44f9-a0d5-78949a9272b2 created
2026-06-24T08:04:49.383Z [HARVEST] Snapshot 92e2a6ab-aec9-4338-a1ce-681625da0f38 created
2026-06-24T08:04:49.386Z [HARVEST] Snapshot 56cee529-b6a0-43c0-bdae-5b90f767ca2e created
2026-06-24T08:04:49.389Z [HARVEST] Snapshot d23d99a3-16f0-43d0-a2f3-2aaadb4e3997 created
2026-06-24T08:04:49.392Z [HARVEST] Snapshot b44d7115-40b5-4d74-afab-c284d3770e2b created
2026-06-24T08:04:49.394Z [HARVEST] Snapshot a6445fb8-a576-42d9-9f30-238fe87d056c created
2026-06-24T08:04:49.397Z [HARVEST] Snapshot 8cd7d4e3-04d9-434e-9d1c-f6897c076452 created
2026-06-24T08:04:49.399Z [HARVEST] Snapshot 2ac76a0c-cb8e-4c12-b60b-f6e0b7868ac6 created
2026-06-24T08:04:49.402Z [HARVEST] Snapshot b68ea73b-bdc5-4337-8427-eb9efcc7fa79 created
2026-06-24T08:04:49.405Z [HARVEST] Snapshot cebc6c14-62ff-4a87-aa66-a19a3dbaf4c5 created
2026-06-24T08:04:49.411Z [HARVEST] Snapshot d08e46c2-bddd-441e-84e6-455630cd79c9 created
2026-06-24T08:04:49.415Z [HARVEST] Snapshot 57bc989f-0e56-4ff9-9f24-08bb05d6c840 created
2026-06-24T08:04:49.418Z [HARVEST] Snapshot a2cfebf5-66a2-4cff-a32e-00d25f8cf0c1 created
2026-06-24T08:04:49.421Z [HARVEST] Snapshot df321d49-7d52-4d5c-b3ac-8ee9a755c6e1 created
2026-06-24T08:04:49.423Z [HARVEST] Snapshot 649ee321-66b0-4bdb-8eca-d56189139fde created
2026-06-24T08:04:49.426Z [HARVEST] Snapshot f6430fb8-bf4f-4544-b1c6-0b15372e0a3a created
2026-06-24T08:04:49.429Z [HARVEST] Snapshot 778b6362-ba72-4bb4-8330-015cce7826e9 created
2026-06-24T08:04:49.432Z [HARVEST] Snapshot 11ee572a-936e-46a5-ad83-8d7b4e7aedec created
2026-06-24T08:04:49.435Z [HARVEST] Snapshot 173f6736-0ca8-4f90-87dd-c72081d418b6 created
2026-06-24T08:04:49.438Z [HARVEST] Snapshot 77460858-4d75-4684-ad22-91e41b96c955 created
2026-06-24T08:04:49.441Z [HARVEST] Snapshot 8c1b5ad6-5b80-406e-86f2-dde8b8507782 created
2026-06-24T08:04:49.444Z [HARVEST] Snapshot 8c4a1bff-48c4-4b7d-94a3-98aa9279e8e9 created
2026-06-24T08:04:49.447Z [HARVEST] Snapshot a93d06fd-3a8e-4cee-a1a2-e1782b8e3c8a created
2026-06-24T08:04:49.449Z [HARVEST] Snapshot 4467aceb-de50-4821-8ea7-4df8e5919982 created
2026-06-24T08:04:49.453Z [HARVEST] Snapshot e9a0f4bf-f0ab-492c-afcb-570a3d8f81a0 created
2026-06-24T08:04:49.456Z [HARVEST] Snapshot a5bddf9b-899c-473d-8279-5511544cd2d8 created
2026-06-24T08:04:49.459Z [HARVEST] Snapshot c770f925-ba10-49a2-bc59-0f16b440d9e3 created
2026-06-24T08:04:49.462Z [HARVEST] Snapshot 6b9b8186-2ce7-4543-9a50-8a40256b7a56 created
2026-06-24T08:04:49.465Z [HARVEST] Snapshot 38d55f55-57d4-4a78-97b6-2dbb8e4ca8e2 created
2026-06-24T08:04:49.468Z [HARVEST] Snapshot 91cb2c95-742e-44e7-99f5-1fc05542e6c1 created
2026-06-24T08:04:49.471Z [HARVEST] Snapshot dfe1b248-dd6a-4772-8e24-2637f9146cb1 created
2026-06-24T08:04:49.474Z [HARVEST] Snapshot a00c063f-5b1a-48dd-863a-b4b00e360686 created
2026-06-24T08:04:49.477Z [HARVEST] Snapshot 1580f692-d2c4-4103-baf2-e2969590896c created
2026-06-24T08:04:49.480Z [HARVEST] Snapshot 3dd173aa-0170-4463-b00f-a287bb52bf69 created
2026-06-24T08:04:49.483Z [HARVEST] Snapshot 2164d22e-9f88-4bb0-9818-a025114341ea created
2026-06-24T08:04:49.486Z [HARVEST] Snapshot f46528f3-0785-4ff4-8e8d-d0ff54f44529 created
2026-06-24T08:04:49.489Z [HARVEST] Snapshot 5ad96b07-aa73-4526-ab5b-57b7e6006c13 created
2026-06-24T08:04:49.492Z [HARVEST] Snapshot 402ddba2-d2e9-442b-9c09-9074db0ef5c7 created
2026-06-24T08:04:49.495Z [HARVEST] Snapshot 11ce8cf5-d290-4340-9266-caeca656c7a1 created
2026-06-24T08:04:49.499Z [HARVEST] Snapshot 6fecc875-da8d-4a5e-972b-472430582015 created
2026-06-24T08:04:49.502Z [HARVEST] Snapshot f20b3612-f1f3-40bb-91e6-7e3f3f926da8 created
2026-06-24T08:04:49.506Z [HARVEST] Snapshot 8c1ed110-7fa8-4513-8b9f-39b65ecb0242 created
2026-06-24T08:04:49.509Z [HARVEST] Snapshot e02bb256-daaa-469b-863b-21dd05a887f9 created
2026-06-24T08:04:49.512Z [HARVEST] Snapshot 91a08ba2-deb2-4185-9a20-8459917add5d created
2026-06-24T08:04:49.516Z [HARVEST] Snapshot 1525bac7-b5b3-4ad8-9832-209786bf04f6 created
2026-06-24T08:04:49.518Z [HARVEST] Snapshot 9ea66445-1f01-4318-88d0-bb5440f834a0 created
2026-06-24T08:04:49.521Z [HARVEST] Snapshot d898e465-5601-4f0f-bccd-3bcfce17ba2e created
2026-06-24T08:04:49.525Z [HARVEST] Snapshot eb2409d2-c112-4112-b76b-43f4c803eb65 created
2026-06-24T08:04:49.528Z [HARVEST] Snapshot 7781c800-cab2-4f82-bdcd-8c9fafca2faa created
2026-06-24T08:04:49.531Z [HARVEST] Snapshot 61add7ac-14fc-45de-a405-f40c22989c60 created
2026-06-24T08:04:49.534Z [HARVEST] Snapshot cdedd984-47c1-4611-859c-8281059b09ed created
2026-06-24T08:04:49.537Z [HARVEST] Snapshot b4172a31-7fb8-4a88-8441-f4902a99038b created
2026-06-24T08:04:49.540Z [HARVEST] Snapshot 20218d48-f98a-46a0-869f-b80c4b9719f7 created
2026-06-24T08:04:49.543Z [HARVEST] Snapshot c0eed1e7-7f39-43a6-b532-df25d41d6bf4 created
2026-06-24T08:04:49.546Z [HARVEST] Snapshot 8913c373-6149-4558-aa96-a70eca52272d created
2026-06-24T08:04:49.549Z [HARVEST] Snapshot 7a19846e-70d8-4db3-8442-115cb79b4fea created
2026-06-24T08:04:49.552Z [HARVEST] Snapshot 5e3cc3cb-8548-466f-8fb5-65fa4872f031 created
2026-06-24T08:04:49.555Z [HARVEST] Snapshot d28c086e-671e-40b1-a956-3d18977f7e1a created
2026-06-24T08:04:49.562Z [HARVEST] Snapshot afdd5951-8bac-4684-ae87-32c902628b34 created
2026-06-24T08:04:49.564Z [HARVEST] Snapshot a86e45e9-5839-4db2-949c-2f3a81eed51b created
2026-06-24T08:04:49.568Z [HARVEST] Snapshot d58785a4-808d-4742-805b-bff420c73a8e created
2026-06-24T08:04:49.571Z [HARVEST] Snapshot 0f66ac0e-2672-4b95-9ed8-267bfbb5a702 created
2026-06-24T08:04:49.574Z [HARVEST] Snapshot e1b53f4f-6b7f-4bd9-8e03-6e0db7530278 created
2026-06-24T08:04:49.577Z [HARVEST] Snapshot 75b7366a-d1f4-42a9-a755-4f273686fefb created
2026-06-24T08:04:49.580Z [HARVEST] Snapshot bb4f0da3-6070-450e-bacc-45954bd93eba created
2026-06-24T08:04:49.583Z [HARVEST] Snapshot 854dbe70-0ece-48f9-82e5-062d439fe7e7 created
2026-06-24T08:04:49.586Z [HARVEST] Snapshot 03555505-c84e-4993-a0d3-eb98cdfe0be1 created
2026-06-24T08:04:49.589Z [HARVEST] Snapshot c1112608-9988-4c53-8e28-809a9a6142ad created
2026-06-24T08:04:49.592Z [HARVEST] Snapshot 4c1ca2b9-10f6-481c-86a5-295f6e262de2 created
2026-06-24T08:04:49.595Z [HARVEST] Snapshot cfc7c09e-581e-4126-aa34-7424eb4a6055 created
2026-06-24T08:04:49.598Z [HARVEST] Snapshot e6b26014-6fea-4dc5-9b52-63029f3a6d74 created
2026-06-24T08:04:49.601Z [HARVEST] Snapshot 97e912b1-4f88-4eaa-8cda-777902ab1353 created
2026-06-24T08:04:49.604Z [HARVEST] Snapshot c5374507-3f67-4102-93b3-59b3534d7f33 created
2026-06-24T08:04:49.607Z [HARVEST] Snapshot abd40a72-8d8a-4311-80e3-5247ac815f32 created
2026-06-24T08:04:49.610Z [HARVEST] Snapshot c2ab15fc-9e0d-486f-a749-c2ba76b7b22d created
2026-06-24T08:04:49.613Z [HARVEST] Snapshot 2f3bb44e-a8c5-4cdc-8b2c-9ccac718821f created
2026-06-24T08:04:49.616Z [HARVEST] Snapshot 9120de3c-cb9c-4012-81de-e2d568fd2ab3 created
2026-06-24T08:04:49.619Z [HARVEST] Snapshot afa6b4c9-2155-4cbf-a5d3-8632c251f560 created
2026-06-24T08:04:49.622Z [HARVEST] Snapshot 05246ecc-46db-4795-8246-90fcec5fddb9 created
2026-06-24T08:04:49.625Z [HARVEST] Snapshot ae183fd1-8e88-4c80-a6e8-3700de1e4ec9 created
2026-06-24T08:04:49.628Z [HARVEST] Snapshot 39d979a2-c0ef-4258-8389-e9ceff76f03e created
2026-06-24T08:04:49.631Z [HARVEST] Snapshot 61b1aba0-a9f5-4b31-8c99-00279421d735 created
2026-06-24T08:04:49.634Z [HARVEST] Snapshot 194b27b4-9a68-4542-b358-2ff8d4ca48b6 created
2026-06-24T08:04:49.637Z [HARVEST] Snapshot 7c81bef7-9708-429e-b618-cfafc2268e2b created
2026-06-24T08:04:49.640Z [HARVEST] Snapshot acf8e80e-4bbe-4ecb-8be2-27d6000f88da created
2026-06-24T08:04:49.643Z [HARVEST] Snapshot af664bca-10a4-4426-9393-768bfce5ea7e created
2026-06-24T08:04:49.646Z [HARVEST] Snapshot 6a9091ec-2c99-4265-875f-e72f9f15e3c6 created
2026-06-24T08:04:49.649Z [HARVEST] Snapshot a7269f44-94e3-4971-8d50-b4fb67d6697b created
2026-06-24T08:04:49.652Z [HARVEST] Snapshot 7a0bc7f6-0b20-4302-a5f1-7dbf77e4dbf6 created
2026-06-24T08:04:49.655Z [HARVEST] Snapshot bbb20da5-4b4f-49ab-8a5a-7009bda7e40c created
2026-06-24T08:04:49.658Z [HARVEST] Snapshot 05cbab3c-6502-4802-b9f6-1b1409fbbe4e created
2026-06-24T08:04:49.662Z [HARVEST] Snapshot 4e73a117-1e2b-4489-ab40-7b7b1096cd85 created
2026-06-24T08:26:39.192Z [HARVEST] Snapshot 78f8868c-3a76-468f-bf7c-0692b19a977a created
2026-06-24T08:27:09.189Z [HARVEST] Snapshot b6c147bf-735c-44d3-af80-ed416de44ade created
2026-06-24T08:27:39.191Z [HARVEST] Snapshot 790f4b7f-2409-43ae-a91a-cba6e608d420 created
2026-06-24T08:28:09.193Z [HARVEST] Snapshot 47b6e5ce-47b6-4247-b1c5-e62d2bf3f21e created
2026-06-24T08:28:39.192Z [HARVEST] Snapshot 3539a958-ea27-4935-af1f-19caa42d5d3e created
2026-06-24T08:29:09.227Z [HARVEST] Snapshot 0736e692-f9b1-4747-8735-30db3d280dc9 created
2026-06-24T08:29:39.232Z [HARVEST] Snapshot 0fb3e700-4402-4b14-8429-764e0de681c6 created
2026-06-24T08:30:09.193Z [HARVEST] Snapshot f15b0305-16f6-4560-ab36-4e44efa8a7b2 created
2026-06-24T08:30:39.194Z [HARVEST] Snapshot 78e6442f-e623-401f-ab7d-b82a3e830dcb created
2026-06-24T08:31:09.235Z [HARVEST] Snapshot b373b03d-3807-4fa8-8832-0247b3b0b6bd created
2026-06-24T08:31:39.203Z [HARVEST] Snapshot 2ad582fa-ec4f-4c50-9667-be7c1f0a7198 created
2026-06-24T08:32:09.205Z [HARVEST] Snapshot 8251a5ea-b80b-4566-b431-9a0d05cf833a created
2026-06-24T08:32:39.257Z [HARVEST] Snapshot 7ed1f7d2-5ec3-4d73-ae20-e4b1b8e4ddf6 created
2026-06-24T08:33:09.241Z [HARVEST] Snapshot bd5995d4-5821-4ae6-94e5-a583b34b8145 created
2026-06-24T08:33:39.208Z [HARVEST] Snapshot db8639ec-fd60-4a20-ac41-bf8f55068822 created
2026-06-24T08:34:09.244Z [HARVEST] Snapshot a36b5637-d820-4db3-8560-81e7960251d9 created
2026-06-24T08:34:39.244Z [HARVEST] Snapshot 1683cc4f-002d-4806-a43c-bc7f04273964 created
2026-06-24T08:35:09.210Z [HARVEST] Snapshot 464a413b-e997-4613-a7eb-0233cea6289b created
2026-06-24T08:35:39.216Z [HARVEST] Snapshot 87b60b69-a71c-4fcf-9fde-ff7a8586c3e0 created
2026-06-24T08:36:09.248Z [HARVEST] Snapshot b55b8317-c740-43e5-b038-2d0721120505 created
2026-06-24T08:36:39.256Z [HARVEST] Snapshot 5c2b591a-6b5f-4751-9249-608dd7a75f76 created
2026-06-24T08:37:09.219Z [HARVEST] Snapshot 87e464b6-c8d9-40c1-a550-7568a3bbdc91 created
2026-06-24T08:37:39.282Z [HARVEST] Snapshot a3c0aab4-9dfd-4267-bf88-7f6ce6759a8b created
2026-06-24T08:38:09.257Z [HARVEST] Snapshot 42249e67-586f-4f5f-8f50-bcffe636c6ad created
2026-06-24T08:38:39.227Z [HARVEST] Snapshot e8d76e55-a67e-42b8-8581-80072ba88fe7 created
2026-06-24T08:39:09.222Z [HARVEST] Snapshot c0ae9172-a44e-4887-a1c8-d8e6d6f10ffe created
2026-06-24T08:39:39.261Z [HARVEST] Snapshot a1177096-fd35-4fbf-9244-a7c9c9148d86 created
2026-06-24T08:40:09.260Z [HARVEST] Snapshot 2d6055d5-993a-4d6a-96a0-d21a7d492220 created
2026-06-24T08:40:39.234Z [HARVEST] Snapshot fcb636be-0380-48d2-a309-ea6f79a8e033 created
2026-06-24T08:41:09.231Z [HARVEST] Snapshot 0c3de137-33e4-47d6-89da-0d571effb911 created
2026-06-24T08:41:39.235Z [HARVEST] Snapshot a8e7c1de-dfdb-46a9-b030-512ca5760d81 created
2026-06-24T08:42:09.267Z [HARVEST] Snapshot 8f59fd72-3c5d-4063-81fa-581a86120053 created
2026-06-24T08:42:39.240Z [HARVEST] Snapshot 6cb799b1-5b3a-4aab-8b6f-cb2cf26aea3b created
2026-06-24T08:43:09.270Z [HARVEST] Snapshot 00ed863c-eb56-49e4-ad2b-5ddf29d92bfb created
2026-06-24T08:43:39.242Z [HARVEST] Snapshot 2b6fc8d0-38f1-4505-a254-fe56d7992215 created
2026-06-24T08:44:09.239Z [HARVEST] Snapshot b2e66bf1-af03-4b3a-9abe-d604592a0e0f created
2026-06-24T08:44:39.280Z [HARVEST] Snapshot 02763edf-c842-4c1c-afb9-6058e5079952 created
2026-06-24T08:45:09.245Z [HARVEST] Snapshot 802c7f17-8ecd-418f-beb6-59894129f908 created
2026-06-24T08:45:39.286Z [HARVEST] Snapshot b7ac9a70-36b2-4fbb-a3b3-3aecccd417a9 created
2026-06-24T08:46:09.249Z [HARVEST] Snapshot 6264d07b-6261-4290-a3fa-9cfbbc9c7baa created
2026-06-24T08:46:39.289Z [HARVEST] Snapshot 70c611b2-400d-4dff-ae3c-0277eb9b5bfb created
2026-06-24T08:47:09.285Z [HARVEST] Snapshot b7dd8926-27c6-48f4-99db-48fa374c8242 created
2026-06-24T08:47:39.259Z [HARVEST] Snapshot b9da477a-9cc7-4b3a-ada9-9fee34f3edfa created
2026-06-24T08:48:09.314Z [HARVEST] Snapshot 279461c4-8ee1-45fa-beb1-5d9f13ecdfc2 created
2026-06-24T08:48:39.253Z [HARVEST] Snapshot ef6572eb-1c28-4867-b337-647dbafda653 created
2026-06-24T08:49:09.253Z [HARVEST] Snapshot 0a42f0f6-dfd4-4ef8-82a9-7b11a66abcad created
2026-06-24T08:49:39.256Z [HARVEST] Snapshot 89d74c57-ef95-4277-b6a3-61e78e95b1be created
2026-06-24T08:50:09.256Z [HARVEST] Snapshot b4564579-642c-44c4-9618-e2b8017866b9 created
2026-06-24T08:50:39.297Z [HARVEST] Snapshot 3508afd4-c890-4469-981e-c848370d9c81 created
2026-06-24T08:51:09.260Z [HARVEST] Snapshot 0725d744-edb3-47fa-923e-953de8451069 created
2026-06-24T08:51:39.262Z [HARVEST] Snapshot 078ab786-ced7-4e16-9d48-8abede711051 created
2026-06-24T08:52:09.263Z [HARVEST] Snapshot 342b92f9-fb56-404a-91a4-037ed58c8ef9 created
2026-06-24T08:52:39.301Z [HARVEST] Snapshot 0910064b-f466-407b-bde7-b858b3846380 created
2026-06-24T08:53:09.263Z [HARVEST] Snapshot 0a5fc8a1-d9c2-4917-967e-9e00a02c941a created
2026-06-24T08:53:39.303Z [HARVEST] Snapshot 661e2bcc-9247-42bc-ac9b-92fe950bb948 created
2026-06-24T08:54:09.304Z [HARVEST] Snapshot 93865bd5-0cfa-466b-8cfd-55d02ef0d813 created
2026-06-24T08:54:39.276Z [HARVEST] Snapshot 0bc6e87b-0b14-49eb-a18a-f9d7ff830444 created
2026-06-24T08:55:09.306Z [HARVEST] Snapshot 934d2eae-04e2-4e16-85fa-0a115f875c17 created
2026-06-24T08:55:39.277Z [HARVEST] Snapshot 7006c7e8-ae1d-4a3a-bbcd-51a1aea5667c created
2026-06-24T08:56:09.276Z [HARVEST] Snapshot d4045bd6-94af-4c14-9cf5-8bca1cbe1043 created
2026-06-24T08:56:39.280Z [HARVEST] Snapshot b45c0400-aa82-40b4-8cbe-0e2c506e5ab5 created
2026-06-24T08:57:09.277Z [HARVEST] Snapshot 79897809-a741-4177-81ae-bfba7f07c8a6 created
2026-06-24T08:57:39.315Z [HARVEST] Snapshot 8dbb2444-95bb-498a-8c78-b51c9bf34232 created
2026-06-24T08:58:09.278Z [HARVEST] Snapshot be275fd6-6911-405c-a60c-2890f0b2a40b created
2026-06-24T08:58:39.321Z [HARVEST] Snapshot bd43bc9d-c3eb-41e2-b62d-c90cc17d77d9 created
2026-06-24T08:59:09.284Z [HARVEST] Snapshot c62dc5c2-e1da-41d6-a629-fa893729b962 created
2026-06-24T08:59:39.291Z [HARVEST] Snapshot e2787be4-6447-4c21-ab0e-800732446d53 created
2026-06-24T09:00:09.289Z [HARVEST] Snapshot 4709725d-1d96-4984-8ed3-907371d32425 created
2026-06-24T09:00:39.293Z [HARVEST] Snapshot c8a98064-a0f3-48a2-b982-bdb1cd70013c created
2026-06-24T09:01:09.293Z [HARVEST] Snapshot 135237cf-a8f9-4ffd-89ed-4b6016f6be60 created
2026-06-24T09:01:39.295Z [HARVEST] Snapshot e62abb97-4ddc-4a9b-b436-89c92b568331 created
2026-06-24T09:02:09.298Z [HARVEST] Snapshot b7f5f4a2-9cc9-4611-b5b1-f955746af64b created
2026-06-24T09:02:39.343Z [HARVEST] Snapshot ced832c6-243b-4ba6-83a2-c79ff71d7604 created
2026-06-24T09:03:09.335Z [HARVEST] Snapshot eade0625-7eb8-4c5f-bdb8-d55055b8f866 created
2026-06-24T09:03:39.310Z [HARVEST] Snapshot e5621be7-1571-42ff-9a13-88e5a581b44a created
2026-06-24T09:04:09.307Z [HARVEST] Snapshot b7dec596-bf86-4d35-9b23-7ed00881d40a created
2026-06-24T09:04:39.343Z [HARVEST] Snapshot 93e01af4-0fcb-4f90-9f6b-70ba550f5cee created
2026-06-24T09:05:09.311Z [HARVEST] Snapshot bbc64a08-89df-44b1-8f75-9245d550b07d created
2026-06-24T09:05:39.346Z [HARVEST] Snapshot d7921baa-6a25-4ea0-ac17-ba4940f5cde9 created
2026-06-24T09:06:09.347Z [HARVEST] Snapshot 5d778f0b-9837-4f33-91c3-8e5df8ab5ef0 created
2026-06-24T09:06:39.349Z [HARVEST] Snapshot 9623a589-06b4-4ab2-b9e5-823810cdeff3 created
2026-06-24T09:07:09.315Z [HARVEST] Snapshot aa23b536-d8f2-4e22-902f-fa33e5364d07 created
2026-06-24T09:07:39.355Z [HARVEST] Snapshot 072f813d-a4e6-4fc3-a85f-3e75b6c835dd created
2026-06-24T09:08:09.322Z [HARVEST] Snapshot c089e62b-f056-499a-b415-8953afe6968f created
2026-06-24T09:08:39.324Z [HARVEST] Snapshot 5c21a2b6-1562-4681-b8a0-89f38f3d5014 created
2026-06-24T09:09:09.326Z [HARVEST] Snapshot 8f42055b-0de4-4488-8061-5106ec48e16a created
2026-06-24T09:09:39.330Z [HARVEST] Snapshot 70ce6f88-3412-406e-b042-32b06f8af071 created
2026-06-24T09:10:09.362Z [HARVEST] Snapshot 8b4510f9-665e-42ac-9be1-0c36a2f1a35a created
2026-06-24T09:10:39.332Z [HARVEST] Snapshot 34e725fa-48a8-48a8-bac0-ce8c86f2c0de created
2026-06-24T09:11:09.331Z [HARVEST] Snapshot a8cae248-6a56-4fa4-8819-4819c651167b created
2026-06-24T09:11:39.331Z [HARVEST] Snapshot 6c2c692d-1dd3-4500-a3ad-9628912f5f3a created
2026-06-24T09:12:09.331Z [HARVEST] Snapshot 52fea812-aa7f-4c18-ae5e-9bf408c194f9 created
2026-06-24T09:12:39.336Z [HARVEST] Snapshot 88f84af6-7ff0-4147-baab-ade7dd9515d7 created
2026-06-24T09:13:09.370Z [HARVEST] Snapshot f24c1fd8-a264-4514-8863-91cb0116cce7 created
2026-06-24T09:13:39.376Z [HARVEST] Snapshot 1c30dd9c-3618-4c0f-91c1-8833d1461550 created
2026-06-24T09:14:09.343Z [HARVEST] Snapshot 61a03277-2644-43a3-b79e-fd992e5f04e1 created
2026-06-24T09:14:39.345Z [HARVEST] Snapshot 68d51bf8-5887-4753-95a2-22102124ae74 created
2026-06-24T09:15:09.345Z [HARVEST] Snapshot 97beafbc-f4bb-425b-86f3-db5607259cd8 created
2026-06-24T09:15:39.344Z [HARVEST] Snapshot 8e653a0c-4666-4c9d-af14-34bbec0aaf4f created
2026-06-24T09:16:09.342Z [HARVEST] Snapshot ec945512-45cc-45ee-96a6-e8d4f7d1b791 created
2026-06-24T09:16:39.348Z [HARVEST] Snapshot 57b0c554-d037-431f-b7ba-d6fb35babf1c created
2026-06-24T09:17:09.347Z [HARVEST] Snapshot 3c93d634-cb5f-4eea-a0c1-61d080699e61 created
2026-06-24T09:17:39.354Z [HARVEST] Snapshot 79c55084-31a8-4234-9299-3b8eda8fdd64 created
2026-06-24T09:18:09.352Z [HARVEST] Snapshot 87806081-507b-48ca-923d-9013b4112c89 created
2026-06-24T09:18:39.356Z [HARVEST] Snapshot d26b1f4b-389f-4a18-bccb-bf5f6804f910 created
2026-06-24T09:19:09.353Z [HARVEST] Snapshot aa48770a-b8e8-4100-86dd-ab30e18ee4a2 created
2026-06-24T09:19:39.357Z [HARVEST] Snapshot 7c84f165-5e33-4030-83fe-54bf8d145b45 created
2026-06-24T09:20:09.356Z [HARVEST] Snapshot 5aa19c1b-6d5d-401d-b9ed-9eba7b6ebd04 created
2026-06-24T09:20:39.392Z [HARVEST] Snapshot 0e15d081-4cab-4173-b612-20ba3d0dac71 created
2026-06-24T09:21:09.360Z [HARVEST] Snapshot e742a98d-ef8f-47db-8780-35b513f734cb created
2026-06-24T09:21:39.399Z [HARVEST] Snapshot ea1f1995-8e42-40ee-80d1-30f25b042b37 created
2026-06-24T09:22:09.364Z [HARVEST] Snapshot 08d4c38d-3a8f-4018-a0af-8a951db656a4 created
2026-06-24T09:22:39.371Z [HARVEST] Snapshot 606debcb-a277-4fbb-ad97-6bf150b96484 created
2026-06-24T09:23:09.367Z [HARVEST] Snapshot a8f5ae7a-4ced-49d0-a747-c4c37051bd98 created
2026-06-24T09:23:39.408Z [HARVEST] Snapshot 6c364931-90d6-4568-b051-2511af64d130 created
2026-06-24T09:24:09.403Z [HARVEST] Snapshot fdda5db8-0990-48b5-84f7-f30846fd4306 created
2026-06-24T09:24:39.371Z [HARVEST] Snapshot 3c010a84-cbec-4716-a405-7316f6abc2ef created
2026-06-24T09:25:09.374Z [HARVEST] Snapshot f4a442f1-327f-4261-b04e-08e1f975f399 created
2026-06-24T09:25:39.379Z [HARVEST] Snapshot d8a8abd7-8a47-4488-bf6c-513a5f549829 created
2026-06-24T09:26:09.373Z [HARVEST] Snapshot 723f15fd-675b-491b-83b3-a6d52862a7cf created
2026-06-24T09:26:39.379Z [HARVEST] Snapshot 0747549a-95a3-4b34-841d-5ac3aa8650cf created
2026-06-24T09:27:09.381Z [HARVEST] Snapshot 93f3a8be-1bf2-45a5-a5a0-a6b1ba5db48f created
2026-06-24T09:27:39.417Z [HARVEST] Snapshot 98d3c0c2-921b-432c-a166-4687e2219caf created
2026-06-24T09:28:09.381Z [HARVEST] Snapshot 18289143-1fe9-4a4e-ba83-01073b856af8 created
2026-06-24T09:28:39.384Z [HARVEST] Snapshot a7417e1e-f5c7-41d9-a361-9985f1a9d559 created
2026-06-24T09:29:09.383Z [HARVEST] Snapshot 326a2b91-0928-42f7-b7fa-292c901adaa5 created
2026-06-24T09:29:39.383Z [HARVEST] Snapshot 5070bc38-ff95-4a6a-8e2d-ad9b86007420 created
2026-06-24T09:30:09.383Z [HARVEST] Snapshot bc0c590a-b171-4656-b637-24c3daa3d97c created
2026-06-24T09:30:39.390Z [HARVEST] Snapshot aab1d8cb-d5c5-4326-86d1-055125d3dd93 created
2026-06-24T09:31:09.389Z [HARVEST] Snapshot c999c707-de0e-4fb4-ab86-ce9fa9816eb0 created
2026-06-24T09:31:39.394Z [HARVEST] Snapshot 94a679b3-ffd6-49a5-a83d-5a4388eb8237 created
2026-06-24T09:32:09.393Z [HARVEST] Snapshot cce26324-bb5b-4cd5-85dc-ccb90c7862d0 created
2026-06-24T09:32:39.400Z [HARVEST] Snapshot a7502297-c83f-47dc-a72b-53ab515e8987 created
2026-06-24T09:33:09.399Z [HARVEST] Snapshot d88e1de4-a8d8-4800-8858-50d124dd5aa2 created
2026-06-24T09:33:39.400Z [HARVEST] Snapshot 7a7ab9fa-b500-4845-8592-faf2029a6b83 created
2026-06-24T09:34:09.434Z [HARVEST] Snapshot 962d4d20-ab8e-4158-95fe-b1e6ea329eab created
2026-06-24T09:34:39.435Z [HARVEST] Snapshot e497010e-ddda-46cc-98fd-3c1564f12137 created
2026-06-24T09:35:09.402Z [HARVEST] Snapshot 486dc839-1811-4cba-862e-231b3a4e8d03 created
2026-06-24T09:35:39.407Z [HARVEST] Snapshot a3f9cacd-a1e1-4f4c-b794-f396660b1288 created
2026-06-24T09:36:09.407Z [HARVEST] Snapshot 61b5b980-388a-4934-ae73-a04d11c4e47f created
2026-06-24T09:36:39.411Z [HARVEST] Snapshot 69b668cf-1bf0-4230-a1dc-3f79095c7b1e created
2026-06-24T09:37:09.411Z [HARVEST] Snapshot d0611b0d-f72b-4878-ac75-5dbad0817270 created
2026-06-24T09:37:39.413Z [HARVEST] Snapshot f5cd1eb1-c066-427c-8616-24fa06bfc88e created
2026-06-24T09:38:09.414Z [HARVEST] Snapshot 65a12022-d36a-4ba3-826b-94c5255b9416 created
2026-06-24T09:38:39.418Z [HARVEST] Snapshot a5e8b56c-f348-42a4-894f-56009e56fc2f created
2026-06-24T09:39:09.453Z [HARVEST] Snapshot b9497cee-afba-4adf-9551-79fcdbe67778 created
2026-06-24T09:39:39.424Z [HARVEST] Snapshot e207ce78-7099-4ed7-a154-6cc66fa1fbbc created
2026-06-24T09:40:09.426Z [HARVEST] Snapshot 2aaa353e-29ec-45c1-8b90-b12ee1a1faaa created
2026-06-24T09:40:39.425Z [HARVEST] Snapshot b84be8a1-93b3-4453-8c81-b1cdc63a57be created
2026-06-24T09:41:09.462Z [HARVEST] Snapshot b9cee3c6-7899-4772-9485-9cd831c497e8 created
2026-06-24T09:41:39.462Z [HARVEST] Snapshot fa4bb10d-cebe-4506-8029-2d283c62bc37 created
2026-06-24T09:42:09.428Z [HARVEST] Snapshot 5210504d-1980-46c2-abab-d8f49abcfe10 created
2026-06-24T09:42:39.465Z [HARVEST] Snapshot e2c8447a-d0e4-44e7-9745-fc4dcedba7fe created
2026-06-24T09:43:09.433Z [HARVEST] Snapshot 2d30d2c0-a5c5-4df5-a606-433a5f339805 created
2026-06-24T09:43:39.432Z [HARVEST] Snapshot 8e73b224-e595-4420-a333-412fa5059018 created
2026-06-24T09:44:09.432Z [HARVEST] Snapshot c28d598c-f558-4d3e-abee-3e9b92414fc3 created
2026-06-24T09:44:39.437Z [HARVEST] Snapshot fe928e7d-4efc-471a-8243-9ebaf11a7ddd created
2026-06-24T09:45:09.439Z [HARVEST] Snapshot 64ffb9d3-8797-4bd5-888e-c2584079324b created
2026-06-24T09:45:39.441Z [HARVEST] Snapshot a7e54cf0-4c0b-4a93-ae2e-b3701f6e6fab created
2026-06-24T09:46:09.442Z [HARVEST] Snapshot bf4f4877-0316-42fd-be8e-5534d09406a2 created
2026-06-24T09:46:39.443Z [HARVEST] Snapshot 52d6a6de-82f0-4301-8d8c-e24079335b7d created
2026-06-24T09:47:09.447Z [HARVEST] Snapshot 982ed483-2981-4f60-b3ac-ac8cdb5649b8 created
2026-06-24T09:47:39.448Z [HARVEST] Snapshot 139770e1-2c76-470a-93f8-7e229e029787 created
2026-06-24T09:48:09.483Z [HARVEST] Snapshot 954fede0-b1a6-43e8-bbea-8ba4b05bdcc4 created
2026-06-24T09:48:39.483Z [HARVEST] Snapshot f0053897-9f25-4efa-bd4b-6a94e12a60a9 created
2026-06-24T09:49:09.451Z [HARVEST] Snapshot c5974a98-b387-47f1-81aa-95a6de2d4d9f created
2026-06-24T09:49:39.453Z [HARVEST] Snapshot dffdc8e5-3e78-48fb-9fd0-19a354c15550 created
2026-06-24T09:50:09.457Z [HARVEST] Snapshot 7d46853a-8ed5-4bde-a0fa-e0ed24b5be51 created
2026-06-24T09:50:39.459Z [HARVEST] Snapshot c867a1c0-1d79-4541-bfe3-352f95b05538 created
2026-06-24T09:51:09.460Z [HARVEST] Snapshot 2be0fe53-4274-438f-87e9-b9debcad1aaa created
2026-06-24T09:51:39.465Z [HARVEST] Snapshot aeaa0114-44db-4e60-9696-6bc35bef6b2e created
2026-06-24T09:52:09.458Z [HARVEST] Snapshot 8a6715b8-a4d3-4758-b73d-f9b86cb686a9 created
2026-06-24T09:52:39.462Z [HARVEST] Snapshot 1ccc02df-5288-440a-9152-2c2395e696e5 created
2026-06-24T09:53:09.462Z [HARVEST] Snapshot e96d8411-aac1-4bd3-ab5e-ffc64f49964e created
2026-06-24T09:53:39.498Z [HARVEST] Snapshot f1c28caf-09c6-4612-8e6d-8656a4d395fe created
2026-06-24T09:54:09.465Z [HARVEST] Snapshot cd6c2371-c5e3-4121-bc2c-8663422f1c12 created
2026-06-24T09:54:39.471Z [HARVEST] Snapshot 41db3a91-a365-4f55-98d4-be5de7716e92 created
2026-06-24T09:55:09.506Z [HARVEST] Snapshot 86d9d9ce-48e6-4b93-9f5f-755ad3cc9923 created
2026-06-24T09:55:39.510Z [HARVEST] Snapshot fd4d8c14-cba4-4a68-9842-fc74a0d7d623 created
2026-06-24T09:56:09.476Z [HARVEST] Snapshot a09f077b-2e19-47c6-9510-7987efccc4c3 created
2026-06-24T09:56:39.482Z [HARVEST] Snapshot c3995174-c5f1-4815-8fc2-594dd3d2caab created
2026-06-24T09:57:09.531Z [HARVEST] Snapshot 73103fcd-bb4e-46a3-9ef2-da5d109fb4ab created
2026-06-24T09:57:39.480Z [HARVEST] Snapshot a2fda388-c766-413d-84ee-d213223a8ee7 created
2026-06-24T09:58:09.484Z [HARVEST] Snapshot 5ac5363e-58e2-4a33-bc2a-8d6bbe76e8a6 created
2026-06-24T09:58:39.489Z [HARVEST] Snapshot 1f13460b-3e9d-4b32-af7d-6de2a2e3c721 created
2026-06-24T09:59:09.486Z [HARVEST] Snapshot 72430e61-2173-4680-9160-ac77079c1ab4 created
2026-06-24T09:59:39.491Z [HARVEST] Snapshot f807f274-d705-42e9-abf0-88602d8dfe4e created
2026-06-24T10:00:09.526Z [HARVEST] Snapshot b95fc488-6d85-49b5-9300-0766acd45e81 created
2026-06-24T10:00:39.528Z [HARVEST] Snapshot ffbfac99-2586-4f84-8bc5-d66fe86f214b created
2026-06-24T10:01:09.495Z [HARVEST] Snapshot 814276db-1c8c-4849-9a0e-559688b9255f created
2026-06-24T10:01:39.495Z [HARVEST] Snapshot 0eba1ea2-c814-4dc5-bd5f-4676c26046f4 created
2026-06-24T10:02:09.496Z [HARVEST] Snapshot 4907d584-7c7c-4b55-96f8-c4fc5f90111b created
2026-06-24T10:02:39.532Z [HARVEST] Snapshot d15c5387-d234-4ac6-a65c-d515bfa02724 created
2026-06-24T10:03:09.499Z [HARVEST] Snapshot 553fa73e-1bf3-40a1-a612-952d211eba46 created
2026-06-24T10:03:39.542Z [HARVEST] Snapshot c4b25a1f-d336-466a-acfc-71a0bfb53c9c created
2026-06-24T10:04:09.505Z [HARVEST] Snapshot 30294d06-7fa8-43ec-8fe3-075d03c3abe9 created
2026-06-24T10:04:39.509Z [HARVEST] Snapshot f3030377-f64a-45ad-ba5d-41958d257ec2 created
2026-06-24T10:05:09.510Z [HARVEST] Snapshot 2bfeb577-0555-4cfb-a978-f72456b836b5 created
2026-06-24T10:05:39.512Z [HARVEST] Snapshot c3e4fa47-772a-4876-ad11-80417a19aa1f created
2026-06-24T10:06:09.511Z [HARVEST] Snapshot e8807ebb-6f78-422c-9e86-ac049842a6b2 created
2026-06-24T10:06:39.514Z [HARVEST] Snapshot 141438be-b384-45cb-81a8-71414c21b238 created
2026-06-24T10:07:09.545Z [HARVEST] Snapshot 5a872b71-747f-44cf-9ed0-3ae6c1a9eba5 created
2026-06-24T10:07:39.546Z [HARVEST] Snapshot 3d7de544-31df-4572-8710-c96a5c358f47 created
2026-06-24T10:08:09.512Z [HARVEST] Snapshot b9372911-7130-4bd1-817f-7f4ded519afb created
2026-06-24T10:08:39.519Z [HARVEST] Snapshot 5813089c-aab2-4a20-b4e4-59a766bb64f7 created
2026-06-24T10:09:09.556Z [HARVEST] Snapshot eef71e7e-f408-4136-9bd3-b2da2b955dac created
2026-06-24T10:09:39.557Z [HARVEST] Snapshot 2b626cc8-d61d-4e11-bdff-af83d0e063a9 created
2026-06-24T10:10:09.529Z [HARVEST] Snapshot 387123c2-8784-4e2e-933e-a1662ed6e012 created
2026-06-24T10:10:39.530Z [HARVEST] Snapshot 4a60cbab-c7fd-4c7b-9b95-41b5e268b335 created
2026-06-24T10:11:09.554Z [HARVEST] Snapshot 343aca02-d45e-4f20-b879-f97281d6f8ce created
2026-06-24T10:11:39.533Z [HARVEST] Snapshot 308255a7-954b-4bf6-b277-de22337c4feb created
2026-06-24T10:12:09.532Z [HARVEST] Snapshot aa6db4a3-d765-4b85-8647-cdcd1d61b6ee created
2026-06-24T10:12:39.535Z [HARVEST] Snapshot d6adc10f-4653-4196-957f-13e14451b782 created
2026-06-24T10:13:09.534Z [HARVEST] Snapshot 6c69f6ee-990e-49e6-812a-dd16231a5845 created
2026-06-24T10:13:39.543Z [HARVEST] Snapshot 1527c287-49ce-4375-8178-6b595592cff6 created
2026-06-24T10:14:09.538Z [HARVEST] Snapshot d8576902-f246-40b1-809c-ca1913b6e70f created
2026-06-24T10:14:39.577Z [HARVEST] Snapshot 3723cffb-fbca-4655-b794-9d587406fece created
2026-06-24T10:15:09.545Z [HARVEST] Snapshot 5dec2cbb-e4a5-486e-8465-e7b6e6206554 created
2026-06-24T10:15:39.547Z [HARVEST] Snapshot f7076f05-9c50-446c-92b2-9c7b146cdfa1 created
2026-06-24T10:16:09.547Z [HARVEST] Snapshot 3415872a-b7f1-46da-8b85-9783918c711f created
2026-06-24T10:16:39.583Z [HARVEST] Snapshot 44bbc09e-68c8-4962-a8bc-feafaa3fb369 created
2026-06-24T10:17:09.549Z [HARVEST] Snapshot 862723d6-d79b-4128-a91d-79533cfd6827 created
2026-06-24T10:17:39.550Z [HARVEST] Snapshot b207c18c-8883-4208-841f-4be73994ca8d created
2026-06-24T10:18:09.578Z [HARVEST] Snapshot 9ca9ff1c-eb7d-4775-878b-7a7c648b2fc9 created
2026-06-24T10:18:39.554Z [HARVEST] Snapshot 5c2a3019-1403-42ba-80f8-ab40a8797b9f created
2026-06-24T10:19:09.551Z [HARVEST] Snapshot c6b2f36a-8eeb-4253-9864-44e74c79929c created
2026-06-24T10:19:39.590Z [HARVEST] Snapshot 42847df2-81db-4330-8702-b41ded8fee66 created
2026-06-24T10:20:09.554Z [HARVEST] Snapshot 628b601e-9bcb-4d73-a85b-a54c2e2aa4d4 created
2026-06-24T10:20:39.558Z [HARVEST] Snapshot 8778af0d-cc1f-4492-910b-6c05954dc577 created
2026-06-24T10:21:09.582Z [HARVEST] Snapshot adbb6d3a-8753-4b05-b921-7bc2a3d3f787 created
2026-06-24T10:21:39.594Z [HARVEST] Snapshot 9f2aa148-f210-4a70-b1f2-2b40291caccc created
2026-06-24T10:22:09.557Z [HARVEST] Snapshot 4979334e-c897-43c1-b96c-5750659355b5 created
2026-06-24T10:22:39.564Z [HARVEST] Snapshot 8e3e6c48-f65c-45e7-b1c3-534f9ca1356f created
2026-06-24T10:23:09.594Z [HARVEST] Snapshot b64512c1-a35d-47ff-8e94-cbc031601994 created
2026-06-24T10:23:39.573Z [HARVEST] Snapshot 10b99165-2a2b-4b72-8385-8e826d37caa1 created
2026-06-24T10:24:09.569Z [HARVEST] Snapshot a7889a7f-7884-4844-8e1c-d00850624662 created
2026-06-24T10:24:39.574Z [HARVEST] Snapshot e4777433-a043-4b0d-ba93-1623e1497a4d created
2026-06-24T10:25:09.576Z [HARVEST] Snapshot c4f81d41-2cd7-4e9e-8a3c-3976c8dcc26d created
2026-06-24T10:25:39.577Z [HARVEST] Snapshot a959cf28-6f68-4ebd-a1b3-fb9176526a77 created
2026-06-24T10:26:09.575Z [HARVEST] Snapshot 1393b6e7-b592-48f4-9fe1-981f5860886d created
2026-06-24T10:26:39.577Z [HARVEST] Snapshot 030ce515-bd17-44ab-ba39-e59bea5b1ac3 created
2026-06-24T10:27:09.573Z [HARVEST] Snapshot 9f169b9b-5b31-4370-9bce-51a36ef9f8c5 created
2026-06-24T10:27:39.577Z [HARVEST] Snapshot 2f1fb32f-6524-4be6-87ad-3c2d39a88bec created
2026-06-24T10:28:09.582Z [HARVEST] Snapshot de6b762e-889c-466a-a082-b6817f7c6843 created
2026-06-24T10:28:39.583Z [HARVEST] Snapshot e75278fa-98c8-4042-aea9-398aeca63fe2 created
2026-06-24T10:29:09.585Z [HARVEST] Snapshot a739e2a1-91d2-4dfc-80ec-bf0e0375a76b created
2026-06-24T10:29:39.585Z [HARVEST] Snapshot 1c8ca041-610b-4b0f-838c-db79eb0c3ff4 created
2026-06-24T10:30:09.587Z [HARVEST] Snapshot c06c62ab-f95d-4b12-be7e-7225459f59e5 created
2026-06-24T10:30:39.622Z [HARVEST] Snapshot 2bf699e5-3d51-46d0-b110-7b1a9ce86138 created
2026-06-24T10:31:09.590Z [HARVEST] Snapshot aa1604cf-cee9-4e5b-bafb-455579035e5b created
2026-06-24T10:31:39.621Z [HARVEST] Snapshot c6393314-6180-4fa1-baee-8afc9f4bb615 created
2026-06-24T10:32:09.590Z [HARVEST] Snapshot d9fd4129-ebe3-4820-b55a-b43977043b6f created
2026-06-24T10:32:39.594Z [HARVEST] Snapshot b18a1601-6edb-416a-a035-ddb5cc7a1c14 created
2026-06-24T10:33:09.595Z [HARVEST] Snapshot 84a53f35-3216-4b26-8f65-99e8378781f6 created
2026-06-24T10:33:39.598Z [HARVEST] Snapshot ae4ad105-7e14-45b9-92a5-0f46f17066da created
2026-06-24T10:34:09.612Z [HARVEST] Snapshot e548e33c-dcf0-423b-ba0a-9fd54edceadf created
2026-06-24T10:34:39.606Z [HARVEST] Snapshot 10c2312e-615e-4cd4-8652-4663eb4c77ec created
2026-06-24T10:35:09.603Z [HARVEST] Snapshot 7bae642f-68be-4bb0-b78f-eecb19624a2e created
2026-06-24T10:35:39.604Z [HARVEST] Snapshot c5c7fef9-1d6a-45c4-9807-83e7b8af07ee created
2026-06-24T10:36:09.616Z [HARVEST] Snapshot 7e1c53cc-6a9a-4c9e-866f-03a0c17600c6 created
2026-06-24T10:36:39.615Z [HARVEST] Snapshot 715c2526-0b9a-4615-8d5f-acd4cc616d3e created
2026-06-24T10:37:09.626Z [HARVEST] Snapshot c4ea8e30-2921-4dfa-aa19-e9536015266a created
2026-06-24T10:37:39.650Z [HARVEST] Snapshot 15108eb5-12de-4206-93b1-464ef09acb6b created
2026-06-24T10:38:09.614Z [HARVEST] Snapshot ffda14ea-2272-4f66-b173-61fe8b6aed04 created
2026-06-24T10:38:39.617Z [HARVEST] Snapshot 6d0c332c-e0b7-4148-9cc6-e32fc6e1a8a7 created
2026-06-24T10:39:09.626Z [HARVEST] Snapshot fb12ae73-8d41-4e8f-b3a2-ea8e5a045fcd created
2026-06-24T10:39:39.620Z [HARVEST] Snapshot b86671bb-8e9d-4d09-a008-689918afa9b5 created
2026-06-24T10:40:09.620Z [HARVEST] Snapshot 2c9b0f5e-ee66-41d6-9276-12ea8e679aad created
2026-06-24T10:40:39.658Z [HARVEST] Snapshot 588ed997-3f1c-4e09-87f8-bbc5fec1744f created
2026-06-24T10:41:09.623Z [HARVEST] Snapshot d144aea0-d1ab-485b-aabb-374c92952500 created
2026-06-24T10:41:39.634Z [HARVEST] Snapshot b1613822-c0e5-483d-b65d-47a023cd079e created
2026-06-24T10:42:09.630Z [HARVEST] Snapshot 8bf1be12-dd90-4758-b94b-70e5cadeb71e created
2026-06-24T10:42:39.668Z [HARVEST] Snapshot ae5d47ab-68a1-4d28-ab3a-6fbcffaecdc0 created
2026-06-24T10:43:09.636Z [HARVEST] Snapshot 20ac7624-3691-455e-8526-14706053c524 created
2026-06-24T10:43:39.638Z [HARVEST] Snapshot b75d18b6-675f-4858-b685-dda51c93b4d5 created
2026-06-24T10:44:09.639Z [HARVEST] Snapshot 325528b5-6b09-4b35-949e-81c092fbfd1e created
2026-06-24T10:44:39.674Z [HARVEST] Snapshot 9aab7a3e-c68b-4f24-89eb-d60c632affe9 created
2026-06-24T10:45:09.640Z [HARVEST] Snapshot ad8ae1ed-3489-4192-a615-f47f9dd92550 created
2026-06-24T10:45:39.640Z [HARVEST] Snapshot 06df3854-c483-4218-be5b-584181294182 created
2026-06-24T10:46:09.641Z [HARVEST] Snapshot c8c7f52a-9a9e-4b3e-b4af-013449fd80d5 created
2026-06-24T10:46:39.645Z [HARVEST] Snapshot 6a1452d2-33b8-477b-8286-7e6f3239be27 created
2026-06-24T10:47:09.643Z [HARVEST] Snapshot 53b75620-ef6a-441d-83db-9ca5f9907a3f created
2026-06-24T10:47:39.716Z [HARVEST] Snapshot 07565d35-1296-4218-842c-66c991177d47 created
2026-06-24T10:48:09.652Z [HARVEST] Snapshot bfe8b5ed-111b-413e-9d3a-db3066328261 created
2026-06-24T10:48:39.656Z [HARVEST] Snapshot 3dd4a7b4-acd8-41f0-8469-015f5df29026 created
2026-06-24T10:49:09.653Z [HARVEST] Snapshot 07222e37-26cc-4a61-b336-70776593ba13 created
2026-06-24T10:49:39.689Z [HARVEST] Snapshot f45642e8-accc-4721-9567-8af6f274d97b created
2026-06-24T10:50:09.658Z [HARVEST] Snapshot 22953869-83bc-420b-9e18-679fb926459b created
2026-06-24T10:50:39.663Z [HARVEST] Snapshot 72fe4188-8034-4040-a328-36e5059ca187 created
2026-06-24T10:51:09.662Z [HARVEST] Snapshot f5ea0050-7188-42f3-ac3e-6d18357845f0 created
2026-06-24T10:51:39.664Z [HARVEST] Snapshot 029418fd-0677-4f7d-af17-ff4fb26642e3 created
2026-06-24T10:52:09.667Z [HARVEST] Snapshot b76ecaad-0c5c-4ea0-9887-0c5fddaf6e3a created
2026-06-24T10:52:39.669Z [HARVEST] Snapshot 22c9c737-52a5-4c30-a84e-d3418f20aa1d created
2026-06-24T10:53:09.691Z [HARVEST] Snapshot 57407f19-dcb7-4226-a4da-a51aaad634d3 created
2026-06-24T10:53:39.707Z [HARVEST] Snapshot 601b5354-4258-46da-8813-5ebca59a5db3 created
2026-06-24T10:54:09.673Z [HARVEST] Snapshot 499dfb4c-3261-417f-9be6-0864c346bcbc created
2026-06-24T10:54:39.677Z [HARVEST] Snapshot 85425403-853b-48f9-bf39-19a2878e6098 created
2026-06-24T10:55:09.678Z [HARVEST] Snapshot 3dd04a36-cba5-4e52-967a-a1fe8b1e5805 created
2026-06-24T10:55:39.684Z [HARVEST] Snapshot 3392ed9c-b928-4390-bf64-49d20da64154 created
2026-06-24T10:56:09.682Z [HARVEST] Snapshot 995050f4-0bd5-464a-8ccc-602e9ae9fd60 created
2026-06-24T10:56:39.689Z [HARVEST] Snapshot 9421b5a9-8612-4afa-9600-79ef4afa1c79 created
2026-06-24T10:57:09.685Z [HARVEST] Snapshot 12d7d084-e063-47f3-a494-129146235570 created
2026-06-24T10:57:39.692Z [HARVEST] Snapshot cbe8937f-363a-4fc9-bdcf-7cac4f7e6c2e created
2026-06-24T10:58:09.704Z [HARVEST] Snapshot ba34c901-fadb-4ce5-a312-c48b2c1d5315 created
2026-06-24T10:58:39.725Z [HARVEST] Snapshot 4dbce2b3-d053-4d41-9ab5-3fd7d475f2dd created
2026-06-24T10:59:09.692Z [HARVEST] Snapshot 3c6cbb32-403b-403f-aa96-752e86f47f18 created
2026-06-24T10:59:39.696Z [HARVEST] Snapshot 5a3d77bf-6b5c-49b0-9eca-0e67ec8579ee created
2026-06-24T11:00:09.699Z [HARVEST] Snapshot 8aa9c0fe-9a2f-4178-9991-32f9d8f7b806 created
2026-06-24T11:00:39.694Z [HARVEST] Snapshot 141b890a-8a00-4bfa-a8a7-eb51ce20fc0a created
2026-06-24T11:01:09.696Z [HARVEST] Snapshot 361d5980-1630-4df4-8faf-5f391f8f53dc created
2026-06-24T11:01:39.732Z [HARVEST] Snapshot 7be6a95f-3f8e-49d2-9a64-f15c86fa48e2 created
2026-06-24T11:02:09.703Z [HARVEST] Snapshot 7edac6ba-6507-4f56-af57-0f09e6f99531 created
2026-06-24T11:02:39.704Z [HARVEST] Snapshot a47fbe0f-26de-4599-887b-3f15489dee41 created
2026-06-24T11:03:09.704Z [HARVEST] Snapshot 05f777d9-a572-4317-9eef-7119468fd797 created
2026-06-24T11:03:39.708Z [HARVEST] Snapshot 17e0802f-1015-4908-9c6e-11433a39cea2 created
2026-06-24T11:04:09.712Z [HARVEST] Snapshot e1265eb7-86ab-4572-a563-bf5c58fd90c8 created
2026-06-24T11:04:39.713Z [HARVEST] Snapshot 6f8e65d5-128e-46f8-9dee-15121be668b6 created
2026-06-24T11:05:09.710Z [HARVEST] Snapshot e09888f9-634f-41f5-a1f6-e2425119ec7c created
2026-06-24T11:05:39.746Z [HARVEST] Snapshot f962480f-7e67-4aa9-92ee-71602303e7bb created
2026-06-24T11:06:09.712Z [HARVEST] Snapshot b6d46637-616a-46ed-aaef-190c436ad1c6 created
2026-06-24T11:06:39.716Z [HARVEST] Snapshot ee6bb4a5-8e5e-465c-961a-bf3b1713dbf2 created
2026-06-24T11:07:09.717Z [HARVEST] Snapshot e0a13e35-613d-4a42-98d2-b243f1ba9d01 created
2026-06-24T11:07:39.724Z [HARVEST] Snapshot 49dacf44-d4df-475b-8a4c-707649dcabca created
2026-06-24T11:08:09.721Z [HARVEST] Snapshot 243a99d1-cbc1-43a7-994c-fa83f303107d created
2026-06-24T11:08:39.726Z [HARVEST] Snapshot b998436e-b6d1-463e-85c1-7464dd32297b created
2026-06-24T11:09:09.726Z [HARVEST] Snapshot af3158f9-b609-43f0-bfb9-4c769c2bb9b9 created
2026-06-24T11:09:39.726Z [HARVEST] Snapshot 2723b9bc-cae6-44f6-ab49-ff914bd8d22b created
2026-06-24T11:10:09.725Z [HARVEST] Snapshot 044572ca-fb83-4b83-980e-6eef90bb8dcc created
2026-06-24T11:10:39.734Z [HARVEST] Snapshot 105ece1a-f534-4f65-af04-eeb901a1ad6e created
2026-06-24T11:11:09.733Z [HARVEST] Snapshot 42287bf2-dd34-4e8a-88bd-156a9aab1cea created
2026-06-24T11:11:39.740Z [HARVEST] Snapshot ff58b2fe-d0dc-4212-9869-c688c4d68690 created
2026-06-24T11:12:09.737Z [HARVEST] Snapshot 3e4acc76-d880-4c00-83c4-819fc30b6f49 created
2026-06-24T11:12:39.740Z [HARVEST] Snapshot f02feada-1607-415b-94c1-83fb0ce5c037 created
2026-06-24T11:13:09.738Z [HARVEST] Snapshot 3002c9ec-8c12-4781-90a1-429660a34a28 created
2026-06-24T11:13:39.740Z [HARVEST] Snapshot 91c18b7b-a913-4c64-bcbc-fbf992a448ed created
2026-06-24T11:14:09.737Z [HARVEST] Snapshot 2f8c5575-3f74-4882-90be-9b8500e96145 created
2026-06-24T11:14:39.743Z [HARVEST] Snapshot b0d4bb07-eba4-4b16-afca-0c7b22cc2f97 created
2026-06-24T11:15:09.739Z [HARVEST] Snapshot 562d3140-1dd6-4a95-a977-87edeac35cb5 created
2026-06-24T11:15:39.743Z [HARVEST] Snapshot c80841be-a9a6-44c5-8003-30040c7d13cc created
2026-06-24T11:16:09.744Z [HARVEST] Snapshot 2396a7bf-2042-401b-a6b0-390e8c8d843b created
2026-06-24T11:16:39.749Z [HARVEST] Snapshot b294258f-b33e-457c-89eb-3968470ff7b0 created
2026-06-24T11:17:09.749Z [HARVEST] Snapshot 1eef4b45-7eb9-4f56-97f0-559ba47e75c2 created
2026-06-24T11:17:39.750Z [HARVEST] Snapshot 9a1fca2b-f727-4e18-9d9c-f7cd8ddcfaa7 created
2026-06-24T11:18:09.751Z [HARVEST] Snapshot 9014c111-21f0-4497-9916-a9c1192d9540 created
2026-06-24T11:18:39.755Z [HARVEST] Snapshot df03e630-c860-4abe-97b4-77406e418ecf created
2026-06-24T11:19:09.757Z [HARVEST] Snapshot 8470bf68-c9a3-46d5-a057-3bb75c396de6 created
2026-06-24T11:19:39.760Z [HARVEST] Snapshot 4dd8eee6-c2eb-4d94-87ae-6d8eb20aa30e created
2026-06-24T11:20:09.757Z [HARVEST] Snapshot 92825a89-2c44-4a19-87da-257ccd398994 created
2026-06-24T11:20:39.763Z [HARVEST] Snapshot 89ba3748-fb16-45ce-a388-ffbe55c70876 created
2026-06-24T11:21:09.760Z [HARVEST] Snapshot 3146ed2c-6513-4686-a026-fa0eac6f00f2 created
2026-06-24T11:21:39.798Z [HARVEST] Snapshot 4f3bf1a1-3dc3-486f-bf17-52c8a02fddfb created
2026-06-24T11:22:09.765Z [HARVEST] Snapshot 9ef40b9d-4111-456b-bb9e-cb9f8218e1db created
2026-06-24T11:22:39.799Z [HARVEST] Snapshot a4a2ac21-3a51-4432-a7c7-76a37ed53cb8 created
2026-06-24T11:23:09.769Z [HARVEST] Snapshot 23bb8cee-790f-4c51-a91c-7a2b42cac602 created
2026-06-24T11:23:39.770Z [HARVEST] Snapshot 89d2c326-c8db-4cb8-bf26-135256ce27a0 created
2026-06-24T11:24:09.771Z [HARVEST] Snapshot 7efd9535-38e2-4eae-a23b-d60cc87a66ef created
2026-06-24T11:24:39.770Z [HARVEST] Snapshot 9f80c2f0-6ec1-4398-b095-b2b2e4296919 created
2026-06-24T11:25:09.773Z [HARVEST] Snapshot 9f421c40-b64e-435d-8d84-2fd1a616aa68 created
2026-06-24T11:25:39.776Z [HARVEST] Snapshot 5ef8f287-89a5-435d-9873-aa1c4406ac76 created
2026-06-24T11:26:09.776Z [HARVEST] Snapshot 1ba6f40c-cb5d-43b2-bc50-dd08eb09d63b created
2026-06-24T11:26:39.817Z [HARVEST] Snapshot 806888c2-5fdc-4084-bd39-e4996ba695c8 created
2026-06-24T11:27:09.780Z [HARVEST] Snapshot 10433d7b-8ce0-423b-b214-e22c01767aa1 created
2026-06-24T11:27:39.782Z [HARVEST] Snapshot 5b55c37b-93cd-4d73-859a-0a287581d990 created
2026-06-24T11:28:09.784Z [HARVEST] Snapshot 848edc8e-ef3b-45d7-a1f5-8edddc7b54f9 created
2026-06-24T11:28:39.825Z [HARVEST] Snapshot 5b0d60c7-6b1e-4436-8126-37b9155b40a4 created
2026-06-24T11:29:09.785Z [HARVEST] Snapshot dc087bcc-4d60-4334-86b6-8671ca512ec3 created
2026-06-24T11:29:39.791Z [HARVEST] Snapshot b77e38f3-b53b-418c-b60d-13d0622232b1 created
2026-06-24T11:30:09.791Z [HARVEST] Snapshot c56a3302-fab1-4e2b-b8e5-78a0cb061fc3 created
2026-06-24T11:30:39.798Z [HARVEST] Snapshot 5cd31318-690c-41bd-8944-3e0503749096 created
2026-06-24T11:31:09.797Z [HARVEST] Snapshot 83eade39-a176-4bf9-bec3-e91d984fe386 created
2026-06-24T11:31:39.802Z [HARVEST] Snapshot 247cb6f0-1f8f-4a0f-9e04-c103c7ca8f12 created
2026-06-24T11:32:09.800Z [HARVEST] Snapshot 7db6e669-4b01-4f8d-9c48-7c6641e6c164 created
2026-06-24T11:32:39.805Z [HARVEST] Snapshot f687247a-6a3a-4a6e-b4c5-e381fafad1e1 created
2026-06-24T11:33:09.805Z [HARVEST] Snapshot 625d4d9f-698d-4e1a-9dbf-9bfe3f19d7c8 created
2026-06-24T11:33:39.806Z [HARVEST] Snapshot 48c8e8f2-a975-416b-89c7-1c83555aa87f created
2026-06-24T11:34:09.806Z [HARVEST] Snapshot 4daf3ec1-f569-42da-8c0e-8474bc82bc25 created
2026-06-24T11:34:39.809Z [HARVEST] Snapshot 921057dc-9b9c-44b3-95f2-80c798ae66d8 created
2026-06-24T11:35:09.807Z [HARVEST] Snapshot 8c567eeb-5acb-442b-be2d-35453b3ad219 created
2026-06-24T11:35:39.814Z [HARVEST] Snapshot 13537574-eb7c-40f8-bfdb-ab6265a5ca99 created
2026-06-24T11:36:09.812Z [HARVEST] Snapshot 883b96f5-8247-4dbc-9efc-cf61a44bdb2c created
2026-06-24T11:36:39.815Z [HARVEST] Snapshot f3d080ed-ff30-4a90-bbd5-44e661b15bed created
2026-06-24T11:37:09.820Z [HARVEST] Snapshot 5a875d0c-b8e2-4745-bbcd-8af5caed6d0c created
2026-06-24T11:37:39.817Z [HARVEST] Snapshot 110073a5-172c-4ddf-a4bd-d58299e6e612 created
2026-06-24T11:38:09.820Z [HARVEST] Snapshot ef8bc701-60e7-4cfc-9189-9517b99939e5 created
2026-06-24T11:38:39.820Z [HARVEST] Snapshot 14427ba2-cb46-42c8-9074-b0059f33ed89 created
2026-06-24T11:39:09.819Z [HARVEST] Snapshot 90aa5bcf-8357-4fc1-abf0-1e610cfad54d created
2026-06-24T11:39:39.826Z [HARVEST] Snapshot 388b7701-df79-49c0-9f8e-6363be1536be created
2026-06-24T11:40:09.825Z [HARVEST] Snapshot 2dbc82e5-f767-42fc-a693-fda14ca29b3c created
2026-06-24T11:40:39.830Z [HARVEST] Snapshot 6cb8e403-b393-4885-8590-d616803b0693 created
2026-06-24T11:41:09.832Z [HARVEST] Snapshot a4455867-5693-4b91-830a-b648ad2086e4 created
2026-06-24T11:41:39.830Z [HARVEST] Snapshot 4294dde9-d309-4cf5-b4ba-56a785e83d94 created
2026-06-24T11:42:09.832Z [HARVEST] Snapshot 0c981bfe-f6c8-4c8f-be96-f3fcc0b641f1 created
2026-06-24T11:42:39.830Z [HARVEST] Snapshot ac9fdf59-39c1-4499-a893-d8f3c39fa187 created
2026-06-24T11:43:09.835Z [HARVEST] Snapshot 5a053b22-e629-4eb7-be6d-3863b57382a8 created
2026-06-24T11:43:39.834Z [HARVEST] Snapshot fefaec67-598c-4835-a1c9-5c108d81eb23 created
2026-06-24T11:44:09.832Z [HARVEST] Snapshot 15273142-d643-494f-8ddd-180005643a1a created
2026-06-24T11:44:39.871Z [HARVEST] Snapshot 0f4af5d3-8b45-45e5-a354-d7ede31e4f67 created
2026-06-24T11:45:09.839Z [HARVEST] Snapshot 2848d7cd-f88c-44e0-b3fd-d07f30659151 created
2026-06-24T11:45:39.844Z [HARVEST] Snapshot 40315d29-5177-44a8-9888-3d7511fb04d7 created
2026-06-24T11:46:09.846Z [HARVEST] Snapshot 256cd58a-eb58-4849-b01a-bd73fe5d57ab created
2026-06-24T11:46:39.846Z [HARVEST] Snapshot 4d781ca5-f54d-45e9-ad33-43464bac09f4 created
2026-06-24T11:47:09.846Z [HARVEST] Snapshot 2e4fe24e-0e1e-4f94-a14a-439b32db31dd created
2026-06-24T11:47:39.849Z [HARVEST] Snapshot 1f83f9be-3a1d-482f-a1cd-9b2ae7747d16 created
2026-06-24T11:48:09.850Z [HARVEST] Snapshot 0e055e64-7af3-4527-acdc-4e6ec4a02fa4 created
2026-06-24T11:48:39.849Z [HARVEST] Snapshot c63976e6-d9df-4c5b-837d-1f7565a6b973 created
2026-06-24T11:49:09.851Z [HARVEST] Snapshot 2a6bf422-0a8d-4e3c-817b-c6cfeff80a9e created
2026-06-24T11:49:39.858Z [HARVEST] Snapshot 17b50df1-a6f5-4c69-a501-2cbdf29dd84c created
2026-06-24T11:50:09.858Z [HARVEST] Snapshot 17bd9d71-9e87-40de-945c-0d8d5feaa81e created
2026-06-24T11:50:39.860Z [HARVEST] Snapshot b37ad295-a452-4594-b782-2c06ad2e2366 created
2026-06-24T11:51:09.894Z [HARVEST] Snapshot fe150e29-f11e-4fc7-af1d-592ad533372f created
2026-06-24T11:51:39.864Z [HARVEST] Snapshot c9bcfc22-6589-474a-a330-9a9362802948 created
2026-06-24T11:52:09.863Z [HARVEST] Snapshot 3a008c35-a1b8-41ce-9a6e-9ba9b218a058 created
2026-06-24T11:52:39.902Z [HARVEST] Snapshot e6733916-8ecd-4164-af5a-0f427875d844 created
2026-06-24T11:53:09.899Z [HARVEST] Snapshot 500d5375-5180-49ba-ae59-c4df76b70891 created
2026-06-24T11:53:39.872Z [HARVEST] Snapshot df9b9cfd-6bc8-4752-b26e-441c3cc8d455 created
2026-06-24T11:54:09.871Z [HARVEST] Snapshot ef45b210-c142-45a8-a3e4-e19ac4f657af created
2026-06-24T11:54:39.879Z [HARVEST] Snapshot 3f708212-0018-4583-8564-e3a1527b50db created
2026-06-24T11:55:09.883Z [HARVEST] Snapshot 6ec15ff8-3ff9-4a02-b256-c6f3b38f53f1 created
2026-06-24T11:55:39.883Z [HARVEST] Snapshot 9c86f46c-b0d1-4263-9f35-78ad358c1b9f created
2026-06-24T11:56:09.915Z [HARVEST] Snapshot fd9927e6-6442-4b9c-88b7-4997ad079e1a created
2026-06-24T11:56:39.884Z [HARVEST] Snapshot f9873153-048b-47e9-8e7f-fd736921e419 created
2026-06-24T11:57:09.883Z [HARVEST] Snapshot 96a17037-c780-46b1-9b1d-b673d7b5899b created
2026-06-24T11:57:39.883Z [HARVEST] Snapshot 6d4e7254-185d-45a0-9586-7e4df1c1ab77 created
2026-06-24T11:58:09.885Z [HARVEST] Snapshot 85c49720-564e-4973-b784-c393adb20141 created
2026-06-24T11:58:39.888Z [HARVEST] Snapshot b87a0594-8460-4aa7-ac9d-7bb759f501d1 created
2026-06-24T11:59:09.893Z [HARVEST] Snapshot de6b6e71-c51d-4e2c-8706-121273fe01a0 created
2026-06-24T11:59:39.897Z [HARVEST] Snapshot bb627670-517a-40ab-bb3b-e6c3574228c8 created
2026-06-24T12:00:09.900Z [HARVEST] Snapshot a54866d8-5fb5-4696-928f-f0af90ecf279 created
2026-06-24T12:00:39.902Z [HARVEST] Snapshot 2b04a028-6ef5-48ee-80fa-471e8ff1f47a created
2026-06-24T12:01:09.903Z [HARVEST] Snapshot 9822472d-b1d0-4601-988f-4dbfd6728ef5 created
