[SYNAPSE] [PM 5:27:08] [INFO] [v0.3.30] ProjectMetadata loaded: synapse-demo (proj_1781250499404_3tskth)
[SYNAPSE] [PM 5:27:08] [INFO] [SynapseIgnore] Loaded 0 patterns from .synapseignore
[SYNAPSE] [PM 5:27:08] [INFO] [v0.3.30] Runtime initialization started
[SYNAPSE] [PM 5:27:08] [INFO] [v0.3.30] Step 1/4: Loading Project Metadata...
[SYNAPSE] [PM 5:27:08] [INFO] [v0.3.30] ProjectMetadata loaded: synapse-demo (proj_1781250499404_3tskth)
[SYNAPSE] [PM 5:27:08] [INFO] [v0.3.30] Step 2/4: Loading Symbol Index...
[SYNAPSE] [PM 5:27:08] [INFO] [v0.3.30] Step 3/4: Initializing Identity Manager...
[SYNAPSE] [PM 5:27:08] [INFO] [v0.3.30] Step 4/4: Initializing Session Manager...
[SYNAPSE] [PM 5:27:08] [INFO] [v0.3.30] Runtime ready for project: synapse-demo (proj_1781250499404_3tskth)
[SYNAPSE] [PM 5:27:08] [INFO] [v0.3.30] Accounts loaded: 0 (schema v2)
[SYNAPSE] [PM 5:27:08] [INFO] [MountManager] Mount root: /home/dogsinatas/TypeScript_project/antigravity-extension-vis/.synapse/mnt
[SYNAPSE] [PM 5:27:08] [INFO] [ClientPush] Restored 0 client push cache(s)

🚨 [SYNAPSE CRITICAL] SYSTEM BOOTING IN READ-ONLY SAFE MODE 🚨
Reason: State Version mismatch (State: 1, History: 1006)
Auto-recovery is disabled to prevent data corruption. Manual intervention required.

🚀 SYNAPSE Standalone Dev Server starting...
📂 Root: /home/dogsinatas/TypeScript_project/antigravity-extension-vis
🏷️  Server: antigravity-extension-vis
🆔 UUID: proj_1781250499404_3tskth
🔌 Port: 3000
📄 State: /home/dogsinatas/TypeScript_project/antigravity-extension-vis/data/project_state.json

✅ Standalone API server running at http://127.0.0.1:3003
ℹ️  API only — no browser UI served.
SyntaxError: Unexpected token 'n', "null" is not valid JSON
    at JSON.parse (<anonymous>)
    at createStrictSyntaxError (/home/dogsinatas/TypeScript_project/antigravity-extension-vis/node_modules/body-parser/lib/types/json.js:109:10)
    at parse (/home/dogsinatas/TypeScript_project/antigravity-extension-vis/node_modules/body-parser/lib/types/json.js:66:15)
    at /home/dogsinatas/TypeScript_project/antigravity-extension-vis/node_modules/body-parser/lib/read.js:162:18
    at AsyncResource.runInAsyncScope (node:async_hooks:227:14)
    at invokeCallback (/home/dogsinatas/TypeScript_project/antigravity-extension-vis/node_modules/raw-body/index.js:238:16)
    at done (/home/dogsinatas/TypeScript_project/antigravity-extension-vis/node_modules/raw-body/index.js:227:7)
    at IncomingMessage.onEnd (/home/dogsinatas/TypeScript_project/antigravity-extension-vis/node_modules/raw-body/index.js:287:7)
    at IncomingMessage.emit (node:events:509:28)
    at IncomingMessage.emit (node:domain:489:12)
SyntaxError: Unexpected token 'n', "null" is not valid JSON
    at JSON.parse (<anonymous>)
    at createStrictSyntaxError (/home/dogsinatas/TypeScript_project/antigravity-extension-vis/node_modules/body-parser/lib/types/json.js:109:10)
    at parse (/home/dogsinatas/TypeScript_project/antigravity-extension-vis/node_modules/body-parser/lib/types/json.js:66:15)
    at /home/dogsinatas/TypeScript_project/antigravity-extension-vis/node_modules/body-parser/lib/read.js:162:18
    at AsyncResource.runInAsyncScope (node:async_hooks:227:14)
    at invokeCallback (/home/dogsinatas/TypeScript_project/antigravity-extension-vis/node_modules/raw-body/index.js:238:16)
    at done (/home/dogsinatas/TypeScript_project/antigravity-extension-vis/node_modules/raw-body/index.js:227:7)
    at IncomingMessage.onEnd (/home/dogsinatas/TypeScript_project/antigravity-extension-vis/node_modules/raw-body/index.js:287:7)
    at IncomingMessage.emit (node:events:509:28)
    at IncomingMessage.emit (node:domain:489:12)
SyntaxError: Unexpected token 'n', "null" is not valid JSON
    at JSON.parse (<anonymous>)
    at createStrictSyntaxError (/home/dogsinatas/TypeScript_project/antigravity-extension-vis/node_modules/body-parser/lib/types/json.js:109:10)
    at parse (/home/dogsinatas/TypeScript_project/antigravity-extension-vis/node_modules/body-parser/lib/types/json.js:66:15)
    at /home/dogsinatas/TypeScript_project/antigravity-extension-vis/node_modules/body-parser/lib/read.js:162:18
    at AsyncResource.runInAsyncScope (node:async_hooks:227:14)
    at invokeCallback (/home/dogsinatas/TypeScript_project/antigravity-extension-vis/node_modules/raw-body/index.js:238:16)
    at done (/home/dogsinatas/TypeScript_project/antigravity-extension-vis/node_modules/raw-body/index.js:227:7)
    at IncomingMessage.onEnd (/home/dogsinatas/TypeScript_project/antigravity-extension-vis/node_modules/raw-body/index.js:287:7)
    at IncomingMessage.emit (node:events:509:28)
    at IncomingMessage.emit (node:domain:489:12)
SyntaxError: Unexpected token 'n', "null" is not valid JSON
    at JSON.parse (<anonymous>)
    at createStrictSyntaxError (/home/dogsinatas/TypeScript_project/antigravity-extension-vis/node_modules/body-parser/lib/types/json.js:109:10)
    at parse (/home/dogsinatas/TypeScript_project/antigravity-extension-vis/node_modules/body-parser/lib/types/json.js:66:15)
    at /home/dogsinatas/TypeScript_project/antigravity-extension-vis/node_modules/body-parser/lib/read.js:162:18
    at AsyncResource.runInAsyncScope (node:async_hooks:227:14)
    at invokeCallback (/home/dogsinatas/TypeScript_project/antigravity-extension-vis/node_modules/raw-body/index.js:238:16)
    at done (/home/dogsinatas/TypeScript_project/antigravity-extension-vis/node_modules/raw-body/index.js:227:7)
    at IncomingMessage.onEnd (/home/dogsinatas/TypeScript_project/antigravity-extension-vis/node_modules/raw-body/index.js:287:7)
    at IncomingMessage.emit (node:events:509:28)
    at IncomingMessage.emit (node:domain:489:12)
SyntaxError: Unexpected token 'n', "null" is not valid JSON
    at JSON.parse (<anonymous>)
    at createStrictSyntaxError (/home/dogsinatas/TypeScript_project/antigravity-extension-vis/node_modules/body-parser/lib/types/json.js:109:10)
    at parse (/home/dogsinatas/TypeScript_project/antigravity-extension-vis/node_modules/body-parser/lib/types/json.js:66:15)
    at /home/dogsinatas/TypeScript_project/antigravity-extension-vis/node_modules/body-parser/lib/read.js:162:18
    at AsyncResource.runInAsyncScope (node:async_hooks:227:14)
    at invokeCallback (/home/dogsinatas/TypeScript_project/antigravity-extension-vis/node_modules/raw-body/index.js:238:16)
    at done (/home/dogsinatas/TypeScript_project/antigravity-extension-vis/node_modules/raw-body/index.js:227:7)
    at IncomingMessage.onEnd (/home/dogsinatas/TypeScript_project/antigravity-extension-vis/node_modules/raw-body/index.js:287:7)
    at IncomingMessage.emit (node:events:509:28)
    at IncomingMessage.emit (node:domain:489:12)
SyntaxError: Unexpected token 'n', "null" is not valid JSON
    at JSON.parse (<anonymous>)
    at createStrictSyntaxError (/home/dogsinatas/TypeScript_project/antigravity-extension-vis/node_modules/body-parser/lib/types/json.js:109:10)
    at parse (/home/dogsinatas/TypeScript_project/antigravity-extension-vis/node_modules/body-parser/lib/types/json.js:66:15)
    at /home/dogsinatas/TypeScript_project/antigravity-extension-vis/node_modules/body-parser/lib/read.js:162:18
    at AsyncResource.runInAsyncScope (node:async_hooks:227:14)
    at invokeCallback (/home/dogsinatas/TypeScript_project/antigravity-extension-vis/node_modules/raw-body/index.js:238:16)
    at done (/home/dogsinatas/TypeScript_project/antigravity-extension-vis/node_modules/raw-body/index.js:227:7)
    at IncomingMessage.onEnd (/home/dogsinatas/TypeScript_project/antigravity-extension-vis/node_modules/raw-body/index.js:287:7)
    at IncomingMessage.emit (node:events:509:28)
    at IncomingMessage.emit (node:domain:489:12)
SyntaxError: Unexpected token 'n', "null" is not valid JSON
    at JSON.parse (<anonymous>)
    at createStrictSyntaxError (/home/dogsinatas/TypeScript_project/antigravity-extension-vis/node_modules/body-parser/lib/types/json.js:109:10)
    at parse (/home/dogsinatas/TypeScript_project/antigravity-extension-vis/node_modules/body-parser/lib/types/json.js:66:15)
    at /home/dogsinatas/TypeScript_project/antigravity-extension-vis/node_modules/body-parser/lib/read.js:162:18
    at AsyncResource.runInAsyncScope (node:async_hooks:227:14)
    at invokeCallback (/home/dogsinatas/TypeScript_project/antigravity-extension-vis/node_modules/raw-body/index.js:238:16)
    at done (/home/dogsinatas/TypeScript_project/antigravity-extension-vis/node_modules/raw-body/index.js:227:7)
    at IncomingMessage.onEnd (/home/dogsinatas/TypeScript_project/antigravity-extension-vis/node_modules/raw-body/index.js:287:7)
    at IncomingMessage.emit (node:events:509:28)
    at IncomingMessage.emit (node:domain:489:12)
SyntaxError: Unexpected token 'n', "null" is not valid JSON
    at JSON.parse (<anonymous>)
    at createStrictSyntaxError (/home/dogsinatas/TypeScript_project/antigravity-extension-vis/node_modules/body-parser/lib/types/json.js:109:10)
    at parse (/home/dogsinatas/TypeScript_project/antigravity-extension-vis/node_modules/body-parser/lib/types/json.js:66:15)
    at /home/dogsinatas/TypeScript_project/antigravity-extension-vis/node_modules/body-parser/lib/read.js:162:18
    at AsyncResource.runInAsyncScope (node:async_hooks:227:14)
    at invokeCallback (/home/dogsinatas/TypeScript_project/antigravity-extension-vis/node_modules/raw-body/index.js:238:16)
    at done (/home/dogsinatas/TypeScript_project/antigravity-extension-vis/node_modules/raw-body/index.js:227:7)
    at IncomingMessage.onEnd (/home/dogsinatas/TypeScript_project/antigravity-extension-vis/node_modules/raw-body/index.js:287:7)
    at IncomingMessage.emit (node:events:509:28)
    at IncomingMessage.emit (node:domain:489:12)
SyntaxError: Unexpected token 'n', "null" is not valid JSON
    at JSON.parse (<anonymous>)
    at createStrictSyntaxError (/home/dogsinatas/TypeScript_project/antigravity-extension-vis/node_modules/body-parser/lib/types/json.js:109:10)
    at parse (/home/dogsinatas/TypeScript_project/antigravity-extension-vis/node_modules/body-parser/lib/types/json.js:66:15)
    at /home/dogsinatas/TypeScript_project/antigravity-extension-vis/node_modules/body-parser/lib/read.js:162:18
    at AsyncResource.runInAsyncScope (node:async_hooks:227:14)
    at invokeCallback (/home/dogsinatas/TypeScript_project/antigravity-extension-vis/node_modules/raw-body/index.js:238:16)
    at done (/home/dogsinatas/TypeScript_project/antigravity-extension-vis/node_modules/raw-body/index.js:227:7)
    at IncomingMessage.onEnd (/home/dogsinatas/TypeScript_project/antigravity-extension-vis/node_modules/raw-body/index.js:287:7)
    at IncomingMessage.emit (node:events:509:28)
    at IncomingMessage.emit (node:domain:489:12)
SyntaxError: Unexpected token 'n', "null" is not valid JSON
    at JSON.parse (<anonymous>)
    at createStrictSyntaxError (/home/dogsinatas/TypeScript_project/antigravity-extension-vis/node_modules/body-parser/lib/types/json.js:109:10)
    at parse (/home/dogsinatas/TypeScript_project/antigravity-extension-vis/node_modules/body-parser/lib/types/json.js:66:15)
    at /home/dogsinatas/TypeScript_project/antigravity-extension-vis/node_modules/body-parser/lib/read.js:162:18
    at AsyncResource.runInAsyncScope (node:async_hooks:227:14)
    at invokeCallback (/home/dogsinatas/TypeScript_project/antigravity-extension-vis/node_modules/raw-body/index.js:238:16)
    at done (/home/dogsinatas/TypeScript_project/antigravity-extension-vis/node_modules/raw-body/index.js:227:7)
    at IncomingMessage.onEnd (/home/dogsinatas/TypeScript_project/antigravity-extension-vis/node_modules/raw-body/index.js:287:7)
    at IncomingMessage.emit (node:events:509:28)
    at IncomingMessage.emit (node:domain:489:12)
SyntaxError: Unexpected token 'n', "null" is not valid JSON
    at JSON.parse (<anonymous>)
    at createStrictSyntaxError (/home/dogsinatas/TypeScript_project/antigravity-extension-vis/node_modules/body-parser/lib/types/json.js:109:10)
    at parse (/home/dogsinatas/TypeScript_project/antigravity-extension-vis/node_modules/body-parser/lib/types/json.js:66:15)
    at /home/dogsinatas/TypeScript_project/antigravity-extension-vis/node_modules/body-parser/lib/read.js:162:18
    at AsyncResource.runInAsyncScope (node:async_hooks:227:14)
    at invokeCallback (/home/dogsinatas/TypeScript_project/antigravity-extension-vis/node_modules/raw-body/index.js:238:16)
    at done (/home/dogsinatas/TypeScript_project/antigravity-extension-vis/node_modules/raw-body/index.js:227:7)
    at IncomingMessage.onEnd (/home/dogsinatas/TypeScript_project/antigravity-extension-vis/node_modules/raw-body/index.js:287:7)
    at IncomingMessage.emit (node:events:509:28)
    at IncomingMessage.emit (node:domain:489:12)
SyntaxError: Unexpected token 'n', "null" is not valid JSON
    at JSON.parse (<anonymous>)
    at createStrictSyntaxError (/home/dogsinatas/TypeScript_project/antigravity-extension-vis/node_modules/body-parser/lib/types/json.js:109:10)
    at parse (/home/dogsinatas/TypeScript_project/antigravity-extension-vis/node_modules/body-parser/lib/types/json.js:66:15)
    at /home/dogsinatas/TypeScript_project/antigravity-extension-vis/node_modules/body-parser/lib/read.js:162:18
    at AsyncResource.runInAsyncScope (node:async_hooks:227:14)
    at invokeCallback (/home/dogsinatas/TypeScript_project/antigravity-extension-vis/node_modules/raw-body/index.js:238:16)
    at done (/home/dogsinatas/TypeScript_project/antigravity-extension-vis/node_modules/raw-body/index.js:227:7)
    at IncomingMessage.onEnd (/home/dogsinatas/TypeScript_project/antigravity-extension-vis/node_modules/raw-body/index.js:287:7)
    at IncomingMessage.emit (node:events:509:28)
    at IncomingMessage.emit (node:domain:489:12)
SyntaxError: Unexpected token 'n', "null" is not valid JSON
    at JSON.parse (<anonymous>)
    at createStrictSyntaxError (/home/dogsinatas/TypeScript_project/antigravity-extension-vis/node_modules/body-parser/lib/types/json.js:109:10)
    at parse (/home/dogsinatas/TypeScript_project/antigravity-extension-vis/node_modules/body-parser/lib/types/json.js:66:15)
    at /home/dogsinatas/TypeScript_project/antigravity-extension-vis/node_modules/body-parser/lib/read.js:162:18
    at AsyncResource.runInAsyncScope (node:async_hooks:227:14)
    at invokeCallback (/home/dogsinatas/TypeScript_project/antigravity-extension-vis/node_modules/raw-body/index.js:238:16)
    at done (/home/dogsinatas/TypeScript_project/antigravity-extension-vis/node_modules/raw-body/index.js:227:7)
    at IncomingMessage.onEnd (/home/dogsinatas/TypeScript_project/antigravity-extension-vis/node_modules/raw-body/index.js:287:7)
    at IncomingMessage.emit (node:events:509:28)
    at IncomingMessage.emit (node:domain:489:12)
SyntaxError: Unexpected token 'n', "null" is not valid JSON
    at JSON.parse (<anonymous>)
    at createStrictSyntaxError (/home/dogsinatas/TypeScript_project/antigravity-extension-vis/node_modules/body-parser/lib/types/json.js:109:10)
    at parse (/home/dogsinatas/TypeScript_project/antigravity-extension-vis/node_modules/body-parser/lib/types/json.js:66:15)
    at /home/dogsinatas/TypeScript_project/antigravity-extension-vis/node_modules/body-parser/lib/read.js:162:18
    at AsyncResource.runInAsyncScope (node:async_hooks:227:14)
    at invokeCallback (/home/dogsinatas/TypeScript_project/antigravity-extension-vis/node_modules/raw-body/index.js:238:16)
    at done (/home/dogsinatas/TypeScript_project/antigravity-extension-vis/node_modules/raw-body/index.js:227:7)
    at IncomingMessage.onEnd (/home/dogsinatas/TypeScript_project/antigravity-extension-vis/node_modules/raw-body/index.js:287:7)
    at IncomingMessage.emit (node:events:509:28)
    at IncomingMessage.emit (node:domain:489:12)
SyntaxError: Unexpected token 'n', "null" is not valid JSON
    at JSON.parse (<anonymous>)
    at createStrictSyntaxError (/home/dogsinatas/TypeScript_project/antigravity-extension-vis/node_modules/body-parser/lib/types/json.js:109:10)
    at parse (/home/dogsinatas/TypeScript_project/antigravity-extension-vis/node_modules/body-parser/lib/types/json.js:66:15)
    at /home/dogsinatas/TypeScript_project/antigravity-extension-vis/node_modules/body-parser/lib/read.js:162:18
    at AsyncResource.runInAsyncScope (node:async_hooks:227:14)
    at invokeCallback (/home/dogsinatas/TypeScript_project/antigravity-extension-vis/node_modules/raw-body/index.js:238:16)
    at done (/home/dogsinatas/TypeScript_project/antigravity-extension-vis/node_modules/raw-body/index.js:227:7)
    at IncomingMessage.onEnd (/home/dogsinatas/TypeScript_project/antigravity-extension-vis/node_modules/raw-body/index.js:287:7)
    at IncomingMessage.emit (node:events:509:28)
    at IncomingMessage.emit (node:domain:489:12)
SyntaxError: Unexpected token 'n', "null" is not valid JSON
    at JSON.parse (<anonymous>)
    at createStrictSyntaxError (/home/dogsinatas/TypeScript_project/antigravity-extension-vis/node_modules/body-parser/lib/types/json.js:109:10)
    at parse (/home/dogsinatas/TypeScript_project/antigravity-extension-vis/node_modules/body-parser/lib/types/json.js:66:15)
    at /home/dogsinatas/TypeScript_project/antigravity-extension-vis/node_modules/body-parser/lib/read.js:162:18
    at AsyncResource.runInAsyncScope (node:async_hooks:227:14)
    at invokeCallback (/home/dogsinatas/TypeScript_project/antigravity-extension-vis/node_modules/raw-body/index.js:238:16)
    at done (/home/dogsinatas/TypeScript_project/antigravity-extension-vis/node_modules/raw-body/index.js:227:7)
    at IncomingMessage.onEnd (/home/dogsinatas/TypeScript_project/antigravity-extension-vis/node_modules/raw-body/index.js:287:7)
    at IncomingMessage.emit (node:events:509:28)
    at IncomingMessage.emit (node:domain:489:12)
SyntaxError: Unexpected token 'n', "null" is not valid JSON
    at JSON.parse (<anonymous>)
    at createStrictSyntaxError (/home/dogsinatas/TypeScript_project/antigravity-extension-vis/node_modules/body-parser/lib/types/json.js:109:10)
    at parse (/home/dogsinatas/TypeScript_project/antigravity-extension-vis/node_modules/body-parser/lib/types/json.js:66:15)
    at /home/dogsinatas/TypeScript_project/antigravity-extension-vis/node_modules/body-parser/lib/read.js:162:18
    at AsyncResource.runInAsyncScope (node:async_hooks:227:14)
    at invokeCallback (/home/dogsinatas/TypeScript_project/antigravity-extension-vis/node_modules/raw-body/index.js:238:16)
    at done (/home/dogsinatas/TypeScript_project/antigravity-extension-vis/node_modules/raw-body/index.js:227:7)
    at IncomingMessage.onEnd (/home/dogsinatas/TypeScript_project/antigravity-extension-vis/node_modules/raw-body/index.js:287:7)
    at IncomingMessage.emit (node:events:509:28)
    at IncomingMessage.emit (node:domain:489:12)
SyntaxError: Unexpected token 'n', "null" is not valid JSON
    at JSON.parse (<anonymous>)
    at createStrictSyntaxError (/home/dogsinatas/TypeScript_project/antigravity-extension-vis/node_modules/body-parser/lib/types/json.js:109:10)
    at parse (/home/dogsinatas/TypeScript_project/antigravity-extension-vis/node_modules/body-parser/lib/types/json.js:66:15)
    at /home/dogsinatas/TypeScript_project/antigravity-extension-vis/node_modules/body-parser/lib/read.js:162:18
    at AsyncResource.runInAsyncScope (node:async_hooks:227:14)
    at invokeCallback (/home/dogsinatas/TypeScript_project/antigravity-extension-vis/node_modules/raw-body/index.js:238:16)
    at done (/home/dogsinatas/TypeScript_project/antigravity-extension-vis/node_modules/raw-body/index.js:227:7)
    at IncomingMessage.onEnd (/home/dogsinatas/TypeScript_project/antigravity-extension-vis/node_modules/raw-body/index.js:287:7)
    at IncomingMessage.emit (node:events:509:28)
    at IncomingMessage.emit (node:domain:489:12)
SyntaxError: Unexpected token 'n', "null" is not valid JSON
    at JSON.parse (<anonymous>)
    at createStrictSyntaxError (/home/dogsinatas/TypeScript_project/antigravity-extension-vis/node_modules/body-parser/lib/types/json.js:109:10)
    at parse (/home/dogsinatas/TypeScript_project/antigravity-extension-vis/node_modules/body-parser/lib/types/json.js:66:15)
    at /home/dogsinatas/TypeScript_project/antigravity-extension-vis/node_modules/body-parser/lib/read.js:162:18
    at AsyncResource.runInAsyncScope (node:async_hooks:227:14)
    at invokeCallback (/home/dogsinatas/TypeScript_project/antigravity-extension-vis/node_modules/raw-body/index.js:238:16)
    at done (/home/dogsinatas/TypeScript_project/antigravity-extension-vis/node_modules/raw-body/index.js:227:7)
    at IncomingMessage.onEnd (/home/dogsinatas/TypeScript_project/antigravity-extension-vis/node_modules/raw-body/index.js:287:7)
    at IncomingMessage.emit (node:events:509:28)
    at IncomingMessage.emit (node:domain:489:12)
SyntaxError: Unexpected token 'n', "null" is not valid JSON
    at JSON.parse (<anonymous>)
    at createStrictSyntaxError (/home/dogsinatas/TypeScript_project/antigravity-extension-vis/node_modules/body-parser/lib/types/json.js:109:10)
    at parse (/home/dogsinatas/TypeScript_project/antigravity-extension-vis/node_modules/body-parser/lib/types/json.js:66:15)
    at /home/dogsinatas/TypeScript_project/antigravity-extension-vis/node_modules/body-parser/lib/read.js:162:18
    at AsyncResource.runInAsyncScope (node:async_hooks:227:14)
    at invokeCallback (/home/dogsinatas/TypeScript_project/antigravity-extension-vis/node_modules/raw-body/index.js:238:16)
    at done (/home/dogsinatas/TypeScript_project/antigravity-extension-vis/node_modules/raw-body/index.js:227:7)
    at IncomingMessage.onEnd (/home/dogsinatas/TypeScript_project/antigravity-extension-vis/node_modules/raw-body/index.js:287:7)
    at IncomingMessage.emit (node:events:509:28)
    at IncomingMessage.emit (node:domain:489:12)
SyntaxError: Unexpected token 'n', "null" is not valid JSON
    at JSON.parse (<anonymous>)
    at createStrictSyntaxError (/home/dogsinatas/TypeScript_project/antigravity-extension-vis/node_modules/body-parser/lib/types/json.js:109:10)
    at parse (/home/dogsinatas/TypeScript_project/antigravity-extension-vis/node_modules/body-parser/lib/types/json.js:66:15)
    at /home/dogsinatas/TypeScript_project/antigravity-extension-vis/node_modules/body-parser/lib/read.js:162:18
    at AsyncResource.runInAsyncScope (node:async_hooks:227:14)
    at invokeCallback (/home/dogsinatas/TypeScript_project/antigravity-extension-vis/node_modules/raw-body/index.js:238:16)
    at done (/home/dogsinatas/TypeScript_project/antigravity-extension-vis/node_modules/raw-body/index.js:227:7)
    at IncomingMessage.onEnd (/home/dogsinatas/TypeScript_project/antigravity-extension-vis/node_modules/raw-body/index.js:287:7)
    at IncomingMessage.emit (node:events:509:28)
    at IncomingMessage.emit (node:domain:489:12)
SyntaxError: Unexpected token 'n', "null" is not valid JSON
    at JSON.parse (<anonymous>)
    at createStrictSyntaxError (/home/dogsinatas/TypeScript_project/antigravity-extension-vis/node_modules/body-parser/lib/types/json.js:109:10)
    at parse (/home/dogsinatas/TypeScript_project/antigravity-extension-vis/node_modules/body-parser/lib/types/json.js:66:15)
    at /home/dogsinatas/TypeScript_project/antigravity-extension-vis/node_modules/body-parser/lib/read.js:162:18
    at AsyncResource.runInAsyncScope (node:async_hooks:227:14)
    at invokeCallback (/home/dogsinatas/TypeScript_project/antigravity-extension-vis/node_modules/raw-body/index.js:238:16)
    at done (/home/dogsinatas/TypeScript_project/antigravity-extension-vis/node_modules/raw-body/index.js:227:7)
    at IncomingMessage.onEnd (/home/dogsinatas/TypeScript_project/antigravity-extension-vis/node_modules/raw-body/index.js:287:7)
    at IncomingMessage.emit (node:events:509:28)
    at IncomingMessage.emit (node:domain:489:12)
SyntaxError: Unexpected token 'n', "null" is not valid JSON
    at JSON.parse (<anonymous>)
    at createStrictSyntaxError (/home/dogsinatas/TypeScript_project/antigravity-extension-vis/node_modules/body-parser/lib/types/json.js:109:10)
    at parse (/home/dogsinatas/TypeScript_project/antigravity-extension-vis/node_modules/body-parser/lib/types/json.js:66:15)
    at /home/dogsinatas/TypeScript_project/antigravity-extension-vis/node_modules/body-parser/lib/read.js:162:18
    at AsyncResource.runInAsyncScope (node:async_hooks:227:14)
    at invokeCallback (/home/dogsinatas/TypeScript_project/antigravity-extension-vis/node_modules/raw-body/index.js:238:16)
    at done (/home/dogsinatas/TypeScript_project/antigravity-extension-vis/node_modules/raw-body/index.js:227:7)
    at IncomingMessage.onEnd (/home/dogsinatas/TypeScript_project/antigravity-extension-vis/node_modules/raw-body/index.js:287:7)
    at IncomingMessage.emit (node:events:509:28)
    at IncomingMessage.emit (node:domain:489:12)
SyntaxError: Unexpected token 'n', "null" is not valid JSON
    at JSON.parse (<anonymous>)
    at createStrictSyntaxError (/home/dogsinatas/TypeScript_project/antigravity-extension-vis/node_modules/body-parser/lib/types/json.js:109:10)
    at parse (/home/dogsinatas/TypeScript_project/antigravity-extension-vis/node_modules/body-parser/lib/types/json.js:66:15)
    at /home/dogsinatas/TypeScript_project/antigravity-extension-vis/node_modules/body-parser/lib/read.js:162:18
    at AsyncResource.runInAsyncScope (node:async_hooks:227:14)
    at invokeCallback (/home/dogsinatas/TypeScript_project/antigravity-extension-vis/node_modules/raw-body/index.js:238:16)
    at done (/home/dogsinatas/TypeScript_project/antigravity-extension-vis/node_modules/raw-body/index.js:227:7)
    at IncomingMessage.onEnd (/home/dogsinatas/TypeScript_project/antigravity-extension-vis/node_modules/raw-body/index.js:287:7)
    at IncomingMessage.emit (node:events:509:28)
    at IncomingMessage.emit (node:domain:489:12)
SyntaxError: Unexpected token 'n', "null" is not valid JSON
    at JSON.parse (<anonymous>)
    at createStrictSyntaxError (/home/dogsinatas/TypeScript_project/antigravity-extension-vis/node_modules/body-parser/lib/types/json.js:109:10)
    at parse (/home/dogsinatas/TypeScript_project/antigravity-extension-vis/node_modules/body-parser/lib/types/json.js:66:15)
    at /home/dogsinatas/TypeScript_project/antigravity-extension-vis/node_modules/body-parser/lib/read.js:162:18
    at AsyncResource.runInAsyncScope (node:async_hooks:227:14)
    at invokeCallback (/home/dogsinatas/TypeScript_project/antigravity-extension-vis/node_modules/raw-body/index.js:238:16)
    at done (/home/dogsinatas/TypeScript_project/antigravity-extension-vis/node_modules/raw-body/index.js:227:7)
    at IncomingMessage.onEnd (/home/dogsinatas/TypeScript_project/antigravity-extension-vis/node_modules/raw-body/index.js:287:7)
    at IncomingMessage.emit (node:events:509:28)
    at IncomingMessage.emit (node:domain:489:12)
SyntaxError: Unexpected token 'n', "null" is not valid JSON
    at JSON.parse (<anonymous>)
    at createStrictSyntaxError (/home/dogsinatas/TypeScript_project/antigravity-extension-vis/node_modules/body-parser/lib/types/json.js:109:10)
    at parse (/home/dogsinatas/TypeScript_project/antigravity-extension-vis/node_modules/body-parser/lib/types/json.js:66:15)
    at /home/dogsinatas/TypeScript_project/antigravity-extension-vis/node_modules/body-parser/lib/read.js:162:18
    at AsyncResource.runInAsyncScope (node:async_hooks:227:14)
    at invokeCallback (/home/dogsinatas/TypeScript_project/antigravity-extension-vis/node_modules/raw-body/index.js:238:16)
    at done (/home/dogsinatas/TypeScript_project/antigravity-extension-vis/node_modules/raw-body/index.js:227:7)
    at IncomingMessage.onEnd (/home/dogsinatas/TypeScript_project/antigravity-extension-vis/node_modules/raw-body/index.js:287:7)
    at IncomingMessage.emit (node:events:509:28)
    at IncomingMessage.emit (node:domain:489:12)
SyntaxError: Unexpected token 'n', "null" is not valid JSON
    at JSON.parse (<anonymous>)
    at createStrictSyntaxError (/home/dogsinatas/TypeScript_project/antigravity-extension-vis/node_modules/body-parser/lib/types/json.js:109:10)
    at parse (/home/dogsinatas/TypeScript_project/antigravity-extension-vis/node_modules/body-parser/lib/types/json.js:66:15)
    at /home/dogsinatas/TypeScript_project/antigravity-extension-vis/node_modules/body-parser/lib/read.js:162:18
    at AsyncResource.runInAsyncScope (node:async_hooks:227:14)
    at invokeCallback (/home/dogsinatas/TypeScript_project/antigravity-extension-vis/node_modules/raw-body/index.js:238:16)
    at done (/home/dogsinatas/TypeScript_project/antigravity-extension-vis/node_modules/raw-body/index.js:227:7)
    at IncomingMessage.onEnd (/home/dogsinatas/TypeScript_project/antigravity-extension-vis/node_modules/raw-body/index.js:287:7)
    at IncomingMessage.emit (node:events:509:28)
    at IncomingMessage.emit (node:domain:489:12)
SyntaxError: Unexpected token 'n', "null" is not valid JSON
    at JSON.parse (<anonymous>)
    at createStrictSyntaxError (/home/dogsinatas/TypeScript_project/antigravity-extension-vis/node_modules/body-parser/lib/types/json.js:109:10)
    at parse (/home/dogsinatas/TypeScript_project/antigravity-extension-vis/node_modules/body-parser/lib/types/json.js:66:15)
    at /home/dogsinatas/TypeScript_project/antigravity-extension-vis/node_modules/body-parser/lib/read.js:162:18
    at AsyncResource.runInAsyncScope (node:async_hooks:227:14)
    at invokeCallback (/home/dogsinatas/TypeScript_project/antigravity-extension-vis/node_modules/raw-body/index.js:238:16)
    at done (/home/dogsinatas/TypeScript_project/antigravity-extension-vis/node_modules/raw-body/index.js:227:7)
    at IncomingMessage.onEnd (/home/dogsinatas/TypeScript_project/antigravity-extension-vis/node_modules/raw-body/index.js:287:7)
    at IncomingMessage.emit (node:events:509:28)
    at IncomingMessage.emit (node:domain:489:12)
SyntaxError: Unexpected token 'n', "null" is not valid JSON
    at JSON.parse (<anonymous>)
    at createStrictSyntaxError (/home/dogsinatas/TypeScript_project/antigravity-extension-vis/node_modules/body-parser/lib/types/json.js:109:10)
    at parse (/home/dogsinatas/TypeScript_project/antigravity-extension-vis/node_modules/body-parser/lib/types/json.js:66:15)
    at /home/dogsinatas/TypeScript_project/antigravity-extension-vis/node_modules/body-parser/lib/read.js:162:18
    at AsyncResource.runInAsyncScope (node:async_hooks:227:14)
    at invokeCallback (/home/dogsinatas/TypeScript_project/antigravity-extension-vis/node_modules/raw-body/index.js:238:16)
    at done (/home/dogsinatas/TypeScript_project/antigravity-extension-vis/node_modules/raw-body/index.js:227:7)
    at IncomingMessage.onEnd (/home/dogsinatas/TypeScript_project/antigravity-extension-vis/node_modules/raw-body/index.js:287:7)
    at IncomingMessage.emit (node:events:509:28)
    at IncomingMessage.emit (node:domain:489:12)
SyntaxError: Unexpected token 'n', "null" is not valid JSON
    at JSON.parse (<anonymous>)
    at createStrictSyntaxError (/home/dogsinatas/TypeScript_project/antigravity-extension-vis/node_modules/body-parser/lib/types/json.js:109:10)
    at parse (/home/dogsinatas/TypeScript_project/antigravity-extension-vis/node_modules/body-parser/lib/types/json.js:66:15)
    at /home/dogsinatas/TypeScript_project/antigravity-extension-vis/node_modules/body-parser/lib/read.js:162:18
    at AsyncResource.runInAsyncScope (node:async_hooks:227:14)
    at invokeCallback (/home/dogsinatas/TypeScript_project/antigravity-extension-vis/node_modules/raw-body/index.js:238:16)
    at done (/home/dogsinatas/TypeScript_project/antigravity-extension-vis/node_modules/raw-body/index.js:227:7)
    at IncomingMessage.onEnd (/home/dogsinatas/TypeScript_project/antigravity-extension-vis/node_modules/raw-body/index.js:287:7)
    at IncomingMessage.emit (node:events:509:28)
    at IncomingMessage.emit (node:domain:489:12)
SyntaxError: Unexpected token 'n', "null" is not valid JSON
    at JSON.parse (<anonymous>)
    at createStrictSyntaxError (/home/dogsinatas/TypeScript_project/antigravity-extension-vis/node_modules/body-parser/lib/types/json.js:109:10)
    at parse (/home/dogsinatas/TypeScript_project/antigravity-extension-vis/node_modules/body-parser/lib/types/json.js:66:15)
    at /home/dogsinatas/TypeScript_project/antigravity-extension-vis/node_modules/body-parser/lib/read.js:162:18
    at AsyncResource.runInAsyncScope (node:async_hooks:227:14)
    at invokeCallback (/home/dogsinatas/TypeScript_project/antigravity-extension-vis/node_modules/raw-body/index.js:238:16)
    at done (/home/dogsinatas/TypeScript_project/antigravity-extension-vis/node_modules/raw-body/index.js:227:7)
    at IncomingMessage.onEnd (/home/dogsinatas/TypeScript_project/antigravity-extension-vis/node_modules/raw-body/index.js:287:7)
    at IncomingMessage.emit (node:events:509:28)
    at IncomingMessage.emit (node:domain:489:12)
SyntaxError: Unexpected token 'n', "null" is not valid JSON
    at JSON.parse (<anonymous>)
    at createStrictSyntaxError (/home/dogsinatas/TypeScript_project/antigravity-extension-vis/node_modules/body-parser/lib/types/json.js:109:10)
    at parse (/home/dogsinatas/TypeScript_project/antigravity-extension-vis/node_modules/body-parser/lib/types/json.js:66:15)
    at /home/dogsinatas/TypeScript_project/antigravity-extension-vis/node_modules/body-parser/lib/read.js:162:18
    at AsyncResource.runInAsyncScope (node:async_hooks:227:14)
    at invokeCallback (/home/dogsinatas/TypeScript_project/antigravity-extension-vis/node_modules/raw-body/index.js:238:16)
    at done (/home/dogsinatas/TypeScript_project/antigravity-extension-vis/node_modules/raw-body/index.js:227:7)
    at IncomingMessage.onEnd (/home/dogsinatas/TypeScript_project/antigravity-extension-vis/node_modules/raw-body/index.js:287:7)
    at IncomingMessage.emit (node:events:509:28)
    at IncomingMessage.emit (node:domain:489:12)
SyntaxError: Unexpected token 'n', "null" is not valid JSON
    at JSON.parse (<anonymous>)
    at createStrictSyntaxError (/home/dogsinatas/TypeScript_project/antigravity-extension-vis/node_modules/body-parser/lib/types/json.js:109:10)
    at parse (/home/dogsinatas/TypeScript_project/antigravity-extension-vis/node_modules/body-parser/lib/types/json.js:66:15)
    at /home/dogsinatas/TypeScript_project/antigravity-extension-vis/node_modules/body-parser/lib/read.js:162:18
    at AsyncResource.runInAsyncScope (node:async_hooks:227:14)
    at invokeCallback (/home/dogsinatas/TypeScript_project/antigravity-extension-vis/node_modules/raw-body/index.js:238:16)
    at done (/home/dogsinatas/TypeScript_project/antigravity-extension-vis/node_modules/raw-body/index.js:227:7)
    at IncomingMessage.onEnd (/home/dogsinatas/TypeScript_project/antigravity-extension-vis/node_modules/raw-body/index.js:287:7)
    at IncomingMessage.emit (node:events:509:28)
    at IncomingMessage.emit (node:domain:489:12)
SyntaxError: Unexpected token 'n', "null" is not valid JSON
    at JSON.parse (<anonymous>)
    at createStrictSyntaxError (/home/dogsinatas/TypeScript_project/antigravity-extension-vis/node_modules/body-parser/lib/types/json.js:109:10)
    at parse (/home/dogsinatas/TypeScript_project/antigravity-extension-vis/node_modules/body-parser/lib/types/json.js:66:15)
    at /home/dogsinatas/TypeScript_project/antigravity-extension-vis/node_modules/body-parser/lib/read.js:162:18
    at AsyncResource.runInAsyncScope (node:async_hooks:227:14)
    at invokeCallback (/home/dogsinatas/TypeScript_project/antigravity-extension-vis/node_modules/raw-body/index.js:238:16)
    at done (/home/dogsinatas/TypeScript_project/antigravity-extension-vis/node_modules/raw-body/index.js:227:7)
    at IncomingMessage.onEnd (/home/dogsinatas/TypeScript_project/antigravity-extension-vis/node_modules/raw-body/index.js:287:7)
    at IncomingMessage.emit (node:events:509:28)
    at IncomingMessage.emit (node:domain:489:12)
SyntaxError: Unexpected token 'n', "null" is not valid JSON
    at JSON.parse (<anonymous>)
    at createStrictSyntaxError (/home/dogsinatas/TypeScript_project/antigravity-extension-vis/node_modules/body-parser/lib/types/json.js:109:10)
    at parse (/home/dogsinatas/TypeScript_project/antigravity-extension-vis/node_modules/body-parser/lib/types/json.js:66:15)
    at /home/dogsinatas/TypeScript_project/antigravity-extension-vis/node_modules/body-parser/lib/read.js:162:18
    at AsyncResource.runInAsyncScope (node:async_hooks:227:14)
    at invokeCallback (/home/dogsinatas/TypeScript_project/antigravity-extension-vis/node_modules/raw-body/index.js:238:16)
    at done (/home/dogsinatas/TypeScript_project/antigravity-extension-vis/node_modules/raw-body/index.js:227:7)
    at IncomingMessage.onEnd (/home/dogsinatas/TypeScript_project/antigravity-extension-vis/node_modules/raw-body/index.js:287:7)
    at IncomingMessage.emit (node:events:509:28)
    at IncomingMessage.emit (node:domain:489:12)
SyntaxError: Unexpected token 'n', "null" is not valid JSON
    at JSON.parse (<anonymous>)
    at createStrictSyntaxError (/home/dogsinatas/TypeScript_project/antigravity-extension-vis/node_modules/body-parser/lib/types/json.js:109:10)
    at parse (/home/dogsinatas/TypeScript_project/antigravity-extension-vis/node_modules/body-parser/lib/types/json.js:66:15)
    at /home/dogsinatas/TypeScript_project/antigravity-extension-vis/node_modules/body-parser/lib/read.js:162:18
    at AsyncResource.runInAsyncScope (node:async_hooks:227:14)
    at invokeCallback (/home/dogsinatas/TypeScript_project/antigravity-extension-vis/node_modules/raw-body/index.js:238:16)
    at done (/home/dogsinatas/TypeScript_project/antigravity-extension-vis/node_modules/raw-body/index.js:227:7)
    at IncomingMessage.onEnd (/home/dogsinatas/TypeScript_project/antigravity-extension-vis/node_modules/raw-body/index.js:287:7)
    at IncomingMessage.emit (node:events:509:28)
    at IncomingMessage.emit (node:domain:489:12)
SyntaxError: Unexpected token 'n', "null" is not valid JSON
    at JSON.parse (<anonymous>)
    at createStrictSyntaxError (/home/dogsinatas/TypeScript_project/antigravity-extension-vis/node_modules/body-parser/lib/types/json.js:109:10)
    at parse (/home/dogsinatas/TypeScript_project/antigravity-extension-vis/node_modules/body-parser/lib/types/json.js:66:15)
    at /home/dogsinatas/TypeScript_project/antigravity-extension-vis/node_modules/body-parser/lib/read.js:162:18
    at AsyncResource.runInAsyncScope (node:async_hooks:227:14)
    at invokeCallback (/home/dogsinatas/TypeScript_project/antigravity-extension-vis/node_modules/raw-body/index.js:238:16)
    at done (/home/dogsinatas/TypeScript_project/antigravity-extension-vis/node_modules/raw-body/index.js:227:7)
    at IncomingMessage.onEnd (/home/dogsinatas/TypeScript_project/antigravity-extension-vis/node_modules/raw-body/index.js:287:7)
    at IncomingMessage.emit (node:events:509:28)
    at IncomingMessage.emit (node:domain:489:12)
SyntaxError: Unexpected token 'n', "null" is not valid JSON
    at JSON.parse (<anonymous>)
    at createStrictSyntaxError (/home/dogsinatas/TypeScript_project/antigravity-extension-vis/node_modules/body-parser/lib/types/json.js:109:10)
    at parse (/home/dogsinatas/TypeScript_project/antigravity-extension-vis/node_modules/body-parser/lib/types/json.js:66:15)
    at /home/dogsinatas/TypeScript_project/antigravity-extension-vis/node_modules/body-parser/lib/read.js:162:18
    at AsyncResource.runInAsyncScope (node:async_hooks:227:14)
    at invokeCallback (/home/dogsinatas/TypeScript_project/antigravity-extension-vis/node_modules/raw-body/index.js:238:16)
    at done (/home/dogsinatas/TypeScript_project/antigravity-extension-vis/node_modules/raw-body/index.js:227:7)
    at IncomingMessage.onEnd (/home/dogsinatas/TypeScript_project/antigravity-extension-vis/node_modules/raw-body/index.js:287:7)
    at IncomingMessage.emit (node:events:509:28)
    at IncomingMessage.emit (node:domain:489:12)
SyntaxError: Unexpected token 'n', "null" is not valid JSON
    at JSON.parse (<anonymous>)
    at createStrictSyntaxError (/home/dogsinatas/TypeScript_project/antigravity-extension-vis/node_modules/body-parser/lib/types/json.js:109:10)
    at parse (/home/dogsinatas/TypeScript_project/antigravity-extension-vis/node_modules/body-parser/lib/types/json.js:66:15)
    at /home/dogsinatas/TypeScript_project/antigravity-extension-vis/node_modules/body-parser/lib/read.js:162:18
    at AsyncResource.runInAsyncScope (node:async_hooks:227:14)
    at invokeCallback (/home/dogsinatas/TypeScript_project/antigravity-extension-vis/node_modules/raw-body/index.js:238:16)
    at done (/home/dogsinatas/TypeScript_project/antigravity-extension-vis/node_modules/raw-body/index.js:227:7)
    at IncomingMessage.onEnd (/home/dogsinatas/TypeScript_project/antigravity-extension-vis/node_modules/raw-body/index.js:287:7)
    at IncomingMessage.emit (node:events:509:28)
    at IncomingMessage.emit (node:domain:489:12)
SyntaxError: Unexpected token 'n', "null" is not valid JSON
    at JSON.parse (<anonymous>)
    at createStrictSyntaxError (/home/dogsinatas/TypeScript_project/antigravity-extension-vis/node_modules/body-parser/lib/types/json.js:109:10)
    at parse (/home/dogsinatas/TypeScript_project/antigravity-extension-vis/node_modules/body-parser/lib/types/json.js:66:15)
    at /home/dogsinatas/TypeScript_project/antigravity-extension-vis/node_modules/body-parser/lib/read.js:162:18
    at AsyncResource.runInAsyncScope (node:async_hooks:227:14)
    at invokeCallback (/home/dogsinatas/TypeScript_project/antigravity-extension-vis/node_modules/raw-body/index.js:238:16)
    at done (/home/dogsinatas/TypeScript_project/antigravity-extension-vis/node_modules/raw-body/index.js:227:7)
    at IncomingMessage.onEnd (/home/dogsinatas/TypeScript_project/antigravity-extension-vis/node_modules/raw-body/index.js:287:7)
    at IncomingMessage.emit (node:events:509:28)
    at IncomingMessage.emit (node:domain:489:12)
SyntaxError: Unexpected token 'n', "null" is not valid JSON
    at JSON.parse (<anonymous>)
    at createStrictSyntaxError (/home/dogsinatas/TypeScript_project/antigravity-extension-vis/node_modules/body-parser/lib/types/json.js:109:10)
    at parse (/home/dogsinatas/TypeScript_project/antigravity-extension-vis/node_modules/body-parser/lib/types/json.js:66:15)
    at /home/dogsinatas/TypeScript_project/antigravity-extension-vis/node_modules/body-parser/lib/read.js:162:18
    at AsyncResource.runInAsyncScope (node:async_hooks:227:14)
    at invokeCallback (/home/dogsinatas/TypeScript_project/antigravity-extension-vis/node_modules/raw-body/index.js:238:16)
    at done (/home/dogsinatas/TypeScript_project/antigravity-extension-vis/node_modules/raw-body/index.js:227:7)
    at IncomingMessage.onEnd (/home/dogsinatas/TypeScript_project/antigravity-extension-vis/node_modules/raw-body/index.js:287:7)
    at IncomingMessage.emit (node:events:509:28)
    at IncomingMessage.emit (node:domain:489:12)
SyntaxError: Unexpected token 'n', "null" is not valid JSON
    at JSON.parse (<anonymous>)
    at createStrictSyntaxError (/home/dogsinatas/TypeScript_project/antigravity-extension-vis/node_modules/body-parser/lib/types/json.js:109:10)
    at parse (/home/dogsinatas/TypeScript_project/antigravity-extension-vis/node_modules/body-parser/lib/types/json.js:66:15)
    at /home/dogsinatas/TypeScript_project/antigravity-extension-vis/node_modules/body-parser/lib/read.js:162:18
    at AsyncResource.runInAsyncScope (node:async_hooks:227:14)
    at invokeCallback (/home/dogsinatas/TypeScript_project/antigravity-extension-vis/node_modules/raw-body/index.js:238:16)
    at done (/home/dogsinatas/TypeScript_project/antigravity-extension-vis/node_modules/raw-body/index.js:227:7)
    at IncomingMessage.onEnd (/home/dogsinatas/TypeScript_project/antigravity-extension-vis/node_modules/raw-body/index.js:287:7)
    at IncomingMessage.emit (node:events:509:28)
    at IncomingMessage.emit (node:domain:489:12)
SyntaxError: Unexpected token 'n', "null" is not valid JSON
    at JSON.parse (<anonymous>)
    at createStrictSyntaxError (/home/dogsinatas/TypeScript_project/antigravity-extension-vis/node_modules/body-parser/lib/types/json.js:109:10)
    at parse (/home/dogsinatas/TypeScript_project/antigravity-extension-vis/node_modules/body-parser/lib/types/json.js:66:15)
    at /home/dogsinatas/TypeScript_project/antigravity-extension-vis/node_modules/body-parser/lib/read.js:162:18
    at AsyncResource.runInAsyncScope (node:async_hooks:227:14)
    at invokeCallback (/home/dogsinatas/TypeScript_project/antigravity-extension-vis/node_modules/raw-body/index.js:238:16)
    at done (/home/dogsinatas/TypeScript_project/antigravity-extension-vis/node_modules/raw-body/index.js:227:7)
    at IncomingMessage.onEnd (/home/dogsinatas/TypeScript_project/antigravity-extension-vis/node_modules/raw-body/index.js:287:7)
    at IncomingMessage.emit (node:events:509:28)
    at IncomingMessage.emit (node:domain:489:12)
SyntaxError: Unexpected token 'n', "null" is not valid JSON
    at JSON.parse (<anonymous>)
    at createStrictSyntaxError (/home/dogsinatas/TypeScript_project/antigravity-extension-vis/node_modules/body-parser/lib/types/json.js:109:10)
    at parse (/home/dogsinatas/TypeScript_project/antigravity-extension-vis/node_modules/body-parser/lib/types/json.js:66:15)
    at /home/dogsinatas/TypeScript_project/antigravity-extension-vis/node_modules/body-parser/lib/read.js:162:18
    at AsyncResource.runInAsyncScope (node:async_hooks:227:14)
    at invokeCallback (/home/dogsinatas/TypeScript_project/antigravity-extension-vis/node_modules/raw-body/index.js:238:16)
    at done (/home/dogsinatas/TypeScript_project/antigravity-extension-vis/node_modules/raw-body/index.js:227:7)
    at IncomingMessage.onEnd (/home/dogsinatas/TypeScript_project/antigravity-extension-vis/node_modules/raw-body/index.js:287:7)
    at IncomingMessage.emit (node:events:509:28)
    at IncomingMessage.emit (node:domain:489:12)
SyntaxError: Unexpected token 'n', "null" is not valid JSON
    at JSON.parse (<anonymous>)
    at createStrictSyntaxError (/home/dogsinatas/TypeScript_project/antigravity-extension-vis/node_modules/body-parser/lib/types/json.js:109:10)
    at parse (/home/dogsinatas/TypeScript_project/antigravity-extension-vis/node_modules/body-parser/lib/types/json.js:66:15)
    at /home/dogsinatas/TypeScript_project/antigravity-extension-vis/node_modules/body-parser/lib/read.js:162:18
    at AsyncResource.runInAsyncScope (node:async_hooks:227:14)
    at invokeCallback (/home/dogsinatas/TypeScript_project/antigravity-extension-vis/node_modules/raw-body/index.js:238:16)
    at done (/home/dogsinatas/TypeScript_project/antigravity-extension-vis/node_modules/raw-body/index.js:227:7)
    at IncomingMessage.onEnd (/home/dogsinatas/TypeScript_project/antigravity-extension-vis/node_modules/raw-body/index.js:287:7)
    at IncomingMessage.emit (node:events:509:28)
    at IncomingMessage.emit (node:domain:489:12)
SyntaxError: Unexpected token 'n', "null" is not valid JSON
    at JSON.parse (<anonymous>)
    at createStrictSyntaxError (/home/dogsinatas/TypeScript_project/antigravity-extension-vis/node_modules/body-parser/lib/types/json.js:109:10)
    at parse (/home/dogsinatas/TypeScript_project/antigravity-extension-vis/node_modules/body-parser/lib/types/json.js:66:15)
    at /home/dogsinatas/TypeScript_project/antigravity-extension-vis/node_modules/body-parser/lib/read.js:162:18
    at AsyncResource.runInAsyncScope (node:async_hooks:227:14)
    at invokeCallback (/home/dogsinatas/TypeScript_project/antigravity-extension-vis/node_modules/raw-body/index.js:238:16)
    at done (/home/dogsinatas/TypeScript_project/antigravity-extension-vis/node_modules/raw-body/index.js:227:7)
    at IncomingMessage.onEnd (/home/dogsinatas/TypeScript_project/antigravity-extension-vis/node_modules/raw-body/index.js:287:7)
    at IncomingMessage.emit (node:events:509:28)
    at IncomingMessage.emit (node:domain:489:12)
SyntaxError: Unexpected token 'n', "null" is not valid JSON
    at JSON.parse (<anonymous>)
    at createStrictSyntaxError (/home/dogsinatas/TypeScript_project/antigravity-extension-vis/node_modules/body-parser/lib/types/json.js:109:10)
    at parse (/home/dogsinatas/TypeScript_project/antigravity-extension-vis/node_modules/body-parser/lib/types/json.js:66:15)
    at /home/dogsinatas/TypeScript_project/antigravity-extension-vis/node_modules/body-parser/lib/read.js:162:18
    at AsyncResource.runInAsyncScope (node:async_hooks:227:14)
    at invokeCallback (/home/dogsinatas/TypeScript_project/antigravity-extension-vis/node_modules/raw-body/index.js:238:16)
    at done (/home/dogsinatas/TypeScript_project/antigravity-extension-vis/node_modules/raw-body/index.js:227:7)
    at IncomingMessage.onEnd (/home/dogsinatas/TypeScript_project/antigravity-extension-vis/node_modules/raw-body/index.js:287:7)
    at IncomingMessage.emit (node:events:509:28)
    at IncomingMessage.emit (node:domain:489:12)
SyntaxError: Unexpected token 'n', "null" is not valid JSON
    at JSON.parse (<anonymous>)
    at createStrictSyntaxError (/home/dogsinatas/TypeScript_project/antigravity-extension-vis/node_modules/body-parser/lib/types/json.js:109:10)
    at parse (/home/dogsinatas/TypeScript_project/antigravity-extension-vis/node_modules/body-parser/lib/types/json.js:66:15)
    at /home/dogsinatas/TypeScript_project/antigravity-extension-vis/node_modules/body-parser/lib/read.js:162:18
    at AsyncResource.runInAsyncScope (node:async_hooks:227:14)
    at invokeCallback (/home/dogsinatas/TypeScript_project/antigravity-extension-vis/node_modules/raw-body/index.js:238:16)
    at done (/home/dogsinatas/TypeScript_project/antigravity-extension-vis/node_modules/raw-body/index.js:227:7)
    at IncomingMessage.onEnd (/home/dogsinatas/TypeScript_project/antigravity-extension-vis/node_modules/raw-body/index.js:287:7)
    at IncomingMessage.emit (node:events:509:28)
    at IncomingMessage.emit (node:domain:489:12)
SyntaxError: Unexpected token 'n', "null" is not valid JSON
    at JSON.parse (<anonymous>)
    at createStrictSyntaxError (/home/dogsinatas/TypeScript_project/antigravity-extension-vis/node_modules/body-parser/lib/types/json.js:109:10)
    at parse (/home/dogsinatas/TypeScript_project/antigravity-extension-vis/node_modules/body-parser/lib/types/json.js:66:15)
    at /home/dogsinatas/TypeScript_project/antigravity-extension-vis/node_modules/body-parser/lib/read.js:162:18
    at AsyncResource.runInAsyncScope (node:async_hooks:227:14)
    at invokeCallback (/home/dogsinatas/TypeScript_project/antigravity-extension-vis/node_modules/raw-body/index.js:238:16)
    at done (/home/dogsinatas/TypeScript_project/antigravity-extension-vis/node_modules/raw-body/index.js:227:7)
    at IncomingMessage.onEnd (/home/dogsinatas/TypeScript_project/antigravity-extension-vis/node_modules/raw-body/index.js:287:7)
    at IncomingMessage.emit (node:events:509:28)
    at IncomingMessage.emit (node:domain:489:12)
SyntaxError: Unexpected token 'n', "null" is not valid JSON
    at JSON.parse (<anonymous>)
    at createStrictSyntaxError (/home/dogsinatas/TypeScript_project/antigravity-extension-vis/node_modules/body-parser/lib/types/json.js:109:10)
    at parse (/home/dogsinatas/TypeScript_project/antigravity-extension-vis/node_modules/body-parser/lib/types/json.js:66:15)
    at /home/dogsinatas/TypeScript_project/antigravity-extension-vis/node_modules/body-parser/lib/read.js:162:18
    at AsyncResource.runInAsyncScope (node:async_hooks:227:14)
    at invokeCallback (/home/dogsinatas/TypeScript_project/antigravity-extension-vis/node_modules/raw-body/index.js:238:16)
    at done (/home/dogsinatas/TypeScript_project/antigravity-extension-vis/node_modules/raw-body/index.js:227:7)
    at IncomingMessage.onEnd (/home/dogsinatas/TypeScript_project/antigravity-extension-vis/node_modules/raw-body/index.js:287:7)
    at IncomingMessage.emit (node:events:509:28)
    at IncomingMessage.emit (node:domain:489:12)
SyntaxError: Unexpected token 'n', "null" is not valid JSON
    at JSON.parse (<anonymous>)
    at createStrictSyntaxError (/home/dogsinatas/TypeScript_project/antigravity-extension-vis/node_modules/body-parser/lib/types/json.js:109:10)
    at parse (/home/dogsinatas/TypeScript_project/antigravity-extension-vis/node_modules/body-parser/lib/types/json.js:66:15)
    at /home/dogsinatas/TypeScript_project/antigravity-extension-vis/node_modules/body-parser/lib/read.js:162:18
    at AsyncResource.runInAsyncScope (node:async_hooks:227:14)
    at invokeCallback (/home/dogsinatas/TypeScript_project/antigravity-extension-vis/node_modules/raw-body/index.js:238:16)
    at done (/home/dogsinatas/TypeScript_project/antigravity-extension-vis/node_modules/raw-body/index.js:227:7)
    at IncomingMessage.onEnd (/home/dogsinatas/TypeScript_project/antigravity-extension-vis/node_modules/raw-body/index.js:287:7)
    at IncomingMessage.emit (node:events:509:28)
    at IncomingMessage.emit (node:domain:489:12)
SyntaxError: Unexpected token 'n', "null" is not valid JSON
    at JSON.parse (<anonymous>)
    at createStrictSyntaxError (/home/dogsinatas/TypeScript_project/antigravity-extension-vis/node_modules/body-parser/lib/types/json.js:109:10)
    at parse (/home/dogsinatas/TypeScript_project/antigravity-extension-vis/node_modules/body-parser/lib/types/json.js:66:15)
    at /home/dogsinatas/TypeScript_project/antigravity-extension-vis/node_modules/body-parser/lib/read.js:162:18
    at AsyncResource.runInAsyncScope (node:async_hooks:227:14)
    at invokeCallback (/home/dogsinatas/TypeScript_project/antigravity-extension-vis/node_modules/raw-body/index.js:238:16)
    at done (/home/dogsinatas/TypeScript_project/antigravity-extension-vis/node_modules/raw-body/index.js:227:7)
    at IncomingMessage.onEnd (/home/dogsinatas/TypeScript_project/antigravity-extension-vis/node_modules/raw-body/index.js:287:7)
    at IncomingMessage.emit (node:events:509:28)
    at IncomingMessage.emit (node:domain:489:12)
SyntaxError: Unexpected token 'n', "null" is not valid JSON
    at JSON.parse (<anonymous>)
    at createStrictSyntaxError (/home/dogsinatas/TypeScript_project/antigravity-extension-vis/node_modules/body-parser/lib/types/json.js:109:10)
    at parse (/home/dogsinatas/TypeScript_project/antigravity-extension-vis/node_modules/body-parser/lib/types/json.js:66:15)
    at /home/dogsinatas/TypeScript_project/antigravity-extension-vis/node_modules/body-parser/lib/read.js:162:18
    at AsyncResource.runInAsyncScope (node:async_hooks:227:14)
    at invokeCallback (/home/dogsinatas/TypeScript_project/antigravity-extension-vis/node_modules/raw-body/index.js:238:16)
    at done (/home/dogsinatas/TypeScript_project/antigravity-extension-vis/node_modules/raw-body/index.js:227:7)
    at IncomingMessage.onEnd (/home/dogsinatas/TypeScript_project/antigravity-extension-vis/node_modules/raw-body/index.js:287:7)
    at IncomingMessage.emit (node:events:509:28)
    at IncomingMessage.emit (node:domain:489:12)
SyntaxError: Unexpected token 'n', "null" is not valid JSON
    at JSON.parse (<anonymous>)
    at createStrictSyntaxError (/home/dogsinatas/TypeScript_project/antigravity-extension-vis/node_modules/body-parser/lib/types/json.js:109:10)
    at parse (/home/dogsinatas/TypeScript_project/antigravity-extension-vis/node_modules/body-parser/lib/types/json.js:66:15)
    at /home/dogsinatas/TypeScript_project/antigravity-extension-vis/node_modules/body-parser/lib/read.js:162:18
    at AsyncResource.runInAsyncScope (node:async_hooks:227:14)
    at invokeCallback (/home/dogsinatas/TypeScript_project/antigravity-extension-vis/node_modules/raw-body/index.js:238:16)
    at done (/home/dogsinatas/TypeScript_project/antigravity-extension-vis/node_modules/raw-body/index.js:227:7)
    at IncomingMessage.onEnd (/home/dogsinatas/TypeScript_project/antigravity-extension-vis/node_modules/raw-body/index.js:287:7)
    at IncomingMessage.emit (node:events:509:28)
    at IncomingMessage.emit (node:domain:489:12)
SyntaxError: Unexpected token 'n', "null" is not valid JSON
    at JSON.parse (<anonymous>)
    at createStrictSyntaxError (/home/dogsinatas/TypeScript_project/antigravity-extension-vis/node_modules/body-parser/lib/types/json.js:109:10)
    at parse (/home/dogsinatas/TypeScript_project/antigravity-extension-vis/node_modules/body-parser/lib/types/json.js:66:15)
    at /home/dogsinatas/TypeScript_project/antigravity-extension-vis/node_modules/body-parser/lib/read.js:162:18
    at AsyncResource.runInAsyncScope (node:async_hooks:227:14)
    at invokeCallback (/home/dogsinatas/TypeScript_project/antigravity-extension-vis/node_modules/raw-body/index.js:238:16)
    at done (/home/dogsinatas/TypeScript_project/antigravity-extension-vis/node_modules/raw-body/index.js:227:7)
    at IncomingMessage.onEnd (/home/dogsinatas/TypeScript_project/antigravity-extension-vis/node_modules/raw-body/index.js:287:7)
    at IncomingMessage.emit (node:events:509:28)
    at IncomingMessage.emit (node:domain:489:12)
SyntaxError: Unexpected token 'n', "null" is not valid JSON
    at JSON.parse (<anonymous>)
    at createStrictSyntaxError (/home/dogsinatas/TypeScript_project/antigravity-extension-vis/node_modules/body-parser/lib/types/json.js:109:10)
    at parse (/home/dogsinatas/TypeScript_project/antigravity-extension-vis/node_modules/body-parser/lib/types/json.js:66:15)
    at /home/dogsinatas/TypeScript_project/antigravity-extension-vis/node_modules/body-parser/lib/read.js:162:18
    at AsyncResource.runInAsyncScope (node:async_hooks:227:14)
    at invokeCallback (/home/dogsinatas/TypeScript_project/antigravity-extension-vis/node_modules/raw-body/index.js:238:16)
    at done (/home/dogsinatas/TypeScript_project/antigravity-extension-vis/node_modules/raw-body/index.js:227:7)
    at IncomingMessage.onEnd (/home/dogsinatas/TypeScript_project/antigravity-extension-vis/node_modules/raw-body/index.js:287:7)
    at IncomingMessage.emit (node:events:509:28)
    at IncomingMessage.emit (node:domain:489:12)
SyntaxError: Unexpected token 'n', "null" is not valid JSON
    at JSON.parse (<anonymous>)
    at createStrictSyntaxError (/home/dogsinatas/TypeScript_project/antigravity-extension-vis/node_modules/body-parser/lib/types/json.js:109:10)
    at parse (/home/dogsinatas/TypeScript_project/antigravity-extension-vis/node_modules/body-parser/lib/types/json.js:66:15)
    at /home/dogsinatas/TypeScript_project/antigravity-extension-vis/node_modules/body-parser/lib/read.js:162:18
    at AsyncResource.runInAsyncScope (node:async_hooks:227:14)
    at invokeCallback (/home/dogsinatas/TypeScript_project/antigravity-extension-vis/node_modules/raw-body/index.js:238:16)
    at done (/home/dogsinatas/TypeScript_project/antigravity-extension-vis/node_modules/raw-body/index.js:227:7)
    at IncomingMessage.onEnd (/home/dogsinatas/TypeScript_project/antigravity-extension-vis/node_modules/raw-body/index.js:287:7)
    at IncomingMessage.emit (node:events:509:28)
    at IncomingMessage.emit (node:domain:489:12)
SyntaxError: Unexpected token 'n', "null" is not valid JSON
    at JSON.parse (<anonymous>)
    at createStrictSyntaxError (/home/dogsinatas/TypeScript_project/antigravity-extension-vis/node_modules/body-parser/lib/types/json.js:109:10)
    at parse (/home/dogsinatas/TypeScript_project/antigravity-extension-vis/node_modules/body-parser/lib/types/json.js:66:15)
    at /home/dogsinatas/TypeScript_project/antigravity-extension-vis/node_modules/body-parser/lib/read.js:162:18
    at AsyncResource.runInAsyncScope (node:async_hooks:227:14)
    at invokeCallback (/home/dogsinatas/TypeScript_project/antigravity-extension-vis/node_modules/raw-body/index.js:238:16)
    at done (/home/dogsinatas/TypeScript_project/antigravity-extension-vis/node_modules/raw-body/index.js:227:7)
    at IncomingMessage.onEnd (/home/dogsinatas/TypeScript_project/antigravity-extension-vis/node_modules/raw-body/index.js:287:7)
    at IncomingMessage.emit (node:events:509:28)
    at IncomingMessage.emit (node:domain:489:12)
SyntaxError: Unexpected token 'n', "null" is not valid JSON
    at JSON.parse (<anonymous>)
    at createStrictSyntaxError (/home/dogsinatas/TypeScript_project/antigravity-extension-vis/node_modules/body-parser/lib/types/json.js:109:10)
    at parse (/home/dogsinatas/TypeScript_project/antigravity-extension-vis/node_modules/body-parser/lib/types/json.js:66:15)
    at /home/dogsinatas/TypeScript_project/antigravity-extension-vis/node_modules/body-parser/lib/read.js:162:18
    at AsyncResource.runInAsyncScope (node:async_hooks:227:14)
    at invokeCallback (/home/dogsinatas/TypeScript_project/antigravity-extension-vis/node_modules/raw-body/index.js:238:16)
    at done (/home/dogsinatas/TypeScript_project/antigravity-extension-vis/node_modules/raw-body/index.js:227:7)
    at IncomingMessage.onEnd (/home/dogsinatas/TypeScript_project/antigravity-extension-vis/node_modules/raw-body/index.js:287:7)
    at IncomingMessage.emit (node:events:509:28)
    at IncomingMessage.emit (node:domain:489:12)
SyntaxError: Unexpected token 'n', "null" is not valid JSON
    at JSON.parse (<anonymous>)
    at createStrictSyntaxError (/home/dogsinatas/TypeScript_project/antigravity-extension-vis/node_modules/body-parser/lib/types/json.js:109:10)
    at parse (/home/dogsinatas/TypeScript_project/antigravity-extension-vis/node_modules/body-parser/lib/types/json.js:66:15)
    at /home/dogsinatas/TypeScript_project/antigravity-extension-vis/node_modules/body-parser/lib/read.js:162:18
    at AsyncResource.runInAsyncScope (node:async_hooks:227:14)
    at invokeCallback (/home/dogsinatas/TypeScript_project/antigravity-extension-vis/node_modules/raw-body/index.js:238:16)
    at done (/home/dogsinatas/TypeScript_project/antigravity-extension-vis/node_modules/raw-body/index.js:227:7)
    at IncomingMessage.onEnd (/home/dogsinatas/TypeScript_project/antigravity-extension-vis/node_modules/raw-body/index.js:287:7)
    at IncomingMessage.emit (node:events:509:28)
    at IncomingMessage.emit (node:domain:489:12)
SyntaxError: Unexpected token 'n', "null" is not valid JSON
    at JSON.parse (<anonymous>)
    at createStrictSyntaxError (/home/dogsinatas/TypeScript_project/antigravity-extension-vis/node_modules/body-parser/lib/types/json.js:109:10)
    at parse (/home/dogsinatas/TypeScript_project/antigravity-extension-vis/node_modules/body-parser/lib/types/json.js:66:15)
    at /home/dogsinatas/TypeScript_project/antigravity-extension-vis/node_modules/body-parser/lib/read.js:162:18
    at AsyncResource.runInAsyncScope (node:async_hooks:227:14)
    at invokeCallback (/home/dogsinatas/TypeScript_project/antigravity-extension-vis/node_modules/raw-body/index.js:238:16)
    at done (/home/dogsinatas/TypeScript_project/antigravity-extension-vis/node_modules/raw-body/index.js:227:7)
    at IncomingMessage.onEnd (/home/dogsinatas/TypeScript_project/antigravity-extension-vis/node_modules/raw-body/index.js:287:7)
    at IncomingMessage.emit (node:events:509:28)
    at IncomingMessage.emit (node:domain:489:12)
SyntaxError: Unexpected token 'n', "null" is not valid JSON
    at JSON.parse (<anonymous>)
    at createStrictSyntaxError (/home/dogsinatas/TypeScript_project/antigravity-extension-vis/node_modules/body-parser/lib/types/json.js:109:10)
    at parse (/home/dogsinatas/TypeScript_project/antigravity-extension-vis/node_modules/body-parser/lib/types/json.js:66:15)
    at /home/dogsinatas/TypeScript_project/antigravity-extension-vis/node_modules/body-parser/lib/read.js:162:18
    at AsyncResource.runInAsyncScope (node:async_hooks:227:14)
    at invokeCallback (/home/dogsinatas/TypeScript_project/antigravity-extension-vis/node_modules/raw-body/index.js:238:16)
    at done (/home/dogsinatas/TypeScript_project/antigravity-extension-vis/node_modules/raw-body/index.js:227:7)
    at IncomingMessage.onEnd (/home/dogsinatas/TypeScript_project/antigravity-extension-vis/node_modules/raw-body/index.js:287:7)
    at IncomingMessage.emit (node:events:509:28)
    at IncomingMessage.emit (node:domain:489:12)
SyntaxError: Unexpected token 'n', "null" is not valid JSON
    at JSON.parse (<anonymous>)
    at createStrictSyntaxError (/home/dogsinatas/TypeScript_project/antigravity-extension-vis/node_modules/body-parser/lib/types/json.js:109:10)
    at parse (/home/dogsinatas/TypeScript_project/antigravity-extension-vis/node_modules/body-parser/lib/types/json.js:66:15)
    at /home/dogsinatas/TypeScript_project/antigravity-extension-vis/node_modules/body-parser/lib/read.js:162:18
    at AsyncResource.runInAsyncScope (node:async_hooks:227:14)
    at invokeCallback (/home/dogsinatas/TypeScript_project/antigravity-extension-vis/node_modules/raw-body/index.js:238:16)
    at done (/home/dogsinatas/TypeScript_project/antigravity-extension-vis/node_modules/raw-body/index.js:227:7)
    at IncomingMessage.onEnd (/home/dogsinatas/TypeScript_project/antigravity-extension-vis/node_modules/raw-body/index.js:287:7)
    at IncomingMessage.emit (node:events:509:28)
    at IncomingMessage.emit (node:domain:489:12)
SyntaxError: Unexpected token 'n', "null" is not valid JSON
    at JSON.parse (<anonymous>)
    at createStrictSyntaxError (/home/dogsinatas/TypeScript_project/antigravity-extension-vis/node_modules/body-parser/lib/types/json.js:109:10)
    at parse (/home/dogsinatas/TypeScript_project/antigravity-extension-vis/node_modules/body-parser/lib/types/json.js:66:15)
    at /home/dogsinatas/TypeScript_project/antigravity-extension-vis/node_modules/body-parser/lib/read.js:162:18
    at AsyncResource.runInAsyncScope (node:async_hooks:227:14)
    at invokeCallback (/home/dogsinatas/TypeScript_project/antigravity-extension-vis/node_modules/raw-body/index.js:238:16)
    at done (/home/dogsinatas/TypeScript_project/antigravity-extension-vis/node_modules/raw-body/index.js:227:7)
    at IncomingMessage.onEnd (/home/dogsinatas/TypeScript_project/antigravity-extension-vis/node_modules/raw-body/index.js:287:7)
    at IncomingMessage.emit (node:events:509:28)
    at IncomingMessage.emit (node:domain:489:12)
SyntaxError: Unexpected token 'n', "null" is not valid JSON
    at JSON.parse (<anonymous>)
    at createStrictSyntaxError (/home/dogsinatas/TypeScript_project/antigravity-extension-vis/node_modules/body-parser/lib/types/json.js:109:10)
    at parse (/home/dogsinatas/TypeScript_project/antigravity-extension-vis/node_modules/body-parser/lib/types/json.js:66:15)
    at /home/dogsinatas/TypeScript_project/antigravity-extension-vis/node_modules/body-parser/lib/read.js:162:18
    at AsyncResource.runInAsyncScope (node:async_hooks:227:14)
    at invokeCallback (/home/dogsinatas/TypeScript_project/antigravity-extension-vis/node_modules/raw-body/index.js:238:16)
    at done (/home/dogsinatas/TypeScript_project/antigravity-extension-vis/node_modules/raw-body/index.js:227:7)
    at IncomingMessage.onEnd (/home/dogsinatas/TypeScript_project/antigravity-extension-vis/node_modules/raw-body/index.js:287:7)
    at IncomingMessage.emit (node:events:509:28)
    at IncomingMessage.emit (node:domain:489:12)
SyntaxError: Unexpected token 'n', "null" is not valid JSON
    at JSON.parse (<anonymous>)
    at createStrictSyntaxError (/home/dogsinatas/TypeScript_project/antigravity-extension-vis/node_modules/body-parser/lib/types/json.js:109:10)
    at parse (/home/dogsinatas/TypeScript_project/antigravity-extension-vis/node_modules/body-parser/lib/types/json.js:66:15)
    at /home/dogsinatas/TypeScript_project/antigravity-extension-vis/node_modules/body-parser/lib/read.js:162:18
    at AsyncResource.runInAsyncScope (node:async_hooks:227:14)
    at invokeCallback (/home/dogsinatas/TypeScript_project/antigravity-extension-vis/node_modules/raw-body/index.js:238:16)
    at done (/home/dogsinatas/TypeScript_project/antigravity-extension-vis/node_modules/raw-body/index.js:227:7)
    at IncomingMessage.onEnd (/home/dogsinatas/TypeScript_project/antigravity-extension-vis/node_modules/raw-body/index.js:287:7)
    at IncomingMessage.emit (node:events:509:28)
    at IncomingMessage.emit (node:domain:489:12)
SyntaxError: Unexpected token 'n', "null" is not valid JSON
    at JSON.parse (<anonymous>)
    at createStrictSyntaxError (/home/dogsinatas/TypeScript_project/antigravity-extension-vis/node_modules/body-parser/lib/types/json.js:109:10)
    at parse (/home/dogsinatas/TypeScript_project/antigravity-extension-vis/node_modules/body-parser/lib/types/json.js:66:15)
    at /home/dogsinatas/TypeScript_project/antigravity-extension-vis/node_modules/body-parser/lib/read.js:162:18
    at AsyncResource.runInAsyncScope (node:async_hooks:227:14)
    at invokeCallback (/home/dogsinatas/TypeScript_project/antigravity-extension-vis/node_modules/raw-body/index.js:238:16)
    at done (/home/dogsinatas/TypeScript_project/antigravity-extension-vis/node_modules/raw-body/index.js:227:7)
    at IncomingMessage.onEnd (/home/dogsinatas/TypeScript_project/antigravity-extension-vis/node_modules/raw-body/index.js:287:7)
    at IncomingMessage.emit (node:events:509:28)
    at IncomingMessage.emit (node:domain:489:12)
SyntaxError: Unexpected token 'n', "null" is not valid JSON
    at JSON.parse (<anonymous>)
    at createStrictSyntaxError (/home/dogsinatas/TypeScript_project/antigravity-extension-vis/node_modules/body-parser/lib/types/json.js:109:10)
    at parse (/home/dogsinatas/TypeScript_project/antigravity-extension-vis/node_modules/body-parser/lib/types/json.js:66:15)
    at /home/dogsinatas/TypeScript_project/antigravity-extension-vis/node_modules/body-parser/lib/read.js:162:18
    at AsyncResource.runInAsyncScope (node:async_hooks:227:14)
    at invokeCallback (/home/dogsinatas/TypeScript_project/antigravity-extension-vis/node_modules/raw-body/index.js:238:16)
    at done (/home/dogsinatas/TypeScript_project/antigravity-extension-vis/node_modules/raw-body/index.js:227:7)
    at IncomingMessage.onEnd (/home/dogsinatas/TypeScript_project/antigravity-extension-vis/node_modules/raw-body/index.js:287:7)
    at IncomingMessage.emit (node:events:509:28)
    at IncomingMessage.emit (node:domain:489:12)
SyntaxError: Unexpected token 'n', "null" is not valid JSON
    at JSON.parse (<anonymous>)
    at createStrictSyntaxError (/home/dogsinatas/TypeScript_project/antigravity-extension-vis/node_modules/body-parser/lib/types/json.js:109:10)
    at parse (/home/dogsinatas/TypeScript_project/antigravity-extension-vis/node_modules/body-parser/lib/types/json.js:66:15)
    at /home/dogsinatas/TypeScript_project/antigravity-extension-vis/node_modules/body-parser/lib/read.js:162:18
    at AsyncResource.runInAsyncScope (node:async_hooks:227:14)
    at invokeCallback (/home/dogsinatas/TypeScript_project/antigravity-extension-vis/node_modules/raw-body/index.js:238:16)
    at done (/home/dogsinatas/TypeScript_project/antigravity-extension-vis/node_modules/raw-body/index.js:227:7)
    at IncomingMessage.onEnd (/home/dogsinatas/TypeScript_project/antigravity-extension-vis/node_modules/raw-body/index.js:287:7)
    at IncomingMessage.emit (node:events:509:28)
    at IncomingMessage.emit (node:domain:489:12)
SyntaxError: Unexpected token 'n', "null" is not valid JSON
    at JSON.parse (<anonymous>)
    at createStrictSyntaxError (/home/dogsinatas/TypeScript_project/antigravity-extension-vis/node_modules/body-parser/lib/types/json.js:109:10)
    at parse (/home/dogsinatas/TypeScript_project/antigravity-extension-vis/node_modules/body-parser/lib/types/json.js:66:15)
    at /home/dogsinatas/TypeScript_project/antigravity-extension-vis/node_modules/body-parser/lib/read.js:162:18
    at AsyncResource.runInAsyncScope (node:async_hooks:227:14)
    at invokeCallback (/home/dogsinatas/TypeScript_project/antigravity-extension-vis/node_modules/raw-body/index.js:238:16)
    at done (/home/dogsinatas/TypeScript_project/antigravity-extension-vis/node_modules/raw-body/index.js:227:7)
    at IncomingMessage.onEnd (/home/dogsinatas/TypeScript_project/antigravity-extension-vis/node_modules/raw-body/index.js:287:7)
    at IncomingMessage.emit (node:events:509:28)
    at IncomingMessage.emit (node:domain:489:12)
SyntaxError: Unexpected token 'n', "null" is not valid JSON
    at JSON.parse (<anonymous>)
    at createStrictSyntaxError (/home/dogsinatas/TypeScript_project/antigravity-extension-vis/node_modules/body-parser/lib/types/json.js:109:10)
    at parse (/home/dogsinatas/TypeScript_project/antigravity-extension-vis/node_modules/body-parser/lib/types/json.js:66:15)
    at /home/dogsinatas/TypeScript_project/antigravity-extension-vis/node_modules/body-parser/lib/read.js:162:18
    at AsyncResource.runInAsyncScope (node:async_hooks:227:14)
    at invokeCallback (/home/dogsinatas/TypeScript_project/antigravity-extension-vis/node_modules/raw-body/index.js:238:16)
    at done (/home/dogsinatas/TypeScript_project/antigravity-extension-vis/node_modules/raw-body/index.js:227:7)
    at IncomingMessage.onEnd (/home/dogsinatas/TypeScript_project/antigravity-extension-vis/node_modules/raw-body/index.js:287:7)
    at IncomingMessage.emit (node:events:509:28)
    at IncomingMessage.emit (node:domain:489:12)
SyntaxError: Unexpected token 'n', "null" is not valid JSON
    at JSON.parse (<anonymous>)
    at createStrictSyntaxError (/home/dogsinatas/TypeScript_project/antigravity-extension-vis/node_modules/body-parser/lib/types/json.js:109:10)
    at parse (/home/dogsinatas/TypeScript_project/antigravity-extension-vis/node_modules/body-parser/lib/types/json.js:66:15)
    at /home/dogsinatas/TypeScript_project/antigravity-extension-vis/node_modules/body-parser/lib/read.js:162:18
    at AsyncResource.runInAsyncScope (node:async_hooks:227:14)
    at invokeCallback (/home/dogsinatas/TypeScript_project/antigravity-extension-vis/node_modules/raw-body/index.js:238:16)
    at done (/home/dogsinatas/TypeScript_project/antigravity-extension-vis/node_modules/raw-body/index.js:227:7)
    at IncomingMessage.onEnd (/home/dogsinatas/TypeScript_project/antigravity-extension-vis/node_modules/raw-body/index.js:287:7)
    at IncomingMessage.emit (node:events:509:28)
    at IncomingMessage.emit (node:domain:489:12)
SyntaxError: Unexpected token 'n', "null" is not valid JSON
    at JSON.parse (<anonymous>)
    at createStrictSyntaxError (/home/dogsinatas/TypeScript_project/antigravity-extension-vis/node_modules/body-parser/lib/types/json.js:109:10)
    at parse (/home/dogsinatas/TypeScript_project/antigravity-extension-vis/node_modules/body-parser/lib/types/json.js:66:15)
    at /home/dogsinatas/TypeScript_project/antigravity-extension-vis/node_modules/body-parser/lib/read.js:162:18
    at AsyncResource.runInAsyncScope (node:async_hooks:227:14)
    at invokeCallback (/home/dogsinatas/TypeScript_project/antigravity-extension-vis/node_modules/raw-body/index.js:238:16)
    at done (/home/dogsinatas/TypeScript_project/antigravity-extension-vis/node_modules/raw-body/index.js:227:7)
    at IncomingMessage.onEnd (/home/dogsinatas/TypeScript_project/antigravity-extension-vis/node_modules/raw-body/index.js:287:7)
    at IncomingMessage.emit (node:events:509:28)
    at IncomingMessage.emit (node:domain:489:12)
SyntaxError: Unexpected token 'n', "null" is not valid JSON
    at JSON.parse (<anonymous>)
    at createStrictSyntaxError (/home/dogsinatas/TypeScript_project/antigravity-extension-vis/node_modules/body-parser/lib/types/json.js:109:10)
    at parse (/home/dogsinatas/TypeScript_project/antigravity-extension-vis/node_modules/body-parser/lib/types/json.js:66:15)
    at /home/dogsinatas/TypeScript_project/antigravity-extension-vis/node_modules/body-parser/lib/read.js:162:18
    at AsyncResource.runInAsyncScope (node:async_hooks:227:14)
    at invokeCallback (/home/dogsinatas/TypeScript_project/antigravity-extension-vis/node_modules/raw-body/index.js:238:16)
    at done (/home/dogsinatas/TypeScript_project/antigravity-extension-vis/node_modules/raw-body/index.js:227:7)
    at IncomingMessage.onEnd (/home/dogsinatas/TypeScript_project/antigravity-extension-vis/node_modules/raw-body/index.js:287:7)
    at IncomingMessage.emit (node:events:509:28)
    at IncomingMessage.emit (node:domain:489:12)
SyntaxError: Unexpected token 'n', "null" is not valid JSON
    at JSON.parse (<anonymous>)
    at createStrictSyntaxError (/home/dogsinatas/TypeScript_project/antigravity-extension-vis/node_modules/body-parser/lib/types/json.js:109:10)
    at parse (/home/dogsinatas/TypeScript_project/antigravity-extension-vis/node_modules/body-parser/lib/types/json.js:66:15)
    at /home/dogsinatas/TypeScript_project/antigravity-extension-vis/node_modules/body-parser/lib/read.js:162:18
    at AsyncResource.runInAsyncScope (node:async_hooks:227:14)
    at invokeCallback (/home/dogsinatas/TypeScript_project/antigravity-extension-vis/node_modules/raw-body/index.js:238:16)
    at done (/home/dogsinatas/TypeScript_project/antigravity-extension-vis/node_modules/raw-body/index.js:227:7)
    at IncomingMessage.onEnd (/home/dogsinatas/TypeScript_project/antigravity-extension-vis/node_modules/raw-body/index.js:287:7)
    at IncomingMessage.emit (node:events:509:28)
    at IncomingMessage.emit (node:domain:489:12)
SyntaxError: Unexpected token 'n', "null" is not valid JSON
    at JSON.parse (<anonymous>)
    at createStrictSyntaxError (/home/dogsinatas/TypeScript_project/antigravity-extension-vis/node_modules/body-parser/lib/types/json.js:109:10)
    at parse (/home/dogsinatas/TypeScript_project/antigravity-extension-vis/node_modules/body-parser/lib/types/json.js:66:15)
    at /home/dogsinatas/TypeScript_project/antigravity-extension-vis/node_modules/body-parser/lib/read.js:162:18
    at AsyncResource.runInAsyncScope (node:async_hooks:227:14)
    at invokeCallback (/home/dogsinatas/TypeScript_project/antigravity-extension-vis/node_modules/raw-body/index.js:238:16)
    at done (/home/dogsinatas/TypeScript_project/antigravity-extension-vis/node_modules/raw-body/index.js:227:7)
    at IncomingMessage.onEnd (/home/dogsinatas/TypeScript_project/antigravity-extension-vis/node_modules/raw-body/index.js:287:7)
    at IncomingMessage.emit (node:events:509:28)
    at IncomingMessage.emit (node:domain:489:12)
SyntaxError: Unexpected token 'n', "null" is not valid JSON
    at JSON.parse (<anonymous>)
    at createStrictSyntaxError (/home/dogsinatas/TypeScript_project/antigravity-extension-vis/node_modules/body-parser/lib/types/json.js:109:10)
    at parse (/home/dogsinatas/TypeScript_project/antigravity-extension-vis/node_modules/body-parser/lib/types/json.js:66:15)
    at /home/dogsinatas/TypeScript_project/antigravity-extension-vis/node_modules/body-parser/lib/read.js:162:18
    at AsyncResource.runInAsyncScope (node:async_hooks:227:14)
    at invokeCallback (/home/dogsinatas/TypeScript_project/antigravity-extension-vis/node_modules/raw-body/index.js:238:16)
    at done (/home/dogsinatas/TypeScript_project/antigravity-extension-vis/node_modules/raw-body/index.js:227:7)
    at IncomingMessage.onEnd (/home/dogsinatas/TypeScript_project/antigravity-extension-vis/node_modules/raw-body/index.js:287:7)
    at IncomingMessage.emit (node:events:509:28)
    at IncomingMessage.emit (node:domain:489:12)
SyntaxError: Unexpected token 'n', "null" is not valid JSON
    at JSON.parse (<anonymous>)
    at createStrictSyntaxError (/home/dogsinatas/TypeScript_project/antigravity-extension-vis/node_modules/body-parser/lib/types/json.js:109:10)
    at parse (/home/dogsinatas/TypeScript_project/antigravity-extension-vis/node_modules/body-parser/lib/types/json.js:66:15)
    at /home/dogsinatas/TypeScript_project/antigravity-extension-vis/node_modules/body-parser/lib/read.js:162:18
    at AsyncResource.runInAsyncScope (node:async_hooks:227:14)
    at invokeCallback (/home/dogsinatas/TypeScript_project/antigravity-extension-vis/node_modules/raw-body/index.js:238:16)
    at done (/home/dogsinatas/TypeScript_project/antigravity-extension-vis/node_modules/raw-body/index.js:227:7)
    at IncomingMessage.onEnd (/home/dogsinatas/TypeScript_project/antigravity-extension-vis/node_modules/raw-body/index.js:287:7)
    at IncomingMessage.emit (node:events:509:28)
    at IncomingMessage.emit (node:domain:489:12)
SyntaxError: Unexpected token 'n', "null" is not valid JSON
    at JSON.parse (<anonymous>)
    at createStrictSyntaxError (/home/dogsinatas/TypeScript_project/antigravity-extension-vis/node_modules/body-parser/lib/types/json.js:109:10)
    at parse (/home/dogsinatas/TypeScript_project/antigravity-extension-vis/node_modules/body-parser/lib/types/json.js:66:15)
    at /home/dogsinatas/TypeScript_project/antigravity-extension-vis/node_modules/body-parser/lib/read.js:162:18
    at AsyncResource.runInAsyncScope (node:async_hooks:227:14)
    at invokeCallback (/home/dogsinatas/TypeScript_project/antigravity-extension-vis/node_modules/raw-body/index.js:238:16)
    at done (/home/dogsinatas/TypeScript_project/antigravity-extension-vis/node_modules/raw-body/index.js:227:7)
    at IncomingMessage.onEnd (/home/dogsinatas/TypeScript_project/antigravity-extension-vis/node_modules/raw-body/index.js:287:7)
    at IncomingMessage.emit (node:events:509:28)
    at IncomingMessage.emit (node:domain:489:12)
SyntaxError: Unexpected token 'n', "null" is not valid JSON
    at JSON.parse (<anonymous>)
    at createStrictSyntaxError (/home/dogsinatas/TypeScript_project/antigravity-extension-vis/node_modules/body-parser/lib/types/json.js:109:10)
    at parse (/home/dogsinatas/TypeScript_project/antigravity-extension-vis/node_modules/body-parser/lib/types/json.js:66:15)
    at /home/dogsinatas/TypeScript_project/antigravity-extension-vis/node_modules/body-parser/lib/read.js:162:18
    at AsyncResource.runInAsyncScope (node:async_hooks:227:14)
    at invokeCallback (/home/dogsinatas/TypeScript_project/antigravity-extension-vis/node_modules/raw-body/index.js:238:16)
    at done (/home/dogsinatas/TypeScript_project/antigravity-extension-vis/node_modules/raw-body/index.js:227:7)
    at IncomingMessage.onEnd (/home/dogsinatas/TypeScript_project/antigravity-extension-vis/node_modules/raw-body/index.js:287:7)
    at IncomingMessage.emit (node:events:509:28)
    at IncomingMessage.emit (node:domain:489:12)
SyntaxError: Unexpected token 'n', "null" is not valid JSON
    at JSON.parse (<anonymous>)
    at createStrictSyntaxError (/home/dogsinatas/TypeScript_project/antigravity-extension-vis/node_modules/body-parser/lib/types/json.js:109:10)
    at parse (/home/dogsinatas/TypeScript_project/antigravity-extension-vis/node_modules/body-parser/lib/types/json.js:66:15)
    at /home/dogsinatas/TypeScript_project/antigravity-extension-vis/node_modules/body-parser/lib/read.js:162:18
    at AsyncResource.runInAsyncScope (node:async_hooks:227:14)
    at invokeCallback (/home/dogsinatas/TypeScript_project/antigravity-extension-vis/node_modules/raw-body/index.js:238:16)
    at done (/home/dogsinatas/TypeScript_project/antigravity-extension-vis/node_modules/raw-body/index.js:227:7)
    at IncomingMessage.onEnd (/home/dogsinatas/TypeScript_project/antigravity-extension-vis/node_modules/raw-body/index.js:287:7)
    at IncomingMessage.emit (node:events:509:28)
    at IncomingMessage.emit (node:domain:489:12)
SyntaxError: Unexpected token 'n', "null" is not valid JSON
    at JSON.parse (<anonymous>)
    at createStrictSyntaxError (/home/dogsinatas/TypeScript_project/antigravity-extension-vis/node_modules/body-parser/lib/types/json.js:109:10)
    at parse (/home/dogsinatas/TypeScript_project/antigravity-extension-vis/node_modules/body-parser/lib/types/json.js:66:15)
    at /home/dogsinatas/TypeScript_project/antigravity-extension-vis/node_modules/body-parser/lib/read.js:162:18
    at AsyncResource.runInAsyncScope (node:async_hooks:227:14)
    at invokeCallback (/home/dogsinatas/TypeScript_project/antigravity-extension-vis/node_modules/raw-body/index.js:238:16)
    at done (/home/dogsinatas/TypeScript_project/antigravity-extension-vis/node_modules/raw-body/index.js:227:7)
    at IncomingMessage.onEnd (/home/dogsinatas/TypeScript_project/antigravity-extension-vis/node_modules/raw-body/index.js:287:7)
    at IncomingMessage.emit (node:events:509:28)
    at IncomingMessage.emit (node:domain:489:12)
SyntaxError: Unexpected token 'n', "null" is not valid JSON
    at JSON.parse (<anonymous>)
    at createStrictSyntaxError (/home/dogsinatas/TypeScript_project/antigravity-extension-vis/node_modules/body-parser/lib/types/json.js:109:10)
    at parse (/home/dogsinatas/TypeScript_project/antigravity-extension-vis/node_modules/body-parser/lib/types/json.js:66:15)
    at /home/dogsinatas/TypeScript_project/antigravity-extension-vis/node_modules/body-parser/lib/read.js:162:18
    at AsyncResource.runInAsyncScope (node:async_hooks:227:14)
    at invokeCallback (/home/dogsinatas/TypeScript_project/antigravity-extension-vis/node_modules/raw-body/index.js:238:16)
    at done (/home/dogsinatas/TypeScript_project/antigravity-extension-vis/node_modules/raw-body/index.js:227:7)
    at IncomingMessage.onEnd (/home/dogsinatas/TypeScript_project/antigravity-extension-vis/node_modules/raw-body/index.js:287:7)
    at IncomingMessage.emit (node:events:509:28)
    at IncomingMessage.emit (node:domain:489:12)
SyntaxError: Unexpected token 'n', "null" is not valid JSON
    at JSON.parse (<anonymous>)
    at createStrictSyntaxError (/home/dogsinatas/TypeScript_project/antigravity-extension-vis/node_modules/body-parser/lib/types/json.js:109:10)
    at parse (/home/dogsinatas/TypeScript_project/antigravity-extension-vis/node_modules/body-parser/lib/types/json.js:66:15)
    at /home/dogsinatas/TypeScript_project/antigravity-extension-vis/node_modules/body-parser/lib/read.js:162:18
    at AsyncResource.runInAsyncScope (node:async_hooks:227:14)
    at invokeCallback (/home/dogsinatas/TypeScript_project/antigravity-extension-vis/node_modules/raw-body/index.js:238:16)
    at done (/home/dogsinatas/TypeScript_project/antigravity-extension-vis/node_modules/raw-body/index.js:227:7)
    at IncomingMessage.onEnd (/home/dogsinatas/TypeScript_project/antigravity-extension-vis/node_modules/raw-body/index.js:287:7)
    at IncomingMessage.emit (node:events:509:28)
    at IncomingMessage.emit (node:domain:489:12)
SyntaxError: Unexpected token 'n', "null" is not valid JSON
    at JSON.parse (<anonymous>)
    at createStrictSyntaxError (/home/dogsinatas/TypeScript_project/antigravity-extension-vis/node_modules/body-parser/lib/types/json.js:109:10)
    at parse (/home/dogsinatas/TypeScript_project/antigravity-extension-vis/node_modules/body-parser/lib/types/json.js:66:15)
    at /home/dogsinatas/TypeScript_project/antigravity-extension-vis/node_modules/body-parser/lib/read.js:162:18
    at AsyncResource.runInAsyncScope (node:async_hooks:227:14)
    at invokeCallback (/home/dogsinatas/TypeScript_project/antigravity-extension-vis/node_modules/raw-body/index.js:238:16)
    at done (/home/dogsinatas/TypeScript_project/antigravity-extension-vis/node_modules/raw-body/index.js:227:7)
    at IncomingMessage.onEnd (/home/dogsinatas/TypeScript_project/antigravity-extension-vis/node_modules/raw-body/index.js:287:7)
    at IncomingMessage.emit (node:events:509:28)
    at IncomingMessage.emit (node:domain:489:12)
SyntaxError: Unexpected token 'n', "null" is not valid JSON
    at JSON.parse (<anonymous>)
    at createStrictSyntaxError (/home/dogsinatas/TypeScript_project/antigravity-extension-vis/node_modules/body-parser/lib/types/json.js:109:10)
    at parse (/home/dogsinatas/TypeScript_project/antigravity-extension-vis/node_modules/body-parser/lib/types/json.js:66:15)
    at /home/dogsinatas/TypeScript_project/antigravity-extension-vis/node_modules/body-parser/lib/read.js:162:18
    at AsyncResource.runInAsyncScope (node:async_hooks:227:14)
    at invokeCallback (/home/dogsinatas/TypeScript_project/antigravity-extension-vis/node_modules/raw-body/index.js:238:16)
    at done (/home/dogsinatas/TypeScript_project/antigravity-extension-vis/node_modules/raw-body/index.js:227:7)
    at IncomingMessage.onEnd (/home/dogsinatas/TypeScript_project/antigravity-extension-vis/node_modules/raw-body/index.js:287:7)
    at IncomingMessage.emit (node:events:509:28)
    at IncomingMessage.emit (node:domain:489:12)
SyntaxError: Unexpected token 'n', "null" is not valid JSON
    at JSON.parse (<anonymous>)
    at createStrictSyntaxError (/home/dogsinatas/TypeScript_project/antigravity-extension-vis/node_modules/body-parser/lib/types/json.js:109:10)
    at parse (/home/dogsinatas/TypeScript_project/antigravity-extension-vis/node_modules/body-parser/lib/types/json.js:66:15)
    at /home/dogsinatas/TypeScript_project/antigravity-extension-vis/node_modules/body-parser/lib/read.js:162:18
    at AsyncResource.runInAsyncScope (node:async_hooks:227:14)
    at invokeCallback (/home/dogsinatas/TypeScript_project/antigravity-extension-vis/node_modules/raw-body/index.js:238:16)
    at done (/home/dogsinatas/TypeScript_project/antigravity-extension-vis/node_modules/raw-body/index.js:227:7)
    at IncomingMessage.onEnd (/home/dogsinatas/TypeScript_project/antigravity-extension-vis/node_modules/raw-body/index.js:287:7)
    at IncomingMessage.emit (node:events:509:28)
    at IncomingMessage.emit (node:domain:489:12)
SyntaxError: Unexpected token 'n', "null" is not valid JSON
    at JSON.parse (<anonymous>)
    at createStrictSyntaxError (/home/dogsinatas/TypeScript_project/antigravity-extension-vis/node_modules/body-parser/lib/types/json.js:109:10)
    at parse (/home/dogsinatas/TypeScript_project/antigravity-extension-vis/node_modules/body-parser/lib/types/json.js:66:15)
    at /home/dogsinatas/TypeScript_project/antigravity-extension-vis/node_modules/body-parser/lib/read.js:162:18
    at AsyncResource.runInAsyncScope (node:async_hooks:227:14)
    at invokeCallback (/home/dogsinatas/TypeScript_project/antigravity-extension-vis/node_modules/raw-body/index.js:238:16)
    at done (/home/dogsinatas/TypeScript_project/antigravity-extension-vis/node_modules/raw-body/index.js:227:7)
    at IncomingMessage.onEnd (/home/dogsinatas/TypeScript_project/antigravity-extension-vis/node_modules/raw-body/index.js:287:7)
    at IncomingMessage.emit (node:events:509:28)
    at IncomingMessage.emit (node:domain:489:12)
SyntaxError: Unexpected token 'n', "null" is not valid JSON
    at JSON.parse (<anonymous>)
    at createStrictSyntaxError (/home/dogsinatas/TypeScript_project/antigravity-extension-vis/node_modules/body-parser/lib/types/json.js:109:10)
    at parse (/home/dogsinatas/TypeScript_project/antigravity-extension-vis/node_modules/body-parser/lib/types/json.js:66:15)
    at /home/dogsinatas/TypeScript_project/antigravity-extension-vis/node_modules/body-parser/lib/read.js:162:18
    at AsyncResource.runInAsyncScope (node:async_hooks:227:14)
    at invokeCallback (/home/dogsinatas/TypeScript_project/antigravity-extension-vis/node_modules/raw-body/index.js:238:16)
    at done (/home/dogsinatas/TypeScript_project/antigravity-extension-vis/node_modules/raw-body/index.js:227:7)
    at IncomingMessage.onEnd (/home/dogsinatas/TypeScript_project/antigravity-extension-vis/node_modules/raw-body/index.js:287:7)
    at IncomingMessage.emit (node:events:509:28)
    at IncomingMessage.emit (node:domain:489:12)
SyntaxError: Unexpected token 'n', "null" is not valid JSON
    at JSON.parse (<anonymous>)
    at createStrictSyntaxError (/home/dogsinatas/TypeScript_project/antigravity-extension-vis/node_modules/body-parser/lib/types/json.js:109:10)
    at parse (/home/dogsinatas/TypeScript_project/antigravity-extension-vis/node_modules/body-parser/lib/types/json.js:66:15)
    at /home/dogsinatas/TypeScript_project/antigravity-extension-vis/node_modules/body-parser/lib/read.js:162:18
    at AsyncResource.runInAsyncScope (node:async_hooks:227:14)
    at invokeCallback (/home/dogsinatas/TypeScript_project/antigravity-extension-vis/node_modules/raw-body/index.js:238:16)
    at done (/home/dogsinatas/TypeScript_project/antigravity-extension-vis/node_modules/raw-body/index.js:227:7)
    at IncomingMessage.onEnd (/home/dogsinatas/TypeScript_project/antigravity-extension-vis/node_modules/raw-body/index.js:287:7)
    at IncomingMessage.emit (node:events:509:28)
    at IncomingMessage.emit (node:domain:489:12)
SyntaxError: Unexpected token 'n', "null" is not valid JSON
    at JSON.parse (<anonymous>)
    at createStrictSyntaxError (/home/dogsinatas/TypeScript_project/antigravity-extension-vis/node_modules/body-parser/lib/types/json.js:109:10)
    at parse (/home/dogsinatas/TypeScript_project/antigravity-extension-vis/node_modules/body-parser/lib/types/json.js:66:15)
    at /home/dogsinatas/TypeScript_project/antigravity-extension-vis/node_modules/body-parser/lib/read.js:162:18
    at AsyncResource.runInAsyncScope (node:async_hooks:227:14)
    at invokeCallback (/home/dogsinatas/TypeScript_project/antigravity-extension-vis/node_modules/raw-body/index.js:238:16)
    at done (/home/dogsinatas/TypeScript_project/antigravity-extension-vis/node_modules/raw-body/index.js:227:7)
    at IncomingMessage.onEnd (/home/dogsinatas/TypeScript_project/antigravity-extension-vis/node_modules/raw-body/index.js:287:7)
    at IncomingMessage.emit (node:events:509:28)
    at IncomingMessage.emit (node:domain:489:12)
SyntaxError: Unexpected token 'n', "null" is not valid JSON
    at JSON.parse (<anonymous>)
    at createStrictSyntaxError (/home/dogsinatas/TypeScript_project/antigravity-extension-vis/node_modules/body-parser/lib/types/json.js:109:10)
    at parse (/home/dogsinatas/TypeScript_project/antigravity-extension-vis/node_modules/body-parser/lib/types/json.js:66:15)
    at /home/dogsinatas/TypeScript_project/antigravity-extension-vis/node_modules/body-parser/lib/read.js:162:18
    at AsyncResource.runInAsyncScope (node:async_hooks:227:14)
    at invokeCallback (/home/dogsinatas/TypeScript_project/antigravity-extension-vis/node_modules/raw-body/index.js:238:16)
    at done (/home/dogsinatas/TypeScript_project/antigravity-extension-vis/node_modules/raw-body/index.js:227:7)
    at IncomingMessage.onEnd (/home/dogsinatas/TypeScript_project/antigravity-extension-vis/node_modules/raw-body/index.js:287:7)
    at IncomingMessage.emit (node:events:509:28)
    at IncomingMessage.emit (node:domain:489:12)
SyntaxError: Unexpected token 'n', "null" is not valid JSON
    at JSON.parse (<anonymous>)
    at createStrictSyntaxError (/home/dogsinatas/TypeScript_project/antigravity-extension-vis/node_modules/body-parser/lib/types/json.js:109:10)
    at parse (/home/dogsinatas/TypeScript_project/antigravity-extension-vis/node_modules/body-parser/lib/types/json.js:66:15)
    at /home/dogsinatas/TypeScript_project/antigravity-extension-vis/node_modules/body-parser/lib/read.js:162:18
    at AsyncResource.runInAsyncScope (node:async_hooks:227:14)
    at invokeCallback (/home/dogsinatas/TypeScript_project/antigravity-extension-vis/node_modules/raw-body/index.js:238:16)
    at done (/home/dogsinatas/TypeScript_project/antigravity-extension-vis/node_modules/raw-body/index.js:227:7)
    at IncomingMessage.onEnd (/home/dogsinatas/TypeScript_project/antigravity-extension-vis/node_modules/raw-body/index.js:287:7)
    at IncomingMessage.emit (node:events:509:28)
    at IncomingMessage.emit (node:domain:489:12)
SyntaxError: Unexpected token 'n', "null" is not valid JSON
    at JSON.parse (<anonymous>)
    at createStrictSyntaxError (/home/dogsinatas/TypeScript_project/antigravity-extension-vis/node_modules/body-parser/lib/types/json.js:109:10)
    at parse (/home/dogsinatas/TypeScript_project/antigravity-extension-vis/node_modules/body-parser/lib/types/json.js:66:15)
    at /home/dogsinatas/TypeScript_project/antigravity-extension-vis/node_modules/body-parser/lib/read.js:162:18
    at AsyncResource.runInAsyncScope (node:async_hooks:227:14)
    at invokeCallback (/home/dogsinatas/TypeScript_project/antigravity-extension-vis/node_modules/raw-body/index.js:238:16)
    at done (/home/dogsinatas/TypeScript_project/antigravity-extension-vis/node_modules/raw-body/index.js:227:7)
    at IncomingMessage.onEnd (/home/dogsinatas/TypeScript_project/antigravity-extension-vis/node_modules/raw-body/index.js:287:7)
    at IncomingMessage.emit (node:events:509:28)
    at IncomingMessage.emit (node:domain:489:12)
SyntaxError: Unexpected token 'n', "null" is not valid JSON
    at JSON.parse (<anonymous>)
    at createStrictSyntaxError (/home/dogsinatas/TypeScript_project/antigravity-extension-vis/node_modules/body-parser/lib/types/json.js:109:10)
    at parse (/home/dogsinatas/TypeScript_project/antigravity-extension-vis/node_modules/body-parser/lib/types/json.js:66:15)
    at /home/dogsinatas/TypeScript_project/antigravity-extension-vis/node_modules/body-parser/lib/read.js:162:18
    at AsyncResource.runInAsyncScope (node:async_hooks:227:14)
    at invokeCallback (/home/dogsinatas/TypeScript_project/antigravity-extension-vis/node_modules/raw-body/index.js:238:16)
    at done (/home/dogsinatas/TypeScript_project/antigravity-extension-vis/node_modules/raw-body/index.js:227:7)
    at IncomingMessage.onEnd (/home/dogsinatas/TypeScript_project/antigravity-extension-vis/node_modules/raw-body/index.js:287:7)
    at IncomingMessage.emit (node:events:509:28)
    at IncomingMessage.emit (node:domain:489:12)
SyntaxError: Unexpected token 'n', "null" is not valid JSON
    at JSON.parse (<anonymous>)
    at createStrictSyntaxError (/home/dogsinatas/TypeScript_project/antigravity-extension-vis/node_modules/body-parser/lib/types/json.js:109:10)
    at parse (/home/dogsinatas/TypeScript_project/antigravity-extension-vis/node_modules/body-parser/lib/types/json.js:66:15)
    at /home/dogsinatas/TypeScript_project/antigravity-extension-vis/node_modules/body-parser/lib/read.js:162:18
    at AsyncResource.runInAsyncScope (node:async_hooks:227:14)
    at invokeCallback (/home/dogsinatas/TypeScript_project/antigravity-extension-vis/node_modules/raw-body/index.js:238:16)
    at done (/home/dogsinatas/TypeScript_project/antigravity-extension-vis/node_modules/raw-body/index.js:227:7)
    at IncomingMessage.onEnd (/home/dogsinatas/TypeScript_project/antigravity-extension-vis/node_modules/raw-body/index.js:287:7)
    at IncomingMessage.emit (node:events:509:28)
    at IncomingMessage.emit (node:domain:489:12)
SyntaxError: Unexpected token 'n', "null" is not valid JSON
    at JSON.parse (<anonymous>)
    at createStrictSyntaxError (/home/dogsinatas/TypeScript_project/antigravity-extension-vis/node_modules/body-parser/lib/types/json.js:109:10)
    at parse (/home/dogsinatas/TypeScript_project/antigravity-extension-vis/node_modules/body-parser/lib/types/json.js:66:15)
    at /home/dogsinatas/TypeScript_project/antigravity-extension-vis/node_modules/body-parser/lib/read.js:162:18
    at AsyncResource.runInAsyncScope (node:async_hooks:227:14)
    at invokeCallback (/home/dogsinatas/TypeScript_project/antigravity-extension-vis/node_modules/raw-body/index.js:238:16)
    at done (/home/dogsinatas/TypeScript_project/antigravity-extension-vis/node_modules/raw-body/index.js:227:7)
    at IncomingMessage.onEnd (/home/dogsinatas/TypeScript_project/antigravity-extension-vis/node_modules/raw-body/index.js:287:7)
    at IncomingMessage.emit (node:events:509:28)
    at IncomingMessage.emit (node:domain:489:12)
SyntaxError: Unexpected token 'n', "null" is not valid JSON
    at JSON.parse (<anonymous>)
    at createStrictSyntaxError (/home/dogsinatas/TypeScript_project/antigravity-extension-vis/node_modules/body-parser/lib/types/json.js:109:10)
    at parse (/home/dogsinatas/TypeScript_project/antigravity-extension-vis/node_modules/body-parser/lib/types/json.js:66:15)
    at /home/dogsinatas/TypeScript_project/antigravity-extension-vis/node_modules/body-parser/lib/read.js:162:18
    at AsyncResource.runInAsyncScope (node:async_hooks:227:14)
    at invokeCallback (/home/dogsinatas/TypeScript_project/antigravity-extension-vis/node_modules/raw-body/index.js:238:16)
    at done (/home/dogsinatas/TypeScript_project/antigravity-extension-vis/node_modules/raw-body/index.js:227:7)
    at IncomingMessage.onEnd (/home/dogsinatas/TypeScript_project/antigravity-extension-vis/node_modules/raw-body/index.js:287:7)
    at IncomingMessage.emit (node:events:509:28)
    at IncomingMessage.emit (node:domain:489:12)
SyntaxError: Unexpected token 'n', "null" is not valid JSON
    at JSON.parse (<anonymous>)
    at createStrictSyntaxError (/home/dogsinatas/TypeScript_project/antigravity-extension-vis/node_modules/body-parser/lib/types/json.js:109:10)
    at parse (/home/dogsinatas/TypeScript_project/antigravity-extension-vis/node_modules/body-parser/lib/types/json.js:66:15)
    at /home/dogsinatas/TypeScript_project/antigravity-extension-vis/node_modules/body-parser/lib/read.js:162:18
    at AsyncResource.runInAsyncScope (node:async_hooks:227:14)
    at invokeCallback (/home/dogsinatas/TypeScript_project/antigravity-extension-vis/node_modules/raw-body/index.js:238:16)
    at done (/home/dogsinatas/TypeScript_project/antigravity-extension-vis/node_modules/raw-body/index.js:227:7)
    at IncomingMessage.onEnd (/home/dogsinatas/TypeScript_project/antigravity-extension-vis/node_modules/raw-body/index.js:287:7)
    at IncomingMessage.emit (node:events:509:28)
    at IncomingMessage.emit (node:domain:489:12)
SyntaxError: Unexpected token 'n', "null" is not valid JSON
    at JSON.parse (<anonymous>)
    at createStrictSyntaxError (/home/dogsinatas/TypeScript_project/antigravity-extension-vis/node_modules/body-parser/lib/types/json.js:109:10)
    at parse (/home/dogsinatas/TypeScript_project/antigravity-extension-vis/node_modules/body-parser/lib/types/json.js:66:15)
    at /home/dogsinatas/TypeScript_project/antigravity-extension-vis/node_modules/body-parser/lib/read.js:162:18
    at AsyncResource.runInAsyncScope (node:async_hooks:227:14)
    at invokeCallback (/home/dogsinatas/TypeScript_project/antigravity-extension-vis/node_modules/raw-body/index.js:238:16)
    at done (/home/dogsinatas/TypeScript_project/antigravity-extension-vis/node_modules/raw-body/index.js:227:7)
    at IncomingMessage.onEnd (/home/dogsinatas/TypeScript_project/antigravity-extension-vis/node_modules/raw-body/index.js:287:7)
    at IncomingMessage.emit (node:events:509:28)
    at IncomingMessage.emit (node:domain:489:12)
SyntaxError: Unexpected token 'n', "null" is not valid JSON
    at JSON.parse (<anonymous>)
    at createStrictSyntaxError (/home/dogsinatas/TypeScript_project/antigravity-extension-vis/node_modules/body-parser/lib/types/json.js:109:10)
    at parse (/home/dogsinatas/TypeScript_project/antigravity-extension-vis/node_modules/body-parser/lib/types/json.js:66:15)
    at /home/dogsinatas/TypeScript_project/antigravity-extension-vis/node_modules/body-parser/lib/read.js:162:18
    at AsyncResource.runInAsyncScope (node:async_hooks:227:14)
    at invokeCallback (/home/dogsinatas/TypeScript_project/antigravity-extension-vis/node_modules/raw-body/index.js:238:16)
    at done (/home/dogsinatas/TypeScript_project/antigravity-extension-vis/node_modules/raw-body/index.js:227:7)
    at IncomingMessage.onEnd (/home/dogsinatas/TypeScript_project/antigravity-extension-vis/node_modules/raw-body/index.js:287:7)
    at IncomingMessage.emit (node:events:509:28)
    at IncomingMessage.emit (node:domain:489:12)
SyntaxError: Unexpected token 'n', "null" is not valid JSON
    at JSON.parse (<anonymous>)
    at createStrictSyntaxError (/home/dogsinatas/TypeScript_project/antigravity-extension-vis/node_modules/body-parser/lib/types/json.js:109:10)
    at parse (/home/dogsinatas/TypeScript_project/antigravity-extension-vis/node_modules/body-parser/lib/types/json.js:66:15)
    at /home/dogsinatas/TypeScript_project/antigravity-extension-vis/node_modules/body-parser/lib/read.js:162:18
    at AsyncResource.runInAsyncScope (node:async_hooks:227:14)
    at invokeCallback (/home/dogsinatas/TypeScript_project/antigravity-extension-vis/node_modules/raw-body/index.js:238:16)
    at done (/home/dogsinatas/TypeScript_project/antigravity-extension-vis/node_modules/raw-body/index.js:227:7)
    at IncomingMessage.onEnd (/home/dogsinatas/TypeScript_project/antigravity-extension-vis/node_modules/raw-body/index.js:287:7)
    at IncomingMessage.emit (node:events:509:28)
    at IncomingMessage.emit (node:domain:489:12)
SyntaxError: Unexpected token 'n', "null" is not valid JSON
    at JSON.parse (<anonymous>)
    at createStrictSyntaxError (/home/dogsinatas/TypeScript_project/antigravity-extension-vis/node_modules/body-parser/lib/types/json.js:109:10)
    at parse (/home/dogsinatas/TypeScript_project/antigravity-extension-vis/node_modules/body-parser/lib/types/json.js:66:15)
    at /home/dogsinatas/TypeScript_project/antigravity-extension-vis/node_modules/body-parser/lib/read.js:162:18
    at AsyncResource.runInAsyncScope (node:async_hooks:227:14)
    at invokeCallback (/home/dogsinatas/TypeScript_project/antigravity-extension-vis/node_modules/raw-body/index.js:238:16)
    at done (/home/dogsinatas/TypeScript_project/antigravity-extension-vis/node_modules/raw-body/index.js:227:7)
    at IncomingMessage.onEnd (/home/dogsinatas/TypeScript_project/antigravity-extension-vis/node_modules/raw-body/index.js:287:7)
    at IncomingMessage.emit (node:events:509:28)
    at IncomingMessage.emit (node:domain:489:12)
SyntaxError: Unexpected token 'n', "null" is not valid JSON
    at JSON.parse (<anonymous>)
    at createStrictSyntaxError (/home/dogsinatas/TypeScript_project/antigravity-extension-vis/node_modules/body-parser/lib/types/json.js:109:10)
    at parse (/home/dogsinatas/TypeScript_project/antigravity-extension-vis/node_modules/body-parser/lib/types/json.js:66:15)
    at /home/dogsinatas/TypeScript_project/antigravity-extension-vis/node_modules/body-parser/lib/read.js:162:18
    at AsyncResource.runInAsyncScope (node:async_hooks:227:14)
    at invokeCallback (/home/dogsinatas/TypeScript_project/antigravity-extension-vis/node_modules/raw-body/index.js:238:16)
    at done (/home/dogsinatas/TypeScript_project/antigravity-extension-vis/node_modules/raw-body/index.js:227:7)
    at IncomingMessage.onEnd (/home/dogsinatas/TypeScript_project/antigravity-extension-vis/node_modules/raw-body/index.js:287:7)
    at IncomingMessage.emit (node:events:509:28)
    at IncomingMessage.emit (node:domain:489:12)
SyntaxError: Unexpected token 'n', "null" is not valid JSON
    at JSON.parse (<anonymous>)
    at createStrictSyntaxError (/home/dogsinatas/TypeScript_project/antigravity-extension-vis/node_modules/body-parser/lib/types/json.js:109:10)
    at parse (/home/dogsinatas/TypeScript_project/antigravity-extension-vis/node_modules/body-parser/lib/types/json.js:66:15)
    at /home/dogsinatas/TypeScript_project/antigravity-extension-vis/node_modules/body-parser/lib/read.js:162:18
    at AsyncResource.runInAsyncScope (node:async_hooks:227:14)
    at invokeCallback (/home/dogsinatas/TypeScript_project/antigravity-extension-vis/node_modules/raw-body/index.js:238:16)
    at done (/home/dogsinatas/TypeScript_project/antigravity-extension-vis/node_modules/raw-body/index.js:227:7)
    at IncomingMessage.onEnd (/home/dogsinatas/TypeScript_project/antigravity-extension-vis/node_modules/raw-body/index.js:287:7)
    at IncomingMessage.emit (node:events:509:28)
    at IncomingMessage.emit (node:domain:489:12)
SyntaxError: Unexpected token 'n', "null" is not valid JSON
    at JSON.parse (<anonymous>)
    at createStrictSyntaxError (/home/dogsinatas/TypeScript_project/antigravity-extension-vis/node_modules/body-parser/lib/types/json.js:109:10)
    at parse (/home/dogsinatas/TypeScript_project/antigravity-extension-vis/node_modules/body-parser/lib/types/json.js:66:15)
    at /home/dogsinatas/TypeScript_project/antigravity-extension-vis/node_modules/body-parser/lib/read.js:162:18
    at AsyncResource.runInAsyncScope (node:async_hooks:227:14)
    at invokeCallback (/home/dogsinatas/TypeScript_project/antigravity-extension-vis/node_modules/raw-body/index.js:238:16)
    at done (/home/dogsinatas/TypeScript_project/antigravity-extension-vis/node_modules/raw-body/index.js:227:7)
    at IncomingMessage.onEnd (/home/dogsinatas/TypeScript_project/antigravity-extension-vis/node_modules/raw-body/index.js:287:7)
    at IncomingMessage.emit (node:events:509:28)
    at IncomingMessage.emit (node:domain:489:12)
SyntaxError: Unexpected token 'n', "null" is not valid JSON
    at JSON.parse (<anonymous>)
    at createStrictSyntaxError (/home/dogsinatas/TypeScript_project/antigravity-extension-vis/node_modules/body-parser/lib/types/json.js:109:10)
    at parse (/home/dogsinatas/TypeScript_project/antigravity-extension-vis/node_modules/body-parser/lib/types/json.js:66:15)
    at /home/dogsinatas/TypeScript_project/antigravity-extension-vis/node_modules/body-parser/lib/read.js:162:18
    at AsyncResource.runInAsyncScope (node:async_hooks:227:14)
    at invokeCallback (/home/dogsinatas/TypeScript_project/antigravity-extension-vis/node_modules/raw-body/index.js:238:16)
    at done (/home/dogsinatas/TypeScript_project/antigravity-extension-vis/node_modules/raw-body/index.js:227:7)
    at IncomingMessage.onEnd (/home/dogsinatas/TypeScript_project/antigravity-extension-vis/node_modules/raw-body/index.js:287:7)
    at IncomingMessage.emit (node:events:509:28)
    at IncomingMessage.emit (node:domain:489:12)
SyntaxError: Unexpected token 'n', "null" is not valid JSON
    at JSON.parse (<anonymous>)
    at createStrictSyntaxError (/home/dogsinatas/TypeScript_project/antigravity-extension-vis/node_modules/body-parser/lib/types/json.js:109:10)
    at parse (/home/dogsinatas/TypeScript_project/antigravity-extension-vis/node_modules/body-parser/lib/types/json.js:66:15)
    at /home/dogsinatas/TypeScript_project/antigravity-extension-vis/node_modules/body-parser/lib/read.js:162:18
    at AsyncResource.runInAsyncScope (node:async_hooks:227:14)
    at invokeCallback (/home/dogsinatas/TypeScript_project/antigravity-extension-vis/node_modules/raw-body/index.js:238:16)
    at done (/home/dogsinatas/TypeScript_project/antigravity-extension-vis/node_modules/raw-body/index.js:227:7)
    at IncomingMessage.onEnd (/home/dogsinatas/TypeScript_project/antigravity-extension-vis/node_modules/raw-body/index.js:287:7)
    at IncomingMessage.emit (node:events:509:28)
    at IncomingMessage.emit (node:domain:489:12)
SyntaxError: Unexpected token 'n', "null" is not valid JSON
    at JSON.parse (<anonymous>)
    at createStrictSyntaxError (/home/dogsinatas/TypeScript_project/antigravity-extension-vis/node_modules/body-parser/lib/types/json.js:109:10)
    at parse (/home/dogsinatas/TypeScript_project/antigravity-extension-vis/node_modules/body-parser/lib/types/json.js:66:15)
    at /home/dogsinatas/TypeScript_project/antigravity-extension-vis/node_modules/body-parser/lib/read.js:162:18
    at AsyncResource.runInAsyncScope (node:async_hooks:227:14)
    at invokeCallback (/home/dogsinatas/TypeScript_project/antigravity-extension-vis/node_modules/raw-body/index.js:238:16)
    at done (/home/dogsinatas/TypeScript_project/antigravity-extension-vis/node_modules/raw-body/index.js:227:7)
    at IncomingMessage.onEnd (/home/dogsinatas/TypeScript_project/antigravity-extension-vis/node_modules/raw-body/index.js:287:7)
    at IncomingMessage.emit (node:events:509:28)
    at IncomingMessage.emit (node:domain:489:12)
SyntaxError: Unexpected token 'n', "null" is not valid JSON
    at JSON.parse (<anonymous>)
    at createStrictSyntaxError (/home/dogsinatas/TypeScript_project/antigravity-extension-vis/node_modules/body-parser/lib/types/json.js:109:10)
    at parse (/home/dogsinatas/TypeScript_project/antigravity-extension-vis/node_modules/body-parser/lib/types/json.js:66:15)
    at /home/dogsinatas/TypeScript_project/antigravity-extension-vis/node_modules/body-parser/lib/read.js:162:18
    at AsyncResource.runInAsyncScope (node:async_hooks:227:14)
    at invokeCallback (/home/dogsinatas/TypeScript_project/antigravity-extension-vis/node_modules/raw-body/index.js:238:16)
    at done (/home/dogsinatas/TypeScript_project/antigravity-extension-vis/node_modules/raw-body/index.js:227:7)
    at IncomingMessage.onEnd (/home/dogsinatas/TypeScript_project/antigravity-extension-vis/node_modules/raw-body/index.js:287:7)
    at IncomingMessage.emit (node:events:509:28)
    at IncomingMessage.emit (node:domain:489:12)
SyntaxError: Unexpected token 'n', "null" is not valid JSON
    at JSON.parse (<anonymous>)
    at createStrictSyntaxError (/home/dogsinatas/TypeScript_project/antigravity-extension-vis/node_modules/body-parser/lib/types/json.js:109:10)
    at parse (/home/dogsinatas/TypeScript_project/antigravity-extension-vis/node_modules/body-parser/lib/types/json.js:66:15)
    at /home/dogsinatas/TypeScript_project/antigravity-extension-vis/node_modules/body-parser/lib/read.js:162:18
    at AsyncResource.runInAsyncScope (node:async_hooks:227:14)
    at invokeCallback (/home/dogsinatas/TypeScript_project/antigravity-extension-vis/node_modules/raw-body/index.js:238:16)
    at done (/home/dogsinatas/TypeScript_project/antigravity-extension-vis/node_modules/raw-body/index.js:227:7)
    at IncomingMessage.onEnd (/home/dogsinatas/TypeScript_project/antigravity-extension-vis/node_modules/raw-body/index.js:287:7)
    at IncomingMessage.emit (node:events:509:28)
    at IncomingMessage.emit (node:domain:489:12)
SyntaxError: Unexpected token 'n', "null" is not valid JSON
    at JSON.parse (<anonymous>)
    at createStrictSyntaxError (/home/dogsinatas/TypeScript_project/antigravity-extension-vis/node_modules/body-parser/lib/types/json.js:109:10)
    at parse (/home/dogsinatas/TypeScript_project/antigravity-extension-vis/node_modules/body-parser/lib/types/json.js:66:15)
    at /home/dogsinatas/TypeScript_project/antigravity-extension-vis/node_modules/body-parser/lib/read.js:162:18
    at AsyncResource.runInAsyncScope (node:async_hooks:227:14)
    at invokeCallback (/home/dogsinatas/TypeScript_project/antigravity-extension-vis/node_modules/raw-body/index.js:238:16)
    at done (/home/dogsinatas/TypeScript_project/antigravity-extension-vis/node_modules/raw-body/index.js:227:7)
    at IncomingMessage.onEnd (/home/dogsinatas/TypeScript_project/antigravity-extension-vis/node_modules/raw-body/index.js:287:7)
    at IncomingMessage.emit (node:events:509:28)
    at IncomingMessage.emit (node:domain:489:12)
SyntaxError: Unexpected token 'n', "null" is not valid JSON
    at JSON.parse (<anonymous>)
    at createStrictSyntaxError (/home/dogsinatas/TypeScript_project/antigravity-extension-vis/node_modules/body-parser/lib/types/json.js:109:10)
    at parse (/home/dogsinatas/TypeScript_project/antigravity-extension-vis/node_modules/body-parser/lib/types/json.js:66:15)
    at /home/dogsinatas/TypeScript_project/antigravity-extension-vis/node_modules/body-parser/lib/read.js:162:18
    at AsyncResource.runInAsyncScope (node:async_hooks:227:14)
    at invokeCallback (/home/dogsinatas/TypeScript_project/antigravity-extension-vis/node_modules/raw-body/index.js:238:16)
    at done (/home/dogsinatas/TypeScript_project/antigravity-extension-vis/node_modules/raw-body/index.js:227:7)
    at IncomingMessage.onEnd (/home/dogsinatas/TypeScript_project/antigravity-extension-vis/node_modules/raw-body/index.js:287:7)
    at IncomingMessage.emit (node:events:509:28)
    at IncomingMessage.emit (node:domain:489:12)
SyntaxError: Unexpected token 'n', "null" is not valid JSON
    at JSON.parse (<anonymous>)
    at createStrictSyntaxError (/home/dogsinatas/TypeScript_project/antigravity-extension-vis/node_modules/body-parser/lib/types/json.js:109:10)
    at parse (/home/dogsinatas/TypeScript_project/antigravity-extension-vis/node_modules/body-parser/lib/types/json.js:66:15)
    at /home/dogsinatas/TypeScript_project/antigravity-extension-vis/node_modules/body-parser/lib/read.js:162:18
    at AsyncResource.runInAsyncScope (node:async_hooks:227:14)
    at invokeCallback (/home/dogsinatas/TypeScript_project/antigravity-extension-vis/node_modules/raw-body/index.js:238:16)
    at done (/home/dogsinatas/TypeScript_project/antigravity-extension-vis/node_modules/raw-body/index.js:227:7)
    at IncomingMessage.onEnd (/home/dogsinatas/TypeScript_project/antigravity-extension-vis/node_modules/raw-body/index.js:287:7)
    at IncomingMessage.emit (node:events:509:28)
    at IncomingMessage.emit (node:domain:489:12)
SyntaxError: Unexpected token 'n', "null" is not valid JSON
    at JSON.parse (<anonymous>)
    at createStrictSyntaxError (/home/dogsinatas/TypeScript_project/antigravity-extension-vis/node_modules/body-parser/lib/types/json.js:109:10)
    at parse (/home/dogsinatas/TypeScript_project/antigravity-extension-vis/node_modules/body-parser/lib/types/json.js:66:15)
    at /home/dogsinatas/TypeScript_project/antigravity-extension-vis/node_modules/body-parser/lib/read.js:162:18
    at AsyncResource.runInAsyncScope (node:async_hooks:227:14)
    at invokeCallback (/home/dogsinatas/TypeScript_project/antigravity-extension-vis/node_modules/raw-body/index.js:238:16)
    at done (/home/dogsinatas/TypeScript_project/antigravity-extension-vis/node_modules/raw-body/index.js:227:7)
    at IncomingMessage.onEnd (/home/dogsinatas/TypeScript_project/antigravity-extension-vis/node_modules/raw-body/index.js:287:7)
    at IncomingMessage.emit (node:events:509:28)
    at IncomingMessage.emit (node:domain:489:12)
SyntaxError: Unexpected token 'n', "null" is not valid JSON
    at JSON.parse (<anonymous>)
    at createStrictSyntaxError (/home/dogsinatas/TypeScript_project/antigravity-extension-vis/node_modules/body-parser/lib/types/json.js:109:10)
    at parse (/home/dogsinatas/TypeScript_project/antigravity-extension-vis/node_modules/body-parser/lib/types/json.js:66:15)
    at /home/dogsinatas/TypeScript_project/antigravity-extension-vis/node_modules/body-parser/lib/read.js:162:18
    at AsyncResource.runInAsyncScope (node:async_hooks:227:14)
    at invokeCallback (/home/dogsinatas/TypeScript_project/antigravity-extension-vis/node_modules/raw-body/index.js:238:16)
    at done (/home/dogsinatas/TypeScript_project/antigravity-extension-vis/node_modules/raw-body/index.js:227:7)
    at IncomingMessage.onEnd (/home/dogsinatas/TypeScript_project/antigravity-extension-vis/node_modules/raw-body/index.js:287:7)
    at IncomingMessage.emit (node:events:509:28)
    at IncomingMessage.emit (node:domain:489:12)
SyntaxError: Unexpected token 'n', "null" is not valid JSON
    at JSON.parse (<anonymous>)
    at createStrictSyntaxError (/home/dogsinatas/TypeScript_project/antigravity-extension-vis/node_modules/body-parser/lib/types/json.js:109:10)
    at parse (/home/dogsinatas/TypeScript_project/antigravity-extension-vis/node_modules/body-parser/lib/types/json.js:66:15)
    at /home/dogsinatas/TypeScript_project/antigravity-extension-vis/node_modules/body-parser/lib/read.js:162:18
    at AsyncResource.runInAsyncScope (node:async_hooks:227:14)
    at invokeCallback (/home/dogsinatas/TypeScript_project/antigravity-extension-vis/node_modules/raw-body/index.js:238:16)
    at done (/home/dogsinatas/TypeScript_project/antigravity-extension-vis/node_modules/raw-body/index.js:227:7)
    at IncomingMessage.onEnd (/home/dogsinatas/TypeScript_project/antigravity-extension-vis/node_modules/raw-body/index.js:287:7)
    at IncomingMessage.emit (node:events:509:28)
    at IncomingMessage.emit (node:domain:489:12)
SyntaxError: Unexpected token 'n', "null" is not valid JSON
    at JSON.parse (<anonymous>)
    at createStrictSyntaxError (/home/dogsinatas/TypeScript_project/antigravity-extension-vis/node_modules/body-parser/lib/types/json.js:109:10)
    at parse (/home/dogsinatas/TypeScript_project/antigravity-extension-vis/node_modules/body-parser/lib/types/json.js:66:15)
    at /home/dogsinatas/TypeScript_project/antigravity-extension-vis/node_modules/body-parser/lib/read.js:162:18
    at AsyncResource.runInAsyncScope (node:async_hooks:227:14)
    at invokeCallback (/home/dogsinatas/TypeScript_project/antigravity-extension-vis/node_modules/raw-body/index.js:238:16)
    at done (/home/dogsinatas/TypeScript_project/antigravity-extension-vis/node_modules/raw-body/index.js:227:7)
    at IncomingMessage.onEnd (/home/dogsinatas/TypeScript_project/antigravity-extension-vis/node_modules/raw-body/index.js:287:7)
    at IncomingMessage.emit (node:events:509:28)
    at IncomingMessage.emit (node:domain:489:12)
SyntaxError: Unexpected token 'n', "null" is not valid JSON
    at JSON.parse (<anonymous>)
    at createStrictSyntaxError (/home/dogsinatas/TypeScript_project/antigravity-extension-vis/node_modules/body-parser/lib/types/json.js:109:10)
    at parse (/home/dogsinatas/TypeScript_project/antigravity-extension-vis/node_modules/body-parser/lib/types/json.js:66:15)
    at /home/dogsinatas/TypeScript_project/antigravity-extension-vis/node_modules/body-parser/lib/read.js:162:18
    at AsyncResource.runInAsyncScope (node:async_hooks:227:14)
    at invokeCallback (/home/dogsinatas/TypeScript_project/antigravity-extension-vis/node_modules/raw-body/index.js:238:16)
    at done (/home/dogsinatas/TypeScript_project/antigravity-extension-vis/node_modules/raw-body/index.js:227:7)
    at IncomingMessage.onEnd (/home/dogsinatas/TypeScript_project/antigravity-extension-vis/node_modules/raw-body/index.js:287:7)
    at IncomingMessage.emit (node:events:509:28)
    at IncomingMessage.emit (node:domain:489:12)
SyntaxError: Unexpected token 'n', "null" is not valid JSON
    at JSON.parse (<anonymous>)
    at createStrictSyntaxError (/home/dogsinatas/TypeScript_project/antigravity-extension-vis/node_modules/body-parser/lib/types/json.js:109:10)
    at parse (/home/dogsinatas/TypeScript_project/antigravity-extension-vis/node_modules/body-parser/lib/types/json.js:66:15)
    at /home/dogsinatas/TypeScript_project/antigravity-extension-vis/node_modules/body-parser/lib/read.js:162:18
    at AsyncResource.runInAsyncScope (node:async_hooks:227:14)
    at invokeCallback (/home/dogsinatas/TypeScript_project/antigravity-extension-vis/node_modules/raw-body/index.js:238:16)
    at done (/home/dogsinatas/TypeScript_project/antigravity-extension-vis/node_modules/raw-body/index.js:227:7)
    at IncomingMessage.onEnd (/home/dogsinatas/TypeScript_project/antigravity-extension-vis/node_modules/raw-body/index.js:287:7)
    at IncomingMessage.emit (node:events:509:28)
    at IncomingMessage.emit (node:domain:489:12)
SyntaxError: Unexpected token 'n', "null" is not valid JSON
    at JSON.parse (<anonymous>)
    at createStrictSyntaxError (/home/dogsinatas/TypeScript_project/antigravity-extension-vis/node_modules/body-parser/lib/types/json.js:109:10)
    at parse (/home/dogsinatas/TypeScript_project/antigravity-extension-vis/node_modules/body-parser/lib/types/json.js:66:15)
    at /home/dogsinatas/TypeScript_project/antigravity-extension-vis/node_modules/body-parser/lib/read.js:162:18
    at AsyncResource.runInAsyncScope (node:async_hooks:227:14)
    at invokeCallback (/home/dogsinatas/TypeScript_project/antigravity-extension-vis/node_modules/raw-body/index.js:238:16)
    at done (/home/dogsinatas/TypeScript_project/antigravity-extension-vis/node_modules/raw-body/index.js:227:7)
    at IncomingMessage.onEnd (/home/dogsinatas/TypeScript_project/antigravity-extension-vis/node_modules/raw-body/index.js:287:7)
    at IncomingMessage.emit (node:events:509:28)
    at IncomingMessage.emit (node:domain:489:12)
SyntaxError: Unexpected token 'n', "null" is not valid JSON
    at JSON.parse (<anonymous>)
    at createStrictSyntaxError (/home/dogsinatas/TypeScript_project/antigravity-extension-vis/node_modules/body-parser/lib/types/json.js:109:10)
    at parse (/home/dogsinatas/TypeScript_project/antigravity-extension-vis/node_modules/body-parser/lib/types/json.js:66:15)
    at /home/dogsinatas/TypeScript_project/antigravity-extension-vis/node_modules/body-parser/lib/read.js:162:18
    at AsyncResource.runInAsyncScope (node:async_hooks:227:14)
    at invokeCallback (/home/dogsinatas/TypeScript_project/antigravity-extension-vis/node_modules/raw-body/index.js:238:16)
    at done (/home/dogsinatas/TypeScript_project/antigravity-extension-vis/node_modules/raw-body/index.js:227:7)
    at IncomingMessage.onEnd (/home/dogsinatas/TypeScript_project/antigravity-extension-vis/node_modules/raw-body/index.js:287:7)
    at IncomingMessage.emit (node:events:509:28)
    at IncomingMessage.emit (node:domain:489:12)
SyntaxError: Unexpected token 'n', "null" is not valid JSON
    at JSON.parse (<anonymous>)
    at createStrictSyntaxError (/home/dogsinatas/TypeScript_project/antigravity-extension-vis/node_modules/body-parser/lib/types/json.js:109:10)
    at parse (/home/dogsinatas/TypeScript_project/antigravity-extension-vis/node_modules/body-parser/lib/types/json.js:66:15)
    at /home/dogsinatas/TypeScript_project/antigravity-extension-vis/node_modules/body-parser/lib/read.js:162:18
    at AsyncResource.runInAsyncScope (node:async_hooks:227:14)
    at invokeCallback (/home/dogsinatas/TypeScript_project/antigravity-extension-vis/node_modules/raw-body/index.js:238:16)
    at done (/home/dogsinatas/TypeScript_project/antigravity-extension-vis/node_modules/raw-body/index.js:227:7)
    at IncomingMessage.onEnd (/home/dogsinatas/TypeScript_project/antigravity-extension-vis/node_modules/raw-body/index.js:287:7)
    at IncomingMessage.emit (node:events:509:28)
    at IncomingMessage.emit (node:domain:489:12)
SyntaxError: Unexpected token 'n', "null" is not valid JSON
    at JSON.parse (<anonymous>)
    at createStrictSyntaxError (/home/dogsinatas/TypeScript_project/antigravity-extension-vis/node_modules/body-parser/lib/types/json.js:109:10)
    at parse (/home/dogsinatas/TypeScript_project/antigravity-extension-vis/node_modules/body-parser/lib/types/json.js:66:15)
    at /home/dogsinatas/TypeScript_project/antigravity-extension-vis/node_modules/body-parser/lib/read.js:162:18
    at AsyncResource.runInAsyncScope (node:async_hooks:227:14)
    at invokeCallback (/home/dogsinatas/TypeScript_project/antigravity-extension-vis/node_modules/raw-body/index.js:238:16)
    at done (/home/dogsinatas/TypeScript_project/antigravity-extension-vis/node_modules/raw-body/index.js:227:7)
    at IncomingMessage.onEnd (/home/dogsinatas/TypeScript_project/antigravity-extension-vis/node_modules/raw-body/index.js:287:7)
    at IncomingMessage.emit (node:events:509:28)
    at IncomingMessage.emit (node:domain:489:12)
SyntaxError: Unexpected token 'n', "null" is not valid JSON
    at JSON.parse (<anonymous>)
    at createStrictSyntaxError (/home/dogsinatas/TypeScript_project/antigravity-extension-vis/node_modules/body-parser/lib/types/json.js:109:10)
    at parse (/home/dogsinatas/TypeScript_project/antigravity-extension-vis/node_modules/body-parser/lib/types/json.js:66:15)
    at /home/dogsinatas/TypeScript_project/antigravity-extension-vis/node_modules/body-parser/lib/read.js:162:18
    at AsyncResource.runInAsyncScope (node:async_hooks:227:14)
    at invokeCallback (/home/dogsinatas/TypeScript_project/antigravity-extension-vis/node_modules/raw-body/index.js:238:16)
    at done (/home/dogsinatas/TypeScript_project/antigravity-extension-vis/node_modules/raw-body/index.js:227:7)
    at IncomingMessage.onEnd (/home/dogsinatas/TypeScript_project/antigravity-extension-vis/node_modules/raw-body/index.js:287:7)
    at IncomingMessage.emit (node:events:509:28)
    at IncomingMessage.emit (node:domain:489:12)
SyntaxError: Unexpected token 'n', "null" is not valid JSON
    at JSON.parse (<anonymous>)
    at createStrictSyntaxError (/home/dogsinatas/TypeScript_project/antigravity-extension-vis/node_modules/body-parser/lib/types/json.js:109:10)
    at parse (/home/dogsinatas/TypeScript_project/antigravity-extension-vis/node_modules/body-parser/lib/types/json.js:66:15)
    at /home/dogsinatas/TypeScript_project/antigravity-extension-vis/node_modules/body-parser/lib/read.js:162:18
    at AsyncResource.runInAsyncScope (node:async_hooks:227:14)
    at invokeCallback (/home/dogsinatas/TypeScript_project/antigravity-extension-vis/node_modules/raw-body/index.js:238:16)
    at done (/home/dogsinatas/TypeScript_project/antigravity-extension-vis/node_modules/raw-body/index.js:227:7)
    at IncomingMessage.onEnd (/home/dogsinatas/TypeScript_project/antigravity-extension-vis/node_modules/raw-body/index.js:287:7)
    at IncomingMessage.emit (node:events:509:28)
    at IncomingMessage.emit (node:domain:489:12)
SyntaxError: Unexpected token 'n', "null" is not valid JSON
    at JSON.parse (<anonymous>)
    at createStrictSyntaxError (/home/dogsinatas/TypeScript_project/antigravity-extension-vis/node_modules/body-parser/lib/types/json.js:109:10)
    at parse (/home/dogsinatas/TypeScript_project/antigravity-extension-vis/node_modules/body-parser/lib/types/json.js:66:15)
    at /home/dogsinatas/TypeScript_project/antigravity-extension-vis/node_modules/body-parser/lib/read.js:162:18
    at AsyncResource.runInAsyncScope (node:async_hooks:227:14)
    at invokeCallback (/home/dogsinatas/TypeScript_project/antigravity-extension-vis/node_modules/raw-body/index.js:238:16)
    at done (/home/dogsinatas/TypeScript_project/antigravity-extension-vis/node_modules/raw-body/index.js:227:7)
    at IncomingMessage.onEnd (/home/dogsinatas/TypeScript_project/antigravity-extension-vis/node_modules/raw-body/index.js:287:7)
    at IncomingMessage.emit (node:events:509:28)
    at IncomingMessage.emit (node:domain:489:12)
SyntaxError: Unexpected token 'n', "null" is not valid JSON
    at JSON.parse (<anonymous>)
    at createStrictSyntaxError (/home/dogsinatas/TypeScript_project/antigravity-extension-vis/node_modules/body-parser/lib/types/json.js:109:10)
    at parse (/home/dogsinatas/TypeScript_project/antigravity-extension-vis/node_modules/body-parser/lib/types/json.js:66:15)
    at /home/dogsinatas/TypeScript_project/antigravity-extension-vis/node_modules/body-parser/lib/read.js:162:18
    at AsyncResource.runInAsyncScope (node:async_hooks:227:14)
    at invokeCallback (/home/dogsinatas/TypeScript_project/antigravity-extension-vis/node_modules/raw-body/index.js:238:16)
    at done (/home/dogsinatas/TypeScript_project/antigravity-extension-vis/node_modules/raw-body/index.js:227:7)
    at IncomingMessage.onEnd (/home/dogsinatas/TypeScript_project/antigravity-extension-vis/node_modules/raw-body/index.js:287:7)
    at IncomingMessage.emit (node:events:509:28)
    at IncomingMessage.emit (node:domain:489:12)
SyntaxError: Unexpected token 'n', "null" is not valid JSON
    at JSON.parse (<anonymous>)
    at createStrictSyntaxError (/home/dogsinatas/TypeScript_project/antigravity-extension-vis/node_modules/body-parser/lib/types/json.js:109:10)
    at parse (/home/dogsinatas/TypeScript_project/antigravity-extension-vis/node_modules/body-parser/lib/types/json.js:66:15)
    at /home/dogsinatas/TypeScript_project/antigravity-extension-vis/node_modules/body-parser/lib/read.js:162:18
    at AsyncResource.runInAsyncScope (node:async_hooks:227:14)
    at invokeCallback (/home/dogsinatas/TypeScript_project/antigravity-extension-vis/node_modules/raw-body/index.js:238:16)
    at done (/home/dogsinatas/TypeScript_project/antigravity-extension-vis/node_modules/raw-body/index.js:227:7)
    at IncomingMessage.onEnd (/home/dogsinatas/TypeScript_project/antigravity-extension-vis/node_modules/raw-body/index.js:287:7)
    at IncomingMessage.emit (node:events:509:28)
    at IncomingMessage.emit (node:domain:489:12)
SyntaxError: Unexpected token 'n', "null" is not valid JSON
    at JSON.parse (<anonymous>)
    at createStrictSyntaxError (/home/dogsinatas/TypeScript_project/antigravity-extension-vis/node_modules/body-parser/lib/types/json.js:109:10)
    at parse (/home/dogsinatas/TypeScript_project/antigravity-extension-vis/node_modules/body-parser/lib/types/json.js:66:15)
    at /home/dogsinatas/TypeScript_project/antigravity-extension-vis/node_modules/body-parser/lib/read.js:162:18
    at AsyncResource.runInAsyncScope (node:async_hooks:227:14)
    at invokeCallback (/home/dogsinatas/TypeScript_project/antigravity-extension-vis/node_modules/raw-body/index.js:238:16)
    at done (/home/dogsinatas/TypeScript_project/antigravity-extension-vis/node_modules/raw-body/index.js:227:7)
    at IncomingMessage.onEnd (/home/dogsinatas/TypeScript_project/antigravity-extension-vis/node_modules/raw-body/index.js:287:7)
    at IncomingMessage.emit (node:events:509:28)
    at IncomingMessage.emit (node:domain:489:12)
SyntaxError: Unexpected token 'n', "null" is not valid JSON
    at JSON.parse (<anonymous>)
    at createStrictSyntaxError (/home/dogsinatas/TypeScript_project/antigravity-extension-vis/node_modules/body-parser/lib/types/json.js:109:10)
    at parse (/home/dogsinatas/TypeScript_project/antigravity-extension-vis/node_modules/body-parser/lib/types/json.js:66:15)
    at /home/dogsinatas/TypeScript_project/antigravity-extension-vis/node_modules/body-parser/lib/read.js:162:18
    at AsyncResource.runInAsyncScope (node:async_hooks:227:14)
    at invokeCallback (/home/dogsinatas/TypeScript_project/antigravity-extension-vis/node_modules/raw-body/index.js:238:16)
    at done (/home/dogsinatas/TypeScript_project/antigravity-extension-vis/node_modules/raw-body/index.js:227:7)
    at IncomingMessage.onEnd (/home/dogsinatas/TypeScript_project/antigravity-extension-vis/node_modules/raw-body/index.js:287:7)
    at IncomingMessage.emit (node:events:509:28)
    at IncomingMessage.emit (node:domain:489:12)
SyntaxError: Unexpected token 'n', "null" is not valid JSON
    at JSON.parse (<anonymous>)
    at createStrictSyntaxError (/home/dogsinatas/TypeScript_project/antigravity-extension-vis/node_modules/body-parser/lib/types/json.js:109:10)
    at parse (/home/dogsinatas/TypeScript_project/antigravity-extension-vis/node_modules/body-parser/lib/types/json.js:66:15)
    at /home/dogsinatas/TypeScript_project/antigravity-extension-vis/node_modules/body-parser/lib/read.js:162:18
    at AsyncResource.runInAsyncScope (node:async_hooks:227:14)
    at invokeCallback (/home/dogsinatas/TypeScript_project/antigravity-extension-vis/node_modules/raw-body/index.js:238:16)
    at done (/home/dogsinatas/TypeScript_project/antigravity-extension-vis/node_modules/raw-body/index.js:227:7)
    at IncomingMessage.onEnd (/home/dogsinatas/TypeScript_project/antigravity-extension-vis/node_modules/raw-body/index.js:287:7)
    at IncomingMessage.emit (node:events:509:28)
    at IncomingMessage.emit (node:domain:489:12)
SyntaxError: Unexpected token 'n', "null" is not valid JSON
    at JSON.parse (<anonymous>)
    at createStrictSyntaxError (/home/dogsinatas/TypeScript_project/antigravity-extension-vis/node_modules/body-parser/lib/types/json.js:109:10)
    at parse (/home/dogsinatas/TypeScript_project/antigravity-extension-vis/node_modules/body-parser/lib/types/json.js:66:15)
    at /home/dogsinatas/TypeScript_project/antigravity-extension-vis/node_modules/body-parser/lib/read.js:162:18
    at AsyncResource.runInAsyncScope (node:async_hooks:227:14)
    at invokeCallback (/home/dogsinatas/TypeScript_project/antigravity-extension-vis/node_modules/raw-body/index.js:238:16)
    at done (/home/dogsinatas/TypeScript_project/antigravity-extension-vis/node_modules/raw-body/index.js:227:7)
    at IncomingMessage.onEnd (/home/dogsinatas/TypeScript_project/antigravity-extension-vis/node_modules/raw-body/index.js:287:7)
    at IncomingMessage.emit (node:events:509:28)
    at IncomingMessage.emit (node:domain:489:12)
SyntaxError: Unexpected token 'n', "null" is not valid JSON
    at JSON.parse (<anonymous>)
    at createStrictSyntaxError (/home/dogsinatas/TypeScript_project/antigravity-extension-vis/node_modules/body-parser/lib/types/json.js:109:10)
    at parse (/home/dogsinatas/TypeScript_project/antigravity-extension-vis/node_modules/body-parser/lib/types/json.js:66:15)
    at /home/dogsinatas/TypeScript_project/antigravity-extension-vis/node_modules/body-parser/lib/read.js:162:18
    at AsyncResource.runInAsyncScope (node:async_hooks:227:14)
    at invokeCallback (/home/dogsinatas/TypeScript_project/antigravity-extension-vis/node_modules/raw-body/index.js:238:16)
    at done (/home/dogsinatas/TypeScript_project/antigravity-extension-vis/node_modules/raw-body/index.js:227:7)
    at IncomingMessage.onEnd (/home/dogsinatas/TypeScript_project/antigravity-extension-vis/node_modules/raw-body/index.js:287:7)
    at IncomingMessage.emit (node:events:509:28)
    at IncomingMessage.emit (node:domain:489:12)
SyntaxError: Unexpected token 'n', "null" is not valid JSON
    at JSON.parse (<anonymous>)
    at createStrictSyntaxError (/home/dogsinatas/TypeScript_project/antigravity-extension-vis/node_modules/body-parser/lib/types/json.js:109:10)
    at parse (/home/dogsinatas/TypeScript_project/antigravity-extension-vis/node_modules/body-parser/lib/types/json.js:66:15)
    at /home/dogsinatas/TypeScript_project/antigravity-extension-vis/node_modules/body-parser/lib/read.js:162:18
    at AsyncResource.runInAsyncScope (node:async_hooks:227:14)
    at invokeCallback (/home/dogsinatas/TypeScript_project/antigravity-extension-vis/node_modules/raw-body/index.js:238:16)
    at done (/home/dogsinatas/TypeScript_project/antigravity-extension-vis/node_modules/raw-body/index.js:227:7)
    at IncomingMessage.onEnd (/home/dogsinatas/TypeScript_project/antigravity-extension-vis/node_modules/raw-body/index.js:287:7)
    at IncomingMessage.emit (node:events:509:28)
    at IncomingMessage.emit (node:domain:489:12)
SyntaxError: Unexpected token 'n', "null" is not valid JSON
    at JSON.parse (<anonymous>)
    at createStrictSyntaxError (/home/dogsinatas/TypeScript_project/antigravity-extension-vis/node_modules/body-parser/lib/types/json.js:109:10)
    at parse (/home/dogsinatas/TypeScript_project/antigravity-extension-vis/node_modules/body-parser/lib/types/json.js:66:15)
    at /home/dogsinatas/TypeScript_project/antigravity-extension-vis/node_modules/body-parser/lib/read.js:162:18
    at AsyncResource.runInAsyncScope (node:async_hooks:227:14)
    at invokeCallback (/home/dogsinatas/TypeScript_project/antigravity-extension-vis/node_modules/raw-body/index.js:238:16)
    at done (/home/dogsinatas/TypeScript_project/antigravity-extension-vis/node_modules/raw-body/index.js:227:7)
    at IncomingMessage.onEnd (/home/dogsinatas/TypeScript_project/antigravity-extension-vis/node_modules/raw-body/index.js:287:7)
    at IncomingMessage.emit (node:events:509:28)
    at IncomingMessage.emit (node:domain:489:12)
SyntaxError: Unexpected token 'n', "null" is not valid JSON
    at JSON.parse (<anonymous>)
    at createStrictSyntaxError (/home/dogsinatas/TypeScript_project/antigravity-extension-vis/node_modules/body-parser/lib/types/json.js:109:10)
    at parse (/home/dogsinatas/TypeScript_project/antigravity-extension-vis/node_modules/body-parser/lib/types/json.js:66:15)
    at /home/dogsinatas/TypeScript_project/antigravity-extension-vis/node_modules/body-parser/lib/read.js:162:18
    at AsyncResource.runInAsyncScope (node:async_hooks:227:14)
    at invokeCallback (/home/dogsinatas/TypeScript_project/antigravity-extension-vis/node_modules/raw-body/index.js:238:16)
    at done (/home/dogsinatas/TypeScript_project/antigravity-extension-vis/node_modules/raw-body/index.js:227:7)
    at IncomingMessage.onEnd (/home/dogsinatas/TypeScript_project/antigravity-extension-vis/node_modules/raw-body/index.js:287:7)
    at IncomingMessage.emit (node:events:509:28)
    at IncomingMessage.emit (node:domain:489:12)
SyntaxError: Unexpected token 'n', "null" is not valid JSON
    at JSON.parse (<anonymous>)
    at createStrictSyntaxError (/home/dogsinatas/TypeScript_project/antigravity-extension-vis/node_modules/body-parser/lib/types/json.js:109:10)
    at parse (/home/dogsinatas/TypeScript_project/antigravity-extension-vis/node_modules/body-parser/lib/types/json.js:66:15)
    at /home/dogsinatas/TypeScript_project/antigravity-extension-vis/node_modules/body-parser/lib/read.js:162:18
    at AsyncResource.runInAsyncScope (node:async_hooks:227:14)
    at invokeCallback (/home/dogsinatas/TypeScript_project/antigravity-extension-vis/node_modules/raw-body/index.js:238:16)
    at done (/home/dogsinatas/TypeScript_project/antigravity-extension-vis/node_modules/raw-body/index.js:227:7)
    at IncomingMessage.onEnd (/home/dogsinatas/TypeScript_project/antigravity-extension-vis/node_modules/raw-body/index.js:287:7)
    at IncomingMessage.emit (node:events:509:28)
    at IncomingMessage.emit (node:domain:489:12)
SyntaxError: Unexpected token 'n', "null" is not valid JSON
    at JSON.parse (<anonymous>)
    at createStrictSyntaxError (/home/dogsinatas/TypeScript_project/antigravity-extension-vis/node_modules/body-parser/lib/types/json.js:109:10)
    at parse (/home/dogsinatas/TypeScript_project/antigravity-extension-vis/node_modules/body-parser/lib/types/json.js:66:15)
    at /home/dogsinatas/TypeScript_project/antigravity-extension-vis/node_modules/body-parser/lib/read.js:162:18
    at AsyncResource.runInAsyncScope (node:async_hooks:227:14)
    at invokeCallback (/home/dogsinatas/TypeScript_project/antigravity-extension-vis/node_modules/raw-body/index.js:238:16)
    at done (/home/dogsinatas/TypeScript_project/antigravity-extension-vis/node_modules/raw-body/index.js:227:7)
    at IncomingMessage.onEnd (/home/dogsinatas/TypeScript_project/antigravity-extension-vis/node_modules/raw-body/index.js:287:7)
    at IncomingMessage.emit (node:events:509:28)
    at IncomingMessage.emit (node:domain:489:12)
SyntaxError: Unexpected token 'n', "null" is not valid JSON
    at JSON.parse (<anonymous>)
    at createStrictSyntaxError (/home/dogsinatas/TypeScript_project/antigravity-extension-vis/node_modules/body-parser/lib/types/json.js:109:10)
    at parse (/home/dogsinatas/TypeScript_project/antigravity-extension-vis/node_modules/body-parser/lib/types/json.js:66:15)
    at /home/dogsinatas/TypeScript_project/antigravity-extension-vis/node_modules/body-parser/lib/read.js:162:18
    at AsyncResource.runInAsyncScope (node:async_hooks:227:14)
    at invokeCallback (/home/dogsinatas/TypeScript_project/antigravity-extension-vis/node_modules/raw-body/index.js:238:16)
    at done (/home/dogsinatas/TypeScript_project/antigravity-extension-vis/node_modules/raw-body/index.js:227:7)
    at IncomingMessage.onEnd (/home/dogsinatas/TypeScript_project/antigravity-extension-vis/node_modules/raw-body/index.js:287:7)
    at IncomingMessage.emit (node:events:509:28)
    at IncomingMessage.emit (node:domain:489:12)
SyntaxError: Unexpected token 'n', "null" is not valid JSON
    at JSON.parse (<anonymous>)
    at createStrictSyntaxError (/home/dogsinatas/TypeScript_project/antigravity-extension-vis/node_modules/body-parser/lib/types/json.js:109:10)
    at parse (/home/dogsinatas/TypeScript_project/antigravity-extension-vis/node_modules/body-parser/lib/types/json.js:66:15)
    at /home/dogsinatas/TypeScript_project/antigravity-extension-vis/node_modules/body-parser/lib/read.js:162:18
    at AsyncResource.runInAsyncScope (node:async_hooks:227:14)
    at invokeCallback (/home/dogsinatas/TypeScript_project/antigravity-extension-vis/node_modules/raw-body/index.js:238:16)
    at done (/home/dogsinatas/TypeScript_project/antigravity-extension-vis/node_modules/raw-body/index.js:227:7)
    at IncomingMessage.onEnd (/home/dogsinatas/TypeScript_project/antigravity-extension-vis/node_modules/raw-body/index.js:287:7)
    at IncomingMessage.emit (node:events:509:28)
    at IncomingMessage.emit (node:domain:489:12)
SyntaxError: Unexpected token 'n', "null" is not valid JSON
    at JSON.parse (<anonymous>)
    at createStrictSyntaxError (/home/dogsinatas/TypeScript_project/antigravity-extension-vis/node_modules/body-parser/lib/types/json.js:109:10)
    at parse (/home/dogsinatas/TypeScript_project/antigravity-extension-vis/node_modules/body-parser/lib/types/json.js:66:15)
    at /home/dogsinatas/TypeScript_project/antigravity-extension-vis/node_modules/body-parser/lib/read.js:162:18
    at AsyncResource.runInAsyncScope (node:async_hooks:227:14)
    at invokeCallback (/home/dogsinatas/TypeScript_project/antigravity-extension-vis/node_modules/raw-body/index.js:238:16)
    at done (/home/dogsinatas/TypeScript_project/antigravity-extension-vis/node_modules/raw-body/index.js:227:7)
    at IncomingMessage.onEnd (/home/dogsinatas/TypeScript_project/antigravity-extension-vis/node_modules/raw-body/index.js:287:7)
    at IncomingMessage.emit (node:events:509:28)
    at IncomingMessage.emit (node:domain:489:12)
SyntaxError: Unexpected token 'n', "null" is not valid JSON
    at JSON.parse (<anonymous>)
    at createStrictSyntaxError (/home/dogsinatas/TypeScript_project/antigravity-extension-vis/node_modules/body-parser/lib/types/json.js:109:10)
    at parse (/home/dogsinatas/TypeScript_project/antigravity-extension-vis/node_modules/body-parser/lib/types/json.js:66:15)
    at /home/dogsinatas/TypeScript_project/antigravity-extension-vis/node_modules/body-parser/lib/read.js:162:18
    at AsyncResource.runInAsyncScope (node:async_hooks:227:14)
    at invokeCallback (/home/dogsinatas/TypeScript_project/antigravity-extension-vis/node_modules/raw-body/index.js:238:16)
    at done (/home/dogsinatas/TypeScript_project/antigravity-extension-vis/node_modules/raw-body/index.js:227:7)
    at IncomingMessage.onEnd (/home/dogsinatas/TypeScript_project/antigravity-extension-vis/node_modules/raw-body/index.js:287:7)
    at IncomingMessage.emit (node:events:509:28)
    at IncomingMessage.emit (node:domain:489:12)
SyntaxError: Unexpected token 'n', "null" is not valid JSON
    at JSON.parse (<anonymous>)
    at createStrictSyntaxError (/home/dogsinatas/TypeScript_project/antigravity-extension-vis/node_modules/body-parser/lib/types/json.js:109:10)
    at parse (/home/dogsinatas/TypeScript_project/antigravity-extension-vis/node_modules/body-parser/lib/types/json.js:66:15)
    at /home/dogsinatas/TypeScript_project/antigravity-extension-vis/node_modules/body-parser/lib/read.js:162:18
    at AsyncResource.runInAsyncScope (node:async_hooks:227:14)
    at invokeCallback (/home/dogsinatas/TypeScript_project/antigravity-extension-vis/node_modules/raw-body/index.js:238:16)
    at done (/home/dogsinatas/TypeScript_project/antigravity-extension-vis/node_modules/raw-body/index.js:227:7)
    at IncomingMessage.onEnd (/home/dogsinatas/TypeScript_project/antigravity-extension-vis/node_modules/raw-body/index.js:287:7)
    at IncomingMessage.emit (node:events:509:28)
    at IncomingMessage.emit (node:domain:489:12)
SyntaxError: Unexpected token 'n', "null" is not valid JSON
    at JSON.parse (<anonymous>)
    at createStrictSyntaxError (/home/dogsinatas/TypeScript_project/antigravity-extension-vis/node_modules/body-parser/lib/types/json.js:109:10)
    at parse (/home/dogsinatas/TypeScript_project/antigravity-extension-vis/node_modules/body-parser/lib/types/json.js:66:15)
    at /home/dogsinatas/TypeScript_project/antigravity-extension-vis/node_modules/body-parser/lib/read.js:162:18
    at AsyncResource.runInAsyncScope (node:async_hooks:227:14)
    at invokeCallback (/home/dogsinatas/TypeScript_project/antigravity-extension-vis/node_modules/raw-body/index.js:238:16)
    at done (/home/dogsinatas/TypeScript_project/antigravity-extension-vis/node_modules/raw-body/index.js:227:7)
    at IncomingMessage.onEnd (/home/dogsinatas/TypeScript_project/antigravity-extension-vis/node_modules/raw-body/index.js:287:7)
    at IncomingMessage.emit (node:events:509:28)
    at IncomingMessage.emit (node:domain:489:12)
SyntaxError: Unexpected token 'n', "null" is not valid JSON
    at JSON.parse (<anonymous>)
    at createStrictSyntaxError (/home/dogsinatas/TypeScript_project/antigravity-extension-vis/node_modules/body-parser/lib/types/json.js:109:10)
    at parse (/home/dogsinatas/TypeScript_project/antigravity-extension-vis/node_modules/body-parser/lib/types/json.js:66:15)
    at /home/dogsinatas/TypeScript_project/antigravity-extension-vis/node_modules/body-parser/lib/read.js:162:18
    at AsyncResource.runInAsyncScope (node:async_hooks:227:14)
    at invokeCallback (/home/dogsinatas/TypeScript_project/antigravity-extension-vis/node_modules/raw-body/index.js:238:16)
    at done (/home/dogsinatas/TypeScript_project/antigravity-extension-vis/node_modules/raw-body/index.js:227:7)
    at IncomingMessage.onEnd (/home/dogsinatas/TypeScript_project/antigravity-extension-vis/node_modules/raw-body/index.js:287:7)
    at IncomingMessage.emit (node:events:509:28)
    at IncomingMessage.emit (node:domain:489:12)
SyntaxError: Unexpected token 'n', "null" is not valid JSON
    at JSON.parse (<anonymous>)
    at createStrictSyntaxError (/home/dogsinatas/TypeScript_project/antigravity-extension-vis/node_modules/body-parser/lib/types/json.js:109:10)
    at parse (/home/dogsinatas/TypeScript_project/antigravity-extension-vis/node_modules/body-parser/lib/types/json.js:66:15)
    at /home/dogsinatas/TypeScript_project/antigravity-extension-vis/node_modules/body-parser/lib/read.js:162:18
    at AsyncResource.runInAsyncScope (node:async_hooks:227:14)
    at invokeCallback (/home/dogsinatas/TypeScript_project/antigravity-extension-vis/node_modules/raw-body/index.js:238:16)
    at done (/home/dogsinatas/TypeScript_project/antigravity-extension-vis/node_modules/raw-body/index.js:227:7)
    at IncomingMessage.onEnd (/home/dogsinatas/TypeScript_project/antigravity-extension-vis/node_modules/raw-body/index.js:287:7)
    at IncomingMessage.emit (node:events:509:28)
    at IncomingMessage.emit (node:domain:489:12)
SyntaxError: Unexpected token 'n', "null" is not valid JSON
    at JSON.parse (<anonymous>)
    at createStrictSyntaxError (/home/dogsinatas/TypeScript_project/antigravity-extension-vis/node_modules/body-parser/lib/types/json.js:109:10)
    at parse (/home/dogsinatas/TypeScript_project/antigravity-extension-vis/node_modules/body-parser/lib/types/json.js:66:15)
    at /home/dogsinatas/TypeScript_project/antigravity-extension-vis/node_modules/body-parser/lib/read.js:162:18
    at AsyncResource.runInAsyncScope (node:async_hooks:227:14)
    at invokeCallback (/home/dogsinatas/TypeScript_project/antigravity-extension-vis/node_modules/raw-body/index.js:238:16)
    at done (/home/dogsinatas/TypeScript_project/antigravity-extension-vis/node_modules/raw-body/index.js:227:7)
    at IncomingMessage.onEnd (/home/dogsinatas/TypeScript_project/antigravity-extension-vis/node_modules/raw-body/index.js:287:7)
    at IncomingMessage.emit (node:events:509:28)
    at IncomingMessage.emit (node:domain:489:12)
SyntaxError: Unexpected token 'n', "null" is not valid JSON
    at JSON.parse (<anonymous>)
    at createStrictSyntaxError (/home/dogsinatas/TypeScript_project/antigravity-extension-vis/node_modules/body-parser/lib/types/json.js:109:10)
    at parse (/home/dogsinatas/TypeScript_project/antigravity-extension-vis/node_modules/body-parser/lib/types/json.js:66:15)
    at /home/dogsinatas/TypeScript_project/antigravity-extension-vis/node_modules/body-parser/lib/read.js:162:18
    at AsyncResource.runInAsyncScope (node:async_hooks:227:14)
    at invokeCallback (/home/dogsinatas/TypeScript_project/antigravity-extension-vis/node_modules/raw-body/index.js:238:16)
    at done (/home/dogsinatas/TypeScript_project/antigravity-extension-vis/node_modules/raw-body/index.js:227:7)
    at IncomingMessage.onEnd (/home/dogsinatas/TypeScript_project/antigravity-extension-vis/node_modules/raw-body/index.js:287:7)
    at IncomingMessage.emit (node:events:509:28)
    at IncomingMessage.emit (node:domain:489:12)
SyntaxError: Unexpected token 'n', "null" is not valid JSON
    at JSON.parse (<anonymous>)
    at createStrictSyntaxError (/home/dogsinatas/TypeScript_project/antigravity-extension-vis/node_modules/body-parser/lib/types/json.js:109:10)
    at parse (/home/dogsinatas/TypeScript_project/antigravity-extension-vis/node_modules/body-parser/lib/types/json.js:66:15)
    at /home/dogsinatas/TypeScript_project/antigravity-extension-vis/node_modules/body-parser/lib/read.js:162:18
    at AsyncResource.runInAsyncScope (node:async_hooks:227:14)
    at invokeCallback (/home/dogsinatas/TypeScript_project/antigravity-extension-vis/node_modules/raw-body/index.js:238:16)
    at done (/home/dogsinatas/TypeScript_project/antigravity-extension-vis/node_modules/raw-body/index.js:227:7)
    at IncomingMessage.onEnd (/home/dogsinatas/TypeScript_project/antigravity-extension-vis/node_modules/raw-body/index.js:287:7)
    at IncomingMessage.emit (node:events:509:28)
    at IncomingMessage.emit (node:domain:489:12)
SyntaxError: Unexpected token 'n', "null" is not valid JSON
    at JSON.parse (<anonymous>)
    at createStrictSyntaxError (/home/dogsinatas/TypeScript_project/antigravity-extension-vis/node_modules/body-parser/lib/types/json.js:109:10)
    at parse (/home/dogsinatas/TypeScript_project/antigravity-extension-vis/node_modules/body-parser/lib/types/json.js:66:15)
    at /home/dogsinatas/TypeScript_project/antigravity-extension-vis/node_modules/body-parser/lib/read.js:162:18
    at AsyncResource.runInAsyncScope (node:async_hooks:227:14)
    at invokeCallback (/home/dogsinatas/TypeScript_project/antigravity-extension-vis/node_modules/raw-body/index.js:238:16)
    at done (/home/dogsinatas/TypeScript_project/antigravity-extension-vis/node_modules/raw-body/index.js:227:7)
    at IncomingMessage.onEnd (/home/dogsinatas/TypeScript_project/antigravity-extension-vis/node_modules/raw-body/index.js:287:7)
    at IncomingMessage.emit (node:events:509:28)
    at IncomingMessage.emit (node:domain:489:12)
SyntaxError: Unexpected token 'n', "null" is not valid JSON
    at JSON.parse (<anonymous>)
    at createStrictSyntaxError (/home/dogsinatas/TypeScript_project/antigravity-extension-vis/node_modules/body-parser/lib/types/json.js:109:10)
    at parse (/home/dogsinatas/TypeScript_project/antigravity-extension-vis/node_modules/body-parser/lib/types/json.js:66:15)
    at /home/dogsinatas/TypeScript_project/antigravity-extension-vis/node_modules/body-parser/lib/read.js:162:18
    at AsyncResource.runInAsyncScope (node:async_hooks:227:14)
    at invokeCallback (/home/dogsinatas/TypeScript_project/antigravity-extension-vis/node_modules/raw-body/index.js:238:16)
    at done (/home/dogsinatas/TypeScript_project/antigravity-extension-vis/node_modules/raw-body/index.js:227:7)
    at IncomingMessage.onEnd (/home/dogsinatas/TypeScript_project/antigravity-extension-vis/node_modules/raw-body/index.js:287:7)
    at IncomingMessage.emit (node:events:509:28)
    at IncomingMessage.emit (node:domain:489:12)
SyntaxError: Unexpected token 'n', "null" is not valid JSON
    at JSON.parse (<anonymous>)
    at createStrictSyntaxError (/home/dogsinatas/TypeScript_project/antigravity-extension-vis/node_modules/body-parser/lib/types/json.js:109:10)
    at parse (/home/dogsinatas/TypeScript_project/antigravity-extension-vis/node_modules/body-parser/lib/types/json.js:66:15)
    at /home/dogsinatas/TypeScript_project/antigravity-extension-vis/node_modules/body-parser/lib/read.js:162:18
    at AsyncResource.runInAsyncScope (node:async_hooks:227:14)
    at invokeCallback (/home/dogsinatas/TypeScript_project/antigravity-extension-vis/node_modules/raw-body/index.js:238:16)
    at done (/home/dogsinatas/TypeScript_project/antigravity-extension-vis/node_modules/raw-body/index.js:227:7)
    at IncomingMessage.onEnd (/home/dogsinatas/TypeScript_project/antigravity-extension-vis/node_modules/raw-body/index.js:287:7)
    at IncomingMessage.emit (node:events:509:28)
    at IncomingMessage.emit (node:domain:489:12)
SyntaxError: Unexpected token 'n', "null" is not valid JSON
    at JSON.parse (<anonymous>)
    at createStrictSyntaxError (/home/dogsinatas/TypeScript_project/antigravity-extension-vis/node_modules/body-parser/lib/types/json.js:109:10)
    at parse (/home/dogsinatas/TypeScript_project/antigravity-extension-vis/node_modules/body-parser/lib/types/json.js:66:15)
    at /home/dogsinatas/TypeScript_project/antigravity-extension-vis/node_modules/body-parser/lib/read.js:162:18
    at AsyncResource.runInAsyncScope (node:async_hooks:227:14)
    at invokeCallback (/home/dogsinatas/TypeScript_project/antigravity-extension-vis/node_modules/raw-body/index.js:238:16)
    at done (/home/dogsinatas/TypeScript_project/antigravity-extension-vis/node_modules/raw-body/index.js:227:7)
    at IncomingMessage.onEnd (/home/dogsinatas/TypeScript_project/antigravity-extension-vis/node_modules/raw-body/index.js:287:7)
    at IncomingMessage.emit (node:events:509:28)
    at IncomingMessage.emit (node:domain:489:12)
SyntaxError: Unexpected token 'n', "null" is not valid JSON
    at JSON.parse (<anonymous>)
    at createStrictSyntaxError (/home/dogsinatas/TypeScript_project/antigravity-extension-vis/node_modules/body-parser/lib/types/json.js:109:10)
    at parse (/home/dogsinatas/TypeScript_project/antigravity-extension-vis/node_modules/body-parser/lib/types/json.js:66:15)
    at /home/dogsinatas/TypeScript_project/antigravity-extension-vis/node_modules/body-parser/lib/read.js:162:18
    at AsyncResource.runInAsyncScope (node:async_hooks:227:14)
    at invokeCallback (/home/dogsinatas/TypeScript_project/antigravity-extension-vis/node_modules/raw-body/index.js:238:16)
    at done (/home/dogsinatas/TypeScript_project/antigravity-extension-vis/node_modules/raw-body/index.js:227:7)
    at IncomingMessage.onEnd (/home/dogsinatas/TypeScript_project/antigravity-extension-vis/node_modules/raw-body/index.js:287:7)
    at IncomingMessage.emit (node:events:509:28)
    at IncomingMessage.emit (node:domain:489:12)
SyntaxError: Unexpected token 'n', "null" is not valid JSON
    at JSON.parse (<anonymous>)
    at createStrictSyntaxError (/home/dogsinatas/TypeScript_project/antigravity-extension-vis/node_modules/body-parser/lib/types/json.js:109:10)
    at parse (/home/dogsinatas/TypeScript_project/antigravity-extension-vis/node_modules/body-parser/lib/types/json.js:66:15)
    at /home/dogsinatas/TypeScript_project/antigravity-extension-vis/node_modules/body-parser/lib/read.js:162:18
    at AsyncResource.runInAsyncScope (node:async_hooks:227:14)
    at invokeCallback (/home/dogsinatas/TypeScript_project/antigravity-extension-vis/node_modules/raw-body/index.js:238:16)
    at done (/home/dogsinatas/TypeScript_project/antigravity-extension-vis/node_modules/raw-body/index.js:227:7)
    at IncomingMessage.onEnd (/home/dogsinatas/TypeScript_project/antigravity-extension-vis/node_modules/raw-body/index.js:287:7)
    at IncomingMessage.emit (node:events:509:28)
    at IncomingMessage.emit (node:domain:489:12)
SyntaxError: Unexpected token 'n', "null" is not valid JSON
    at JSON.parse (<anonymous>)
    at createStrictSyntaxError (/home/dogsinatas/TypeScript_project/antigravity-extension-vis/node_modules/body-parser/lib/types/json.js:109:10)
    at parse (/home/dogsinatas/TypeScript_project/antigravity-extension-vis/node_modules/body-parser/lib/types/json.js:66:15)
    at /home/dogsinatas/TypeScript_project/antigravity-extension-vis/node_modules/body-parser/lib/read.js:162:18
    at AsyncResource.runInAsyncScope (node:async_hooks:227:14)
    at invokeCallback (/home/dogsinatas/TypeScript_project/antigravity-extension-vis/node_modules/raw-body/index.js:238:16)
    at done (/home/dogsinatas/TypeScript_project/antigravity-extension-vis/node_modules/raw-body/index.js:227:7)
    at IncomingMessage.onEnd (/home/dogsinatas/TypeScript_project/antigravity-extension-vis/node_modules/raw-body/index.js:287:7)
    at IncomingMessage.emit (node:events:509:28)
    at IncomingMessage.emit (node:domain:489:12)
SyntaxError: Unexpected token 'n', "null" is not valid JSON
    at JSON.parse (<anonymous>)
    at createStrictSyntaxError (/home/dogsinatas/TypeScript_project/antigravity-extension-vis/node_modules/body-parser/lib/types/json.js:109:10)
    at parse (/home/dogsinatas/TypeScript_project/antigravity-extension-vis/node_modules/body-parser/lib/types/json.js:66:15)
    at /home/dogsinatas/TypeScript_project/antigravity-extension-vis/node_modules/body-parser/lib/read.js:162:18
    at AsyncResource.runInAsyncScope (node:async_hooks:227:14)
    at invokeCallback (/home/dogsinatas/TypeScript_project/antigravity-extension-vis/node_modules/raw-body/index.js:238:16)
    at done (/home/dogsinatas/TypeScript_project/antigravity-extension-vis/node_modules/raw-body/index.js:227:7)
    at IncomingMessage.onEnd (/home/dogsinatas/TypeScript_project/antigravity-extension-vis/node_modules/raw-body/index.js:287:7)
    at IncomingMessage.emit (node:events:509:28)
    at IncomingMessage.emit (node:domain:489:12)
SyntaxError: Unexpected token 'n', "null" is not valid JSON
    at JSON.parse (<anonymous>)
    at createStrictSyntaxError (/home/dogsinatas/TypeScript_project/antigravity-extension-vis/node_modules/body-parser/lib/types/json.js:109:10)
    at parse (/home/dogsinatas/TypeScript_project/antigravity-extension-vis/node_modules/body-parser/lib/types/json.js:66:15)
    at /home/dogsinatas/TypeScript_project/antigravity-extension-vis/node_modules/body-parser/lib/read.js:162:18
    at AsyncResource.runInAsyncScope (node:async_hooks:227:14)
    at invokeCallback (/home/dogsinatas/TypeScript_project/antigravity-extension-vis/node_modules/raw-body/index.js:238:16)
    at done (/home/dogsinatas/TypeScript_project/antigravity-extension-vis/node_modules/raw-body/index.js:227:7)
    at IncomingMessage.onEnd (/home/dogsinatas/TypeScript_project/antigravity-extension-vis/node_modules/raw-body/index.js:287:7)
    at IncomingMessage.emit (node:events:509:28)
    at IncomingMessage.emit (node:domain:489:12)
SyntaxError: Unexpected token 'n', "null" is not valid JSON
    at JSON.parse (<anonymous>)
    at createStrictSyntaxError (/home/dogsinatas/TypeScript_project/antigravity-extension-vis/node_modules/body-parser/lib/types/json.js:109:10)
    at parse (/home/dogsinatas/TypeScript_project/antigravity-extension-vis/node_modules/body-parser/lib/types/json.js:66:15)
    at /home/dogsinatas/TypeScript_project/antigravity-extension-vis/node_modules/body-parser/lib/read.js:162:18
    at AsyncResource.runInAsyncScope (node:async_hooks:227:14)
    at invokeCallback (/home/dogsinatas/TypeScript_project/antigravity-extension-vis/node_modules/raw-body/index.js:238:16)
    at done (/home/dogsinatas/TypeScript_project/antigravity-extension-vis/node_modules/raw-body/index.js:227:7)
    at IncomingMessage.onEnd (/home/dogsinatas/TypeScript_project/antigravity-extension-vis/node_modules/raw-body/index.js:287:7)
    at IncomingMessage.emit (node:events:509:28)
    at IncomingMessage.emit (node:domain:489:12)
SyntaxError: Unexpected token 'n', "null" is not valid JSON
    at JSON.parse (<anonymous>)
    at createStrictSyntaxError (/home/dogsinatas/TypeScript_project/antigravity-extension-vis/node_modules/body-parser/lib/types/json.js:109:10)
    at parse (/home/dogsinatas/TypeScript_project/antigravity-extension-vis/node_modules/body-parser/lib/types/json.js:66:15)
    at /home/dogsinatas/TypeScript_project/antigravity-extension-vis/node_modules/body-parser/lib/read.js:162:18
    at AsyncResource.runInAsyncScope (node:async_hooks:227:14)
    at invokeCallback (/home/dogsinatas/TypeScript_project/antigravity-extension-vis/node_modules/raw-body/index.js:238:16)
    at done (/home/dogsinatas/TypeScript_project/antigravity-extension-vis/node_modules/raw-body/index.js:227:7)
    at IncomingMessage.onEnd (/home/dogsinatas/TypeScript_project/antigravity-extension-vis/node_modules/raw-body/index.js:287:7)
    at IncomingMessage.emit (node:events:509:28)
    at IncomingMessage.emit (node:domain:489:12)
SyntaxError: Unexpected token 'n', "null" is not valid JSON
    at JSON.parse (<anonymous>)
    at createStrictSyntaxError (/home/dogsinatas/TypeScript_project/antigravity-extension-vis/node_modules/body-parser/lib/types/json.js:109:10)
    at parse (/home/dogsinatas/TypeScript_project/antigravity-extension-vis/node_modules/body-parser/lib/types/json.js:66:15)
    at /home/dogsinatas/TypeScript_project/antigravity-extension-vis/node_modules/body-parser/lib/read.js:162:18
    at AsyncResource.runInAsyncScope (node:async_hooks:227:14)
    at invokeCallback (/home/dogsinatas/TypeScript_project/antigravity-extension-vis/node_modules/raw-body/index.js:238:16)
    at done (/home/dogsinatas/TypeScript_project/antigravity-extension-vis/node_modules/raw-body/index.js:227:7)
    at IncomingMessage.onEnd (/home/dogsinatas/TypeScript_project/antigravity-extension-vis/node_modules/raw-body/index.js:287:7)
    at IncomingMessage.emit (node:events:509:28)
    at IncomingMessage.emit (node:domain:489:12)
SyntaxError: Unexpected token 'n', "null" is not valid JSON
    at JSON.parse (<anonymous>)
    at createStrictSyntaxError (/home/dogsinatas/TypeScript_project/antigravity-extension-vis/node_modules/body-parser/lib/types/json.js:109:10)
    at parse (/home/dogsinatas/TypeScript_project/antigravity-extension-vis/node_modules/body-parser/lib/types/json.js:66:15)
    at /home/dogsinatas/TypeScript_project/antigravity-extension-vis/node_modules/body-parser/lib/read.js:162:18
    at AsyncResource.runInAsyncScope (node:async_hooks:227:14)
    at invokeCallback (/home/dogsinatas/TypeScript_project/antigravity-extension-vis/node_modules/raw-body/index.js:238:16)
    at done (/home/dogsinatas/TypeScript_project/antigravity-extension-vis/node_modules/raw-body/index.js:227:7)
    at IncomingMessage.onEnd (/home/dogsinatas/TypeScript_project/antigravity-extension-vis/node_modules/raw-body/index.js:287:7)
    at IncomingMessage.emit (node:events:509:28)
    at IncomingMessage.emit (node:domain:489:12)
SyntaxError: Unexpected token 'n', "null" is not valid JSON
    at JSON.parse (<anonymous>)
    at createStrictSyntaxError (/home/dogsinatas/TypeScript_project/antigravity-extension-vis/node_modules/body-parser/lib/types/json.js:109:10)
    at parse (/home/dogsinatas/TypeScript_project/antigravity-extension-vis/node_modules/body-parser/lib/types/json.js:66:15)
    at /home/dogsinatas/TypeScript_project/antigravity-extension-vis/node_modules/body-parser/lib/read.js:162:18
    at AsyncResource.runInAsyncScope (node:async_hooks:227:14)
    at invokeCallback (/home/dogsinatas/TypeScript_project/antigravity-extension-vis/node_modules/raw-body/index.js:238:16)
    at done (/home/dogsinatas/TypeScript_project/antigravity-extension-vis/node_modules/raw-body/index.js:227:7)
    at IncomingMessage.onEnd (/home/dogsinatas/TypeScript_project/antigravity-extension-vis/node_modules/raw-body/index.js:287:7)
    at IncomingMessage.emit (node:events:509:28)
    at IncomingMessage.emit (node:domain:489:12)
SyntaxError: Unexpected token 'n', "null" is not valid JSON
    at JSON.parse (<anonymous>)
    at createStrictSyntaxError (/home/dogsinatas/TypeScript_project/antigravity-extension-vis/node_modules/body-parser/lib/types/json.js:109:10)
    at parse (/home/dogsinatas/TypeScript_project/antigravity-extension-vis/node_modules/body-parser/lib/types/json.js:66:15)
    at /home/dogsinatas/TypeScript_project/antigravity-extension-vis/node_modules/body-parser/lib/read.js:162:18
    at AsyncResource.runInAsyncScope (node:async_hooks:227:14)
    at invokeCallback (/home/dogsinatas/TypeScript_project/antigravity-extension-vis/node_modules/raw-body/index.js:238:16)
    at done (/home/dogsinatas/TypeScript_project/antigravity-extension-vis/node_modules/raw-body/index.js:227:7)
    at IncomingMessage.onEnd (/home/dogsinatas/TypeScript_project/antigravity-extension-vis/node_modules/raw-body/index.js:287:7)
    at IncomingMessage.emit (node:events:509:28)
    at IncomingMessage.emit (node:domain:489:12)
SyntaxError: Unexpected token 'n', "null" is not valid JSON
    at JSON.parse (<anonymous>)
    at createStrictSyntaxError (/home/dogsinatas/TypeScript_project/antigravity-extension-vis/node_modules/body-parser/lib/types/json.js:109:10)
    at parse (/home/dogsinatas/TypeScript_project/antigravity-extension-vis/node_modules/body-parser/lib/types/json.js:66:15)
    at /home/dogsinatas/TypeScript_project/antigravity-extension-vis/node_modules/body-parser/lib/read.js:162:18
    at AsyncResource.runInAsyncScope (node:async_hooks:227:14)
    at invokeCallback (/home/dogsinatas/TypeScript_project/antigravity-extension-vis/node_modules/raw-body/index.js:238:16)
    at done (/home/dogsinatas/TypeScript_project/antigravity-extension-vis/node_modules/raw-body/index.js:227:7)
    at IncomingMessage.onEnd (/home/dogsinatas/TypeScript_project/antigravity-extension-vis/node_modules/raw-body/index.js:287:7)
    at IncomingMessage.emit (node:events:509:28)
    at IncomingMessage.emit (node:domain:489:12)
SyntaxError: Unexpected token 'n', "null" is not valid JSON
    at JSON.parse (<anonymous>)
    at createStrictSyntaxError (/home/dogsinatas/TypeScript_project/antigravity-extension-vis/node_modules/body-parser/lib/types/json.js:109:10)
    at parse (/home/dogsinatas/TypeScript_project/antigravity-extension-vis/node_modules/body-parser/lib/types/json.js:66:15)
    at /home/dogsinatas/TypeScript_project/antigravity-extension-vis/node_modules/body-parser/lib/read.js:162:18
    at AsyncResource.runInAsyncScope (node:async_hooks:227:14)
    at invokeCallback (/home/dogsinatas/TypeScript_project/antigravity-extension-vis/node_modules/raw-body/index.js:238:16)
    at done (/home/dogsinatas/TypeScript_project/antigravity-extension-vis/node_modules/raw-body/index.js:227:7)
    at IncomingMessage.onEnd (/home/dogsinatas/TypeScript_project/antigravity-extension-vis/node_modules/raw-body/index.js:287:7)
    at IncomingMessage.emit (node:events:509:28)
    at IncomingMessage.emit (node:domain:489:12)
SyntaxError: Unexpected token 'n', "null" is not valid JSON
    at JSON.parse (<anonymous>)
    at createStrictSyntaxError (/home/dogsinatas/TypeScript_project/antigravity-extension-vis/node_modules/body-parser/lib/types/json.js:109:10)
    at parse (/home/dogsinatas/TypeScript_project/antigravity-extension-vis/node_modules/body-parser/lib/types/json.js:66:15)
    at /home/dogsinatas/TypeScript_project/antigravity-extension-vis/node_modules/body-parser/lib/read.js:162:18
    at AsyncResource.runInAsyncScope (node:async_hooks:227:14)
    at invokeCallback (/home/dogsinatas/TypeScript_project/antigravity-extension-vis/node_modules/raw-body/index.js:238:16)
    at done (/home/dogsinatas/TypeScript_project/antigravity-extension-vis/node_modules/raw-body/index.js:227:7)
    at IncomingMessage.onEnd (/home/dogsinatas/TypeScript_project/antigravity-extension-vis/node_modules/raw-body/index.js:287:7)
    at IncomingMessage.emit (node:events:509:28)
    at IncomingMessage.emit (node:domain:489:12)
SyntaxError: Unexpected token 'n', "null" is not valid JSON
    at JSON.parse (<anonymous>)
    at createStrictSyntaxError (/home/dogsinatas/TypeScript_project/antigravity-extension-vis/node_modules/body-parser/lib/types/json.js:109:10)
    at parse (/home/dogsinatas/TypeScript_project/antigravity-extension-vis/node_modules/body-parser/lib/types/json.js:66:15)
    at /home/dogsinatas/TypeScript_project/antigravity-extension-vis/node_modules/body-parser/lib/read.js:162:18
    at AsyncResource.runInAsyncScope (node:async_hooks:227:14)
    at invokeCallback (/home/dogsinatas/TypeScript_project/antigravity-extension-vis/node_modules/raw-body/index.js:238:16)
    at done (/home/dogsinatas/TypeScript_project/antigravity-extension-vis/node_modules/raw-body/index.js:227:7)
    at IncomingMessage.onEnd (/home/dogsinatas/TypeScript_project/antigravity-extension-vis/node_modules/raw-body/index.js:287:7)
    at IncomingMessage.emit (node:events:509:28)
    at IncomingMessage.emit (node:domain:489:12)
SyntaxError: Unexpected token 'n', "null" is not valid JSON
    at JSON.parse (<anonymous>)
    at createStrictSyntaxError (/home/dogsinatas/TypeScript_project/antigravity-extension-vis/node_modules/body-parser/lib/types/json.js:109:10)
    at parse (/home/dogsinatas/TypeScript_project/antigravity-extension-vis/node_modules/body-parser/lib/types/json.js:66:15)
    at /home/dogsinatas/TypeScript_project/antigravity-extension-vis/node_modules/body-parser/lib/read.js:162:18
    at AsyncResource.runInAsyncScope (node:async_hooks:227:14)
    at invokeCallback (/home/dogsinatas/TypeScript_project/antigravity-extension-vis/node_modules/raw-body/index.js:238:16)
    at done (/home/dogsinatas/TypeScript_project/antigravity-extension-vis/node_modules/raw-body/index.js:227:7)
    at IncomingMessage.onEnd (/home/dogsinatas/TypeScript_project/antigravity-extension-vis/node_modules/raw-body/index.js:287:7)
    at IncomingMessage.emit (node:events:509:28)
    at IncomingMessage.emit (node:domain:489:12)
SyntaxError: Unexpected token 'n', "null" is not valid JSON
    at JSON.parse (<anonymous>)
    at createStrictSyntaxError (/home/dogsinatas/TypeScript_project/antigravity-extension-vis/node_modules/body-parser/lib/types/json.js:109:10)
    at parse (/home/dogsinatas/TypeScript_project/antigravity-extension-vis/node_modules/body-parser/lib/types/json.js:66:15)
    at /home/dogsinatas/TypeScript_project/antigravity-extension-vis/node_modules/body-parser/lib/read.js:162:18
    at AsyncResource.runInAsyncScope (node:async_hooks:227:14)
    at invokeCallback (/home/dogsinatas/TypeScript_project/antigravity-extension-vis/node_modules/raw-body/index.js:238:16)
    at done (/home/dogsinatas/TypeScript_project/antigravity-extension-vis/node_modules/raw-body/index.js:227:7)
    at IncomingMessage.onEnd (/home/dogsinatas/TypeScript_project/antigravity-extension-vis/node_modules/raw-body/index.js:287:7)
    at IncomingMessage.emit (node:events:509:28)
    at IncomingMessage.emit (node:domain:489:12)
SyntaxError: Unexpected token 'n', "null" is not valid JSON
    at JSON.parse (<anonymous>)
    at createStrictSyntaxError (/home/dogsinatas/TypeScript_project/antigravity-extension-vis/node_modules/body-parser/lib/types/json.js:109:10)
    at parse (/home/dogsinatas/TypeScript_project/antigravity-extension-vis/node_modules/body-parser/lib/types/json.js:66:15)
    at /home/dogsinatas/TypeScript_project/antigravity-extension-vis/node_modules/body-parser/lib/read.js:162:18
    at AsyncResource.runInAsyncScope (node:async_hooks:227:14)
    at invokeCallback (/home/dogsinatas/TypeScript_project/antigravity-extension-vis/node_modules/raw-body/index.js:238:16)
    at done (/home/dogsinatas/TypeScript_project/antigravity-extension-vis/node_modules/raw-body/index.js:227:7)
    at IncomingMessage.onEnd (/home/dogsinatas/TypeScript_project/antigravity-extension-vis/node_modules/raw-body/index.js:287:7)
    at IncomingMessage.emit (node:events:509:28)
    at IncomingMessage.emit (node:domain:489:12)
SyntaxError: Unexpected token 'n', "null" is not valid JSON
    at JSON.parse (<anonymous>)
    at createStrictSyntaxError (/home/dogsinatas/TypeScript_project/antigravity-extension-vis/node_modules/body-parser/lib/types/json.js:109:10)
    at parse (/home/dogsinatas/TypeScript_project/antigravity-extension-vis/node_modules/body-parser/lib/types/json.js:66:15)
    at /home/dogsinatas/TypeScript_project/antigravity-extension-vis/node_modules/body-parser/lib/read.js:162:18
    at AsyncResource.runInAsyncScope (node:async_hooks:227:14)
    at invokeCallback (/home/dogsinatas/TypeScript_project/antigravity-extension-vis/node_modules/raw-body/index.js:238:16)
    at done (/home/dogsinatas/TypeScript_project/antigravity-extension-vis/node_modules/raw-body/index.js:227:7)
    at IncomingMessage.onEnd (/home/dogsinatas/TypeScript_project/antigravity-extension-vis/node_modules/raw-body/index.js:287:7)
    at IncomingMessage.emit (node:events:509:28)
    at IncomingMessage.emit (node:domain:489:12)
SyntaxError: Unexpected token 'n', "null" is not valid JSON
    at JSON.parse (<anonymous>)
    at createStrictSyntaxError (/home/dogsinatas/TypeScript_project/antigravity-extension-vis/node_modules/body-parser/lib/types/json.js:109:10)
    at parse (/home/dogsinatas/TypeScript_project/antigravity-extension-vis/node_modules/body-parser/lib/types/json.js:66:15)
    at /home/dogsinatas/TypeScript_project/antigravity-extension-vis/node_modules/body-parser/lib/read.js:162:18
    at AsyncResource.runInAsyncScope (node:async_hooks:227:14)
    at invokeCallback (/home/dogsinatas/TypeScript_project/antigravity-extension-vis/node_modules/raw-body/index.js:238:16)
    at done (/home/dogsinatas/TypeScript_project/antigravity-extension-vis/node_modules/raw-body/index.js:227:7)
    at IncomingMessage.onEnd (/home/dogsinatas/TypeScript_project/antigravity-extension-vis/node_modules/raw-body/index.js:287:7)
    at IncomingMessage.emit (node:events:509:28)
    at IncomingMessage.emit (node:domain:489:12)
SyntaxError: Unexpected token 'n', "null" is not valid JSON
    at JSON.parse (<anonymous>)
    at createStrictSyntaxError (/home/dogsinatas/TypeScript_project/antigravity-extension-vis/node_modules/body-parser/lib/types/json.js:109:10)
    at parse (/home/dogsinatas/TypeScript_project/antigravity-extension-vis/node_modules/body-parser/lib/types/json.js:66:15)
    at /home/dogsinatas/TypeScript_project/antigravity-extension-vis/node_modules/body-parser/lib/read.js:162:18
    at AsyncResource.runInAsyncScope (node:async_hooks:227:14)
    at invokeCallback (/home/dogsinatas/TypeScript_project/antigravity-extension-vis/node_modules/raw-body/index.js:238:16)
    at done (/home/dogsinatas/TypeScript_project/antigravity-extension-vis/node_modules/raw-body/index.js:227:7)
    at IncomingMessage.onEnd (/home/dogsinatas/TypeScript_project/antigravity-extension-vis/node_modules/raw-body/index.js:287:7)
    at IncomingMessage.emit (node:events:509:28)
    at IncomingMessage.emit (node:domain:489:12)
SyntaxError: Unexpected token 'n', "null" is not valid JSON
    at JSON.parse (<anonymous>)
    at createStrictSyntaxError (/home/dogsinatas/TypeScript_project/antigravity-extension-vis/node_modules/body-parser/lib/types/json.js:109:10)
    at parse (/home/dogsinatas/TypeScript_project/antigravity-extension-vis/node_modules/body-parser/lib/types/json.js:66:15)
    at /home/dogsinatas/TypeScript_project/antigravity-extension-vis/node_modules/body-parser/lib/read.js:162:18
    at AsyncResource.runInAsyncScope (node:async_hooks:227:14)
    at invokeCallback (/home/dogsinatas/TypeScript_project/antigravity-extension-vis/node_modules/raw-body/index.js:238:16)
    at done (/home/dogsinatas/TypeScript_project/antigravity-extension-vis/node_modules/raw-body/index.js:227:7)
    at IncomingMessage.onEnd (/home/dogsinatas/TypeScript_project/antigravity-extension-vis/node_modules/raw-body/index.js:287:7)
    at IncomingMessage.emit (node:events:509:28)
    at IncomingMessage.emit (node:domain:489:12)
SyntaxError: Unexpected token 'n', "null" is not valid JSON
    at JSON.parse (<anonymous>)
    at createStrictSyntaxError (/home/dogsinatas/TypeScript_project/antigravity-extension-vis/node_modules/body-parser/lib/types/json.js:109:10)
    at parse (/home/dogsinatas/TypeScript_project/antigravity-extension-vis/node_modules/body-parser/lib/types/json.js:66:15)
    at /home/dogsinatas/TypeScript_project/antigravity-extension-vis/node_modules/body-parser/lib/read.js:162:18
    at AsyncResource.runInAsyncScope (node:async_hooks:227:14)
    at invokeCallback (/home/dogsinatas/TypeScript_project/antigravity-extension-vis/node_modules/raw-body/index.js:238:16)
    at done (/home/dogsinatas/TypeScript_project/antigravity-extension-vis/node_modules/raw-body/index.js:227:7)
    at IncomingMessage.onEnd (/home/dogsinatas/TypeScript_project/antigravity-extension-vis/node_modules/raw-body/index.js:287:7)
    at IncomingMessage.emit (node:events:509:28)
    at IncomingMessage.emit (node:domain:489:12)
SyntaxError: Unexpected token 'n', "null" is not valid JSON
    at JSON.parse (<anonymous>)
    at createStrictSyntaxError (/home/dogsinatas/TypeScript_project/antigravity-extension-vis/node_modules/body-parser/lib/types/json.js:109:10)
    at parse (/home/dogsinatas/TypeScript_project/antigravity-extension-vis/node_modules/body-parser/lib/types/json.js:66:15)
    at /home/dogsinatas/TypeScript_project/antigravity-extension-vis/node_modules/body-parser/lib/read.js:162:18
    at AsyncResource.runInAsyncScope (node:async_hooks:227:14)
    at invokeCallback (/home/dogsinatas/TypeScript_project/antigravity-extension-vis/node_modules/raw-body/index.js:238:16)
    at done (/home/dogsinatas/TypeScript_project/antigravity-extension-vis/node_modules/raw-body/index.js:227:7)
    at IncomingMessage.onEnd (/home/dogsinatas/TypeScript_project/antigravity-extension-vis/node_modules/raw-body/index.js:287:7)
    at IncomingMessage.emit (node:events:509:28)
    at IncomingMessage.emit (node:domain:489:12)
SyntaxError: Unexpected token 'n', "null" is not valid JSON
    at JSON.parse (<anonymous>)
    at createStrictSyntaxError (/home/dogsinatas/TypeScript_project/antigravity-extension-vis/node_modules/body-parser/lib/types/json.js:109:10)
    at parse (/home/dogsinatas/TypeScript_project/antigravity-extension-vis/node_modules/body-parser/lib/types/json.js:66:15)
    at /home/dogsinatas/TypeScript_project/antigravity-extension-vis/node_modules/body-parser/lib/read.js:162:18
    at AsyncResource.runInAsyncScope (node:async_hooks:227:14)
    at invokeCallback (/home/dogsinatas/TypeScript_project/antigravity-extension-vis/node_modules/raw-body/index.js:238:16)
    at done (/home/dogsinatas/TypeScript_project/antigravity-extension-vis/node_modules/raw-body/index.js:227:7)
    at IncomingMessage.onEnd (/home/dogsinatas/TypeScript_project/antigravity-extension-vis/node_modules/raw-body/index.js:287:7)
    at IncomingMessage.emit (node:events:509:28)
    at IncomingMessage.emit (node:domain:489:12)
SyntaxError: Unexpected token 'n', "null" is not valid JSON
    at JSON.parse (<anonymous>)
    at createStrictSyntaxError (/home/dogsinatas/TypeScript_project/antigravity-extension-vis/node_modules/body-parser/lib/types/json.js:109:10)
    at parse (/home/dogsinatas/TypeScript_project/antigravity-extension-vis/node_modules/body-parser/lib/types/json.js:66:15)
    at /home/dogsinatas/TypeScript_project/antigravity-extension-vis/node_modules/body-parser/lib/read.js:162:18
    at AsyncResource.runInAsyncScope (node:async_hooks:227:14)
    at invokeCallback (/home/dogsinatas/TypeScript_project/antigravity-extension-vis/node_modules/raw-body/index.js:238:16)
    at done (/home/dogsinatas/TypeScript_project/antigravity-extension-vis/node_modules/raw-body/index.js:227:7)
    at IncomingMessage.onEnd (/home/dogsinatas/TypeScript_project/antigravity-extension-vis/node_modules/raw-body/index.js:287:7)
    at IncomingMessage.emit (node:events:509:28)
    at IncomingMessage.emit (node:domain:489:12)
SyntaxError: Unexpected token 'n', "null" is not valid JSON
    at JSON.parse (<anonymous>)
    at createStrictSyntaxError (/home/dogsinatas/TypeScript_project/antigravity-extension-vis/node_modules/body-parser/lib/types/json.js:109:10)
    at parse (/home/dogsinatas/TypeScript_project/antigravity-extension-vis/node_modules/body-parser/lib/types/json.js:66:15)
    at /home/dogsinatas/TypeScript_project/antigravity-extension-vis/node_modules/body-parser/lib/read.js:162:18
    at AsyncResource.runInAsyncScope (node:async_hooks:227:14)
    at invokeCallback (/home/dogsinatas/TypeScript_project/antigravity-extension-vis/node_modules/raw-body/index.js:238:16)
    at done (/home/dogsinatas/TypeScript_project/antigravity-extension-vis/node_modules/raw-body/index.js:227:7)
    at IncomingMessage.onEnd (/home/dogsinatas/TypeScript_project/antigravity-extension-vis/node_modules/raw-body/index.js:287:7)
    at IncomingMessage.emit (node:events:509:28)
    at IncomingMessage.emit (node:domain:489:12)
SyntaxError: Unexpected token 'n', "null" is not valid JSON
    at JSON.parse (<anonymous>)
    at createStrictSyntaxError (/home/dogsinatas/TypeScript_project/antigravity-extension-vis/node_modules/body-parser/lib/types/json.js:109:10)
    at parse (/home/dogsinatas/TypeScript_project/antigravity-extension-vis/node_modules/body-parser/lib/types/json.js:66:15)
    at /home/dogsinatas/TypeScript_project/antigravity-extension-vis/node_modules/body-parser/lib/read.js:162:18
    at AsyncResource.runInAsyncScope (node:async_hooks:227:14)
    at invokeCallback (/home/dogsinatas/TypeScript_project/antigravity-extension-vis/node_modules/raw-body/index.js:238:16)
    at done (/home/dogsinatas/TypeScript_project/antigravity-extension-vis/node_modules/raw-body/index.js:227:7)
    at IncomingMessage.onEnd (/home/dogsinatas/TypeScript_project/antigravity-extension-vis/node_modules/raw-body/index.js:287:7)
    at IncomingMessage.emit (node:events:509:28)
    at IncomingMessage.emit (node:domain:489:12)
SyntaxError: Unexpected token 'n', "null" is not valid JSON
    at JSON.parse (<anonymous>)
    at createStrictSyntaxError (/home/dogsinatas/TypeScript_project/antigravity-extension-vis/node_modules/body-parser/lib/types/json.js:109:10)
    at parse (/home/dogsinatas/TypeScript_project/antigravity-extension-vis/node_modules/body-parser/lib/types/json.js:66:15)
    at /home/dogsinatas/TypeScript_project/antigravity-extension-vis/node_modules/body-parser/lib/read.js:162:18
    at AsyncResource.runInAsyncScope (node:async_hooks:227:14)
    at invokeCallback (/home/dogsinatas/TypeScript_project/antigravity-extension-vis/node_modules/raw-body/index.js:238:16)
    at done (/home/dogsinatas/TypeScript_project/antigravity-extension-vis/node_modules/raw-body/index.js:227:7)
    at IncomingMessage.onEnd (/home/dogsinatas/TypeScript_project/antigravity-extension-vis/node_modules/raw-body/index.js:287:7)
    at IncomingMessage.emit (node:events:509:28)
    at IncomingMessage.emit (node:domain:489:12)
SyntaxError: Unexpected token 'n', "null" is not valid JSON
    at JSON.parse (<anonymous>)
    at createStrictSyntaxError (/home/dogsinatas/TypeScript_project/antigravity-extension-vis/node_modules/body-parser/lib/types/json.js:109:10)
    at parse (/home/dogsinatas/TypeScript_project/antigravity-extension-vis/node_modules/body-parser/lib/types/json.js:66:15)
    at /home/dogsinatas/TypeScript_project/antigravity-extension-vis/node_modules/body-parser/lib/read.js:162:18
    at AsyncResource.runInAsyncScope (node:async_hooks:227:14)
    at invokeCallback (/home/dogsinatas/TypeScript_project/antigravity-extension-vis/node_modules/raw-body/index.js:238:16)
    at done (/home/dogsinatas/TypeScript_project/antigravity-extension-vis/node_modules/raw-body/index.js:227:7)
    at IncomingMessage.onEnd (/home/dogsinatas/TypeScript_project/antigravity-extension-vis/node_modules/raw-body/index.js:287:7)
    at IncomingMessage.emit (node:events:509:28)
    at IncomingMessage.emit (node:domain:489:12)
SyntaxError: Unexpected token 'n', "null" is not valid JSON
    at JSON.parse (<anonymous>)
    at createStrictSyntaxError (/home/dogsinatas/TypeScript_project/antigravity-extension-vis/node_modules/body-parser/lib/types/json.js:109:10)
    at parse (/home/dogsinatas/TypeScript_project/antigravity-extension-vis/node_modules/body-parser/lib/types/json.js:66:15)
    at /home/dogsinatas/TypeScript_project/antigravity-extension-vis/node_modules/body-parser/lib/read.js:162:18
    at AsyncResource.runInAsyncScope (node:async_hooks:227:14)
    at invokeCallback (/home/dogsinatas/TypeScript_project/antigravity-extension-vis/node_modules/raw-body/index.js:238:16)
    at done (/home/dogsinatas/TypeScript_project/antigravity-extension-vis/node_modules/raw-body/index.js:227:7)
    at IncomingMessage.onEnd (/home/dogsinatas/TypeScript_project/antigravity-extension-vis/node_modules/raw-body/index.js:287:7)
    at IncomingMessage.emit (node:events:509:28)
    at IncomingMessage.emit (node:domain:489:12)
SyntaxError: Unexpected token 'n', "null" is not valid JSON
    at JSON.parse (<anonymous>)
    at createStrictSyntaxError (/home/dogsinatas/TypeScript_project/antigravity-extension-vis/node_modules/body-parser/lib/types/json.js:109:10)
    at parse (/home/dogsinatas/TypeScript_project/antigravity-extension-vis/node_modules/body-parser/lib/types/json.js:66:15)
    at /home/dogsinatas/TypeScript_project/antigravity-extension-vis/node_modules/body-parser/lib/read.js:162:18
    at AsyncResource.runInAsyncScope (node:async_hooks:227:14)
    at invokeCallback (/home/dogsinatas/TypeScript_project/antigravity-extension-vis/node_modules/raw-body/index.js:238:16)
    at done (/home/dogsinatas/TypeScript_project/antigravity-extension-vis/node_modules/raw-body/index.js:227:7)
    at IncomingMessage.onEnd (/home/dogsinatas/TypeScript_project/antigravity-extension-vis/node_modules/raw-body/index.js:287:7)
    at IncomingMessage.emit (node:events:509:28)
    at IncomingMessage.emit (node:domain:489:12)
SyntaxError: Unexpected token 'n', "null" is not valid JSON
    at JSON.parse (<anonymous>)
    at createStrictSyntaxError (/home/dogsinatas/TypeScript_project/antigravity-extension-vis/node_modules/body-parser/lib/types/json.js:109:10)
    at parse (/home/dogsinatas/TypeScript_project/antigravity-extension-vis/node_modules/body-parser/lib/types/json.js:66:15)
    at /home/dogsinatas/TypeScript_project/antigravity-extension-vis/node_modules/body-parser/lib/read.js:162:18
    at AsyncResource.runInAsyncScope (node:async_hooks:227:14)
    at invokeCallback (/home/dogsinatas/TypeScript_project/antigravity-extension-vis/node_modules/raw-body/index.js:238:16)
    at done (/home/dogsinatas/TypeScript_project/antigravity-extension-vis/node_modules/raw-body/index.js:227:7)
    at IncomingMessage.onEnd (/home/dogsinatas/TypeScript_project/antigravity-extension-vis/node_modules/raw-body/index.js:287:7)
    at IncomingMessage.emit (node:events:509:28)
    at IncomingMessage.emit (node:domain:489:12)
SyntaxError: Unexpected token 'n', "null" is not valid JSON
    at JSON.parse (<anonymous>)
    at createStrictSyntaxError (/home/dogsinatas/TypeScript_project/antigravity-extension-vis/node_modules/body-parser/lib/types/json.js:109:10)
    at parse (/home/dogsinatas/TypeScript_project/antigravity-extension-vis/node_modules/body-parser/lib/types/json.js:66:15)
    at /home/dogsinatas/TypeScript_project/antigravity-extension-vis/node_modules/body-parser/lib/read.js:162:18
    at AsyncResource.runInAsyncScope (node:async_hooks:227:14)
    at invokeCallback (/home/dogsinatas/TypeScript_project/antigravity-extension-vis/node_modules/raw-body/index.js:238:16)
    at done (/home/dogsinatas/TypeScript_project/antigravity-extension-vis/node_modules/raw-body/index.js:227:7)
    at IncomingMessage.onEnd (/home/dogsinatas/TypeScript_project/antigravity-extension-vis/node_modules/raw-body/index.js:287:7)
    at IncomingMessage.emit (node:events:509:28)
    at IncomingMessage.emit (node:domain:489:12)
SyntaxError: Unexpected token 'n', "null" is not valid JSON
    at JSON.parse (<anonymous>)
    at createStrictSyntaxError (/home/dogsinatas/TypeScript_project/antigravity-extension-vis/node_modules/body-parser/lib/types/json.js:109:10)
    at parse (/home/dogsinatas/TypeScript_project/antigravity-extension-vis/node_modules/body-parser/lib/types/json.js:66:15)
    at /home/dogsinatas/TypeScript_project/antigravity-extension-vis/node_modules/body-parser/lib/read.js:162:18
    at AsyncResource.runInAsyncScope (node:async_hooks:227:14)
    at invokeCallback (/home/dogsinatas/TypeScript_project/antigravity-extension-vis/node_modules/raw-body/index.js:238:16)
    at done (/home/dogsinatas/TypeScript_project/antigravity-extension-vis/node_modules/raw-body/index.js:227:7)
    at IncomingMessage.onEnd (/home/dogsinatas/TypeScript_project/antigravity-extension-vis/node_modules/raw-body/index.js:287:7)
    at IncomingMessage.emit (node:events:509:28)
    at IncomingMessage.emit (node:domain:489:12)
SyntaxError: Unexpected token 'n', "null" is not valid JSON
    at JSON.parse (<anonymous>)
    at createStrictSyntaxError (/home/dogsinatas/TypeScript_project/antigravity-extension-vis/node_modules/body-parser/lib/types/json.js:109:10)
    at parse (/home/dogsinatas/TypeScript_project/antigravity-extension-vis/node_modules/body-parser/lib/types/json.js:66:15)
    at /home/dogsinatas/TypeScript_project/antigravity-extension-vis/node_modules/body-parser/lib/read.js:162:18
    at AsyncResource.runInAsyncScope (node:async_hooks:227:14)
    at invokeCallback (/home/dogsinatas/TypeScript_project/antigravity-extension-vis/node_modules/raw-body/index.js:238:16)
    at done (/home/dogsinatas/TypeScript_project/antigravity-extension-vis/node_modules/raw-body/index.js:227:7)
    at IncomingMessage.onEnd (/home/dogsinatas/TypeScript_project/antigravity-extension-vis/node_modules/raw-body/index.js:287:7)
    at IncomingMessage.emit (node:events:509:28)
    at IncomingMessage.emit (node:domain:489:12)
SyntaxError: Unexpected token 'n', "null" is not valid JSON
    at JSON.parse (<anonymous>)
    at createStrictSyntaxError (/home/dogsinatas/TypeScript_project/antigravity-extension-vis/node_modules/body-parser/lib/types/json.js:109:10)
    at parse (/home/dogsinatas/TypeScript_project/antigravity-extension-vis/node_modules/body-parser/lib/types/json.js:66:15)
    at /home/dogsinatas/TypeScript_project/antigravity-extension-vis/node_modules/body-parser/lib/read.js:162:18
    at AsyncResource.runInAsyncScope (node:async_hooks:227:14)
    at invokeCallback (/home/dogsinatas/TypeScript_project/antigravity-extension-vis/node_modules/raw-body/index.js:238:16)
    at done (/home/dogsinatas/TypeScript_project/antigravity-extension-vis/node_modules/raw-body/index.js:227:7)
    at IncomingMessage.onEnd (/home/dogsinatas/TypeScript_project/antigravity-extension-vis/node_modules/raw-body/index.js:287:7)
    at IncomingMessage.emit (node:events:509:28)
    at IncomingMessage.emit (node:domain:489:12)
SyntaxError: Unexpected token 'n', "null" is not valid JSON
    at JSON.parse (<anonymous>)
    at createStrictSyntaxError (/home/dogsinatas/TypeScript_project/antigravity-extension-vis/node_modules/body-parser/lib/types/json.js:109:10)
    at parse (/home/dogsinatas/TypeScript_project/antigravity-extension-vis/node_modules/body-parser/lib/types/json.js:66:15)
    at /home/dogsinatas/TypeScript_project/antigravity-extension-vis/node_modules/body-parser/lib/read.js:162:18
    at AsyncResource.runInAsyncScope (node:async_hooks:227:14)
    at invokeCallback (/home/dogsinatas/TypeScript_project/antigravity-extension-vis/node_modules/raw-body/index.js:238:16)
    at done (/home/dogsinatas/TypeScript_project/antigravity-extension-vis/node_modules/raw-body/index.js:227:7)
    at IncomingMessage.onEnd (/home/dogsinatas/TypeScript_project/antigravity-extension-vis/node_modules/raw-body/index.js:287:7)
    at IncomingMessage.emit (node:events:509:28)
    at IncomingMessage.emit (node:domain:489:12)
SyntaxError: Unexpected token 'n', "null" is not valid JSON
    at JSON.parse (<anonymous>)
    at createStrictSyntaxError (/home/dogsinatas/TypeScript_project/antigravity-extension-vis/node_modules/body-parser/lib/types/json.js:109:10)
    at parse (/home/dogsinatas/TypeScript_project/antigravity-extension-vis/node_modules/body-parser/lib/types/json.js:66:15)
    at /home/dogsinatas/TypeScript_project/antigravity-extension-vis/node_modules/body-parser/lib/read.js:162:18
    at AsyncResource.runInAsyncScope (node:async_hooks:227:14)
    at invokeCallback (/home/dogsinatas/TypeScript_project/antigravity-extension-vis/node_modules/raw-body/index.js:238:16)
    at done (/home/dogsinatas/TypeScript_project/antigravity-extension-vis/node_modules/raw-body/index.js:227:7)
    at IncomingMessage.onEnd (/home/dogsinatas/TypeScript_project/antigravity-extension-vis/node_modules/raw-body/index.js:287:7)
    at IncomingMessage.emit (node:events:509:28)
    at IncomingMessage.emit (node:domain:489:12)
SyntaxError: Unexpected token 'n', "null" is not valid JSON
    at JSON.parse (<anonymous>)
    at createStrictSyntaxError (/home/dogsinatas/TypeScript_project/antigravity-extension-vis/node_modules/body-parser/lib/types/json.js:109:10)
    at parse (/home/dogsinatas/TypeScript_project/antigravity-extension-vis/node_modules/body-parser/lib/types/json.js:66:15)
    at /home/dogsinatas/TypeScript_project/antigravity-extension-vis/node_modules/body-parser/lib/read.js:162:18
    at AsyncResource.runInAsyncScope (node:async_hooks:227:14)
    at invokeCallback (/home/dogsinatas/TypeScript_project/antigravity-extension-vis/node_modules/raw-body/index.js:238:16)
    at done (/home/dogsinatas/TypeScript_project/antigravity-extension-vis/node_modules/raw-body/index.js:227:7)
    at IncomingMessage.onEnd (/home/dogsinatas/TypeScript_project/antigravity-extension-vis/node_modules/raw-body/index.js:287:7)
    at IncomingMessage.emit (node:events:509:28)
    at IncomingMessage.emit (node:domain:489:12)
SyntaxError: Unexpected token 'n', "null" is not valid JSON
    at JSON.parse (<anonymous>)
    at createStrictSyntaxError (/home/dogsinatas/TypeScript_project/antigravity-extension-vis/node_modules/body-parser/lib/types/json.js:109:10)
    at parse (/home/dogsinatas/TypeScript_project/antigravity-extension-vis/node_modules/body-parser/lib/types/json.js:66:15)
    at /home/dogsinatas/TypeScript_project/antigravity-extension-vis/node_modules/body-parser/lib/read.js:162:18
    at AsyncResource.runInAsyncScope (node:async_hooks:227:14)
    at invokeCallback (/home/dogsinatas/TypeScript_project/antigravity-extension-vis/node_modules/raw-body/index.js:238:16)
    at done (/home/dogsinatas/TypeScript_project/antigravity-extension-vis/node_modules/raw-body/index.js:227:7)
    at IncomingMessage.onEnd (/home/dogsinatas/TypeScript_project/antigravity-extension-vis/node_modules/raw-body/index.js:287:7)
    at IncomingMessage.emit (node:events:509:28)
    at IncomingMessage.emit (node:domain:489:12)
SyntaxError: Unexpected token 'n', "null" is not valid JSON
    at JSON.parse (<anonymous>)
    at createStrictSyntaxError (/home/dogsinatas/TypeScript_project/antigravity-extension-vis/node_modules/body-parser/lib/types/json.js:109:10)
    at parse (/home/dogsinatas/TypeScript_project/antigravity-extension-vis/node_modules/body-parser/lib/types/json.js:66:15)
    at /home/dogsinatas/TypeScript_project/antigravity-extension-vis/node_modules/body-parser/lib/read.js:162:18
    at AsyncResource.runInAsyncScope (node:async_hooks:227:14)
    at invokeCallback (/home/dogsinatas/TypeScript_project/antigravity-extension-vis/node_modules/raw-body/index.js:238:16)
    at done (/home/dogsinatas/TypeScript_project/antigravity-extension-vis/node_modules/raw-body/index.js:227:7)
    at IncomingMessage.onEnd (/home/dogsinatas/TypeScript_project/antigravity-extension-vis/node_modules/raw-body/index.js:287:7)
    at IncomingMessage.emit (node:events:509:28)
    at IncomingMessage.emit (node:domain:489:12)
SyntaxError: Unexpected token 'n', "null" is not valid JSON
    at JSON.parse (<anonymous>)
    at createStrictSyntaxError (/home/dogsinatas/TypeScript_project/antigravity-extension-vis/node_modules/body-parser/lib/types/json.js:109:10)
    at parse (/home/dogsinatas/TypeScript_project/antigravity-extension-vis/node_modules/body-parser/lib/types/json.js:66:15)
    at /home/dogsinatas/TypeScript_project/antigravity-extension-vis/node_modules/body-parser/lib/read.js:162:18
    at AsyncResource.runInAsyncScope (node:async_hooks:227:14)
    at invokeCallback (/home/dogsinatas/TypeScript_project/antigravity-extension-vis/node_modules/raw-body/index.js:238:16)
    at done (/home/dogsinatas/TypeScript_project/antigravity-extension-vis/node_modules/raw-body/index.js:227:7)
    at IncomingMessage.onEnd (/home/dogsinatas/TypeScript_project/antigravity-extension-vis/node_modules/raw-body/index.js:287:7)
    at IncomingMessage.emit (node:events:509:28)
    at IncomingMessage.emit (node:domain:489:12)
SyntaxError: Unexpected token 'n', "null" is not valid JSON
    at JSON.parse (<anonymous>)
    at createStrictSyntaxError (/home/dogsinatas/TypeScript_project/antigravity-extension-vis/node_modules/body-parser/lib/types/json.js:109:10)
    at parse (/home/dogsinatas/TypeScript_project/antigravity-extension-vis/node_modules/body-parser/lib/types/json.js:66:15)
    at /home/dogsinatas/TypeScript_project/antigravity-extension-vis/node_modules/body-parser/lib/read.js:162:18
    at AsyncResource.runInAsyncScope (node:async_hooks:227:14)
    at invokeCallback (/home/dogsinatas/TypeScript_project/antigravity-extension-vis/node_modules/raw-body/index.js:238:16)
    at done (/home/dogsinatas/TypeScript_project/antigravity-extension-vis/node_modules/raw-body/index.js:227:7)
    at IncomingMessage.onEnd (/home/dogsinatas/TypeScript_project/antigravity-extension-vis/node_modules/raw-body/index.js:287:7)
    at IncomingMessage.emit (node:events:509:28)
    at IncomingMessage.emit (node:domain:489:12)
SyntaxError: Unexpected token 'n', "null" is not valid JSON
    at JSON.parse (<anonymous>)
    at createStrictSyntaxError (/home/dogsinatas/TypeScript_project/antigravity-extension-vis/node_modules/body-parser/lib/types/json.js:109:10)
    at parse (/home/dogsinatas/TypeScript_project/antigravity-extension-vis/node_modules/body-parser/lib/types/json.js:66:15)
    at /home/dogsinatas/TypeScript_project/antigravity-extension-vis/node_modules/body-parser/lib/read.js:162:18
    at AsyncResource.runInAsyncScope (node:async_hooks:227:14)
    at invokeCallback (/home/dogsinatas/TypeScript_project/antigravity-extension-vis/node_modules/raw-body/index.js:238:16)
    at done (/home/dogsinatas/TypeScript_project/antigravity-extension-vis/node_modules/raw-body/index.js:227:7)
    at IncomingMessage.onEnd (/home/dogsinatas/TypeScript_project/antigravity-extension-vis/node_modules/raw-body/index.js:287:7)
    at IncomingMessage.emit (node:events:509:28)
    at IncomingMessage.emit (node:domain:489:12)
SyntaxError: Unexpected token 'n', "null" is not valid JSON
    at JSON.parse (<anonymous>)
    at createStrictSyntaxError (/home/dogsinatas/TypeScript_project/antigravity-extension-vis/node_modules/body-parser/lib/types/json.js:109:10)
    at parse (/home/dogsinatas/TypeScript_project/antigravity-extension-vis/node_modules/body-parser/lib/types/json.js:66:15)
    at /home/dogsinatas/TypeScript_project/antigravity-extension-vis/node_modules/body-parser/lib/read.js:162:18
    at AsyncResource.runInAsyncScope (node:async_hooks:227:14)
    at invokeCallback (/home/dogsinatas/TypeScript_project/antigravity-extension-vis/node_modules/raw-body/index.js:238:16)
    at done (/home/dogsinatas/TypeScript_project/antigravity-extension-vis/node_modules/raw-body/index.js:227:7)
    at IncomingMessage.onEnd (/home/dogsinatas/TypeScript_project/antigravity-extension-vis/node_modules/raw-body/index.js:287:7)
    at IncomingMessage.emit (node:events:509:28)
    at IncomingMessage.emit (node:domain:489:12)
SyntaxError: Unexpected token 'n', "null" is not valid JSON
    at JSON.parse (<anonymous>)
    at createStrictSyntaxError (/home/dogsinatas/TypeScript_project/antigravity-extension-vis/node_modules/body-parser/lib/types/json.js:109:10)
    at parse (/home/dogsinatas/TypeScript_project/antigravity-extension-vis/node_modules/body-parser/lib/types/json.js:66:15)
    at /home/dogsinatas/TypeScript_project/antigravity-extension-vis/node_modules/body-parser/lib/read.js:162:18
    at AsyncResource.runInAsyncScope (node:async_hooks:227:14)
    at invokeCallback (/home/dogsinatas/TypeScript_project/antigravity-extension-vis/node_modules/raw-body/index.js:238:16)
    at done (/home/dogsinatas/TypeScript_project/antigravity-extension-vis/node_modules/raw-body/index.js:227:7)
    at IncomingMessage.onEnd (/home/dogsinatas/TypeScript_project/antigravity-extension-vis/node_modules/raw-body/index.js:287:7)
    at IncomingMessage.emit (node:events:509:28)
    at IncomingMessage.emit (node:domain:489:12)
SyntaxError: Unexpected token 'n', "null" is not valid JSON
    at JSON.parse (<anonymous>)
    at createStrictSyntaxError (/home/dogsinatas/TypeScript_project/antigravity-extension-vis/node_modules/body-parser/lib/types/json.js:109:10)
    at parse (/home/dogsinatas/TypeScript_project/antigravity-extension-vis/node_modules/body-parser/lib/types/json.js:66:15)
    at /home/dogsinatas/TypeScript_project/antigravity-extension-vis/node_modules/body-parser/lib/read.js:162:18
    at AsyncResource.runInAsyncScope (node:async_hooks:227:14)
    at invokeCallback (/home/dogsinatas/TypeScript_project/antigravity-extension-vis/node_modules/raw-body/index.js:238:16)
    at done (/home/dogsinatas/TypeScript_project/antigravity-extension-vis/node_modules/raw-body/index.js:227:7)
    at IncomingMessage.onEnd (/home/dogsinatas/TypeScript_project/antigravity-extension-vis/node_modules/raw-body/index.js:287:7)
    at IncomingMessage.emit (node:events:509:28)
    at IncomingMessage.emit (node:domain:489:12)
29:09] [INFO] [v0.3.30] HarvestSession state change: Unlocked -> Locked
[SYNAPSE] [PM 6:29:09] [INFO] [v0.3.30] HarvestSession state change: Locked -> Comparing
[SYNAPSE] [PM 6:29:09] [WARN] [v0.3.30] CompareEngine: Failed to get hashes for soak_client - Client is not connected
[SYNAPSE] [PM 6:29:09] [INFO] [v0.3.30] CompareEngine: Found 0 differences
[SYNAPSE] [PM 6:29:09] [INFO] [v0.3.30] HarvestSession state change: Comparing -> Approving
[SYNAPSE] [PM 6:29:09] [INFO] [v0.3.30] HarvestSession state change: Approving -> Executing
[SYNAPSE] [PM 6:29:09] [INFO] [v0.3.30] HarvestSession state change: Executing -> Harvesting
[SYNAPSE] [PM 6:29:09] [INFO] [v0.3.30] Harvest starting: Processing 1 approved files
[SYNAPSE] [PM 6:29:09] [WARN] [v0.3.30] Harvest rejected: Invalid clientUsername format 'undefined'
[SYNAPSE] [PM 6:29:09] [INFO] [v0.3.30] Harvest complete: 0 files, 0 folders
[SYNAPSE] [PM 6:29:09] [WARN] [v0.3.30] HarvestSession transition failed: expected Executing, current is Harvesting
[SYNAPSE] [PM 6:29:09] [INFO] [v0.3.30] HarvestSession state change: Harvesting -> Unlocked
[SYNAPSE] [PM 6:29:39] [INFO] [v0.3.30] HarvestSession state change: Unlocked -> Locked
[SYNAPSE] [PM 6:29:39] [INFO] [v0.3.30] HarvestSession state change: Locked -> Comparing
[SYNAPSE] [PM 6:29:39] [WARN] [v0.3.30] CompareEngine: Failed to get hashes for soak_client - Client is not connected
[SYNAPSE] [PM 6:29:39] [INFO] [v0.3.30] CompareEngine: Found 0 differences
[SYNAPSE] [PM 6:29:39] [INFO] [v0.3.30] HarvestSession state change: Comparing -> Approving
[SYNAPSE] [PM 6:29:39] [INFO] [v0.3.30] HarvestSession state change: Approving -> Executing
[SYNAPSE] [PM 6:29:39] [INFO] [v0.3.30] HarvestSession state change: Executing -> Harvesting
[SYNAPSE] [PM 6:29:39] [INFO] [v0.3.30] Harvest starting: Processing 1 approved files
[SYNAPSE] [PM 6:29:39] [WARN] [v0.3.30] Harvest rejected: Invalid clientUsername format 'undefined'
[SYNAPSE] [PM 6:29:39] [INFO] [v0.3.30] Harvest complete: 0 files, 0 folders
[SYNAPSE] [PM 6:29:39] [WARN] [v0.3.30] HarvestSession transition failed: expected Executing, current is Harvesting
[SYNAPSE] [PM 6:29:39] [INFO] [v0.3.30] HarvestSession state change: Harvesting -> Unlocked
SyntaxError: Unexpected token 'n', "null" is not valid JSON
    at JSON.parse (<anonymous>)
    at createStrictSyntaxError (/home/dogsinatas/TypeScript_project/antigravity-extension-vis/node_modules/body-parser/lib/types/json.js:109:10)
    at parse (/home/dogsinatas/TypeScript_project/antigravity-extension-vis/node_modules/body-parser/lib/types/json.js:66:15)
    at /home/dogsinatas/TypeScript_project/antigravity-extension-vis/node_modules/body-parser/lib/read.js:162:18
    at AsyncResource.runInAsyncScope (node:async_hooks:227:14)
    at invokeCallback (/home/dogsinatas/TypeScript_project/antigravity-extension-vis/node_modules/raw-body/index.js:238:16)
    at done (/home/dogsinatas/TypeScript_project/antigravity-extension-vis/node_modules/raw-body/index.js:227:7)
    at IncomingMessage.onEnd (/home/dogsinatas/TypeScript_project/antigravity-extension-vis/node_modules/raw-body/index.js:287:7)
    at IncomingMessage.emit (node:events:509:28)
    at IncomingMessage.emit (node:domain:489:12)
[SYNAPSE] [PM 6:30:09] [INFO] [v0.3.30] HarvestSession state change: Unlocked -> Locked
[SYNAPSE] [PM 6:30:09] [INFO] [v0.3.30] HarvestSession state change: Locked -> Comparing
[SYNAPSE] [PM 6:30:09] [WARN] [v0.3.30] CompareEngine: Failed to get hashes for soak_client - Client is not connected
[SYNAPSE] [PM 6:30:09] [INFO] [v0.3.30] CompareEngine: Found 0 differences
[SYNAPSE] [PM 6:30:09] [INFO] [v0.3.30] HarvestSession state change: Comparing -> Approving
[SYNAPSE] [PM 6:30:09] [INFO] [v0.3.30] HarvestSession state change: Approving -> Executing
[SYNAPSE] [PM 6:30:09] [INFO] [v0.3.30] HarvestSession state change: Executing -> Harvesting
[SYNAPSE] [PM 6:30:09] [INFO] [v0.3.30] Harvest starting: Processing 1 approved files
[SYNAPSE] [PM 6:30:09] [WARN] [v0.3.30] Harvest rejected: Invalid clientUsername format 'undefined'
[SYNAPSE] [PM 6:30:09] [INFO] [v0.3.30] Harvest complete: 0 files, 0 folders
[SYNAPSE] [PM 6:30:09] [WARN] [v0.3.30] HarvestSession transition failed: expected Executing, current is Harvesting
[SYNAPSE] [PM 6:30:09] [INFO] [v0.3.30] HarvestSession state change: Harvesting -> Unlocked
[SYNAPSE] [PM 6:30:39] [INFO] [v0.3.30] HarvestSession state change: Unlocked -> Locked
[SYNAPSE] [PM 6:30:39] [INFO] [v0.3.30] HarvestSession state change: Locked -> Comparing
[SYNAPSE] [PM 6:30:39] [WARN] [v0.3.30] CompareEngine: Failed to get hashes for soak_client - Client is not connected
[SYNAPSE] [PM 6:30:39] [INFO] [v0.3.30] CompareEngine: Found 0 differences
[SYNAPSE] [PM 6:30:39] [INFO] [v0.3.30] HarvestSession state change: Comparing -> Approving
[SYNAPSE] [PM 6:30:39] [INFO] [v0.3.30] HarvestSession state change: Approving -> Executing
[SYNAPSE] [PM 6:30:39] [INFO] [v0.3.30] HarvestSession state change: Executing -> Harvesting
[SYNAPSE] [PM 6:30:39] [INFO] [v0.3.30] Harvest starting: Processing 1 approved files
[SYNAPSE] [PM 6:30:39] [WARN] [v0.3.30] Harvest rejected: Invalid clientUsername format 'undefined'
[SYNAPSE] [PM 6:30:39] [INFO] [v0.3.30] Harvest complete: 0 files, 0 folders
[SYNAPSE] [PM 6:30:39] [WARN] [v0.3.30] HarvestSession transition failed: expected Executing, current is Harvesting
[SYNAPSE] [PM 6:30:39] [INFO] [v0.3.30] HarvestSession state change: Harvesting -> Unlocked
SyntaxError: Unexpected token 'n', "null" is not valid JSON
    at JSON.parse (<anonymous>)
    at createStrictSyntaxError (/home/dogsinatas/TypeScript_project/antigravity-extension-vis/node_modules/body-parser/lib/types/json.js:109:10)
    at parse (/home/dogsinatas/TypeScript_project/antigravity-extension-vis/node_modules/body-parser/lib/types/json.js:66:15)
    at /home/dogsinatas/TypeScript_project/antigravity-extension-vis/node_modules/body-parser/lib/read.js:162:18
    at AsyncResource.runInAsyncScope (node:async_hooks:227:14)
    at invokeCallback (/home/dogsinatas/TypeScript_project/antigravity-extension-vis/node_modules/raw-body/index.js:238:16)
    at done (/home/dogsinatas/TypeScript_project/antigravity-extension-vis/node_modules/raw-body/index.js:227:7)
    at IncomingMessage.onEnd (/home/dogsinatas/TypeScript_project/antigravity-extension-vis/node_modules/raw-body/index.js:287:7)
    at IncomingMessage.emit (node:events:509:28)
    at IncomingMessage.emit (node:domain:489:12)
[SYNAPSE] [PM 6:31:09] [INFO] [v0.3.30] HarvestSession state change: Unlocked -> Locked
[SYNAPSE] [PM 6:31:09] [INFO] [v0.3.30] HarvestSession state change: Locked -> Comparing
[SYNAPSE] [PM 6:31:09] [WARN] [v0.3.30] CompareEngine: Failed to get hashes for soak_client - Client is not connected
[SYNAPSE] [PM 6:31:09] [INFO] [v0.3.30] CompareEngine: Found 0 differences
[SYNAPSE] [PM 6:31:09] [INFO] [v0.3.30] HarvestSession state change: Comparing -> Approving
[SYNAPSE] [PM 6:31:09] [INFO] [v0.3.30] HarvestSession state change: Approving -> Executing
[SYNAPSE] [PM 6:31:09] [INFO] [v0.3.30] HarvestSession state change: Executing -> Harvesting
[SYNAPSE] [PM 6:31:09] [INFO] [v0.3.30] Harvest starting: Processing 1 approved files
[SYNAPSE] [PM 6:31:09] [WARN] [v0.3.30] Harvest rejected: Invalid clientUsername format 'undefined'
[SYNAPSE] [PM 6:31:09] [INFO] [v0.3.30] Harvest complete: 0 files, 0 folders
[SYNAPSE] [PM 6:31:09] [WARN] [v0.3.30] HarvestSession transition failed: expected Executing, current is Harvesting
[SYNAPSE] [PM 6:31:09] [INFO] [v0.3.30] HarvestSession state change: Harvesting -> Unlocked
[SYNAPSE] [PM 6:31:39] [INFO] [v0.3.30] HarvestSession state change: Unlocked -> Locked
[SYNAPSE] [PM 6:31:39] [INFO] [v0.3.30] HarvestSession state change: Locked -> Comparing
[SYNAPSE] [PM 6:31:39] [WARN] [v0.3.30] CompareEngine: Failed to get hashes for soak_client - Client is not connected
[SYNAPSE] [PM 6:31:39] [INFO] [v0.3.30] CompareEngine: Found 0 differences
[SYNAPSE] [PM 6:31:39] [INFO] [v0.3.30] HarvestSession state change: Comparing -> Approving
[SYNAPSE] [PM 6:31:39] [INFO] [v0.3.30] HarvestSession state change: Approving -> Executing
[SYNAPSE] [PM 6:31:39] [INFO] [v0.3.30] HarvestSession state change: Executing -> Harvesting
[SYNAPSE] [PM 6:31:39] [INFO] [v0.3.30] Harvest starting: Processing 1 approved files
[SYNAPSE] [PM 6:31:39] [WARN] [v0.3.30] Harvest rejected: Invalid clientUsername format 'undefined'
[SYNAPSE] [PM 6:31:39] [INFO] [v0.3.30] Harvest complete: 0 files, 0 folders
[SYNAPSE] [PM 6:31:39] [WARN] [v0.3.30] HarvestSession transition failed: expected Executing, current is Harvesting
[SYNAPSE] [PM 6:31:39] [INFO] [v0.3.30] HarvestSession state change: Harvesting -> Unlocked
SyntaxError: Unexpected token 'n', "null" is not valid JSON
    at JSON.parse (<anonymous>)
    at createStrictSyntaxError (/home/dogsinatas/TypeScript_project/antigravity-extension-vis/node_modules/body-parser/lib/types/json.js:109:10)
    at parse (/home/dogsinatas/TypeScript_project/antigravity-extension-vis/node_modules/body-parser/lib/types/json.js:66:15)
    at /home/dogsinatas/TypeScript_project/antigravity-extension-vis/node_modules/body-parser/lib/read.js:162:18
    at AsyncResource.runInAsyncScope (node:async_hooks:227:14)
    at invokeCallback (/home/dogsinatas/TypeScript_project/antigravity-extension-vis/node_modules/raw-body/index.js:238:16)
    at done (/home/dogsinatas/TypeScript_project/antigravity-extension-vis/node_modules/raw-body/index.js:227:7)
    at IncomingMessage.onEnd (/home/dogsinatas/TypeScript_project/antigravity-extension-vis/node_modules/raw-body/index.js:287:7)
    at IncomingMessage.emit (node:events:509:28)
    at IncomingMessage.emit (node:domain:489:12)
[SYNAPSE] [PM 6:32:09] [INFO] [v0.3.30] HarvestSession state change: Unlocked -> Locked
[SYNAPSE] [PM 6:32:09] [INFO] [v0.3.30] HarvestSession state change: Locked -> Comparing
[SYNAPSE] [PM 6:32:09] [WARN] [v0.3.30] CompareEngine: Failed to get hashes for soak_client - Client is not connected
[SYNAPSE] [PM 6:32:09] [INFO] [v0.3.30] CompareEngine: Found 0 differences
[SYNAPSE] [PM 6:32:09] [INFO] [v0.3.30] HarvestSession state change: Comparing -> Approving
[SYNAPSE] [PM 6:32:09] [INFO] [v0.3.30] HarvestSession state change: Approving -> Executing
[SYNAPSE] [PM 6:32:09] [INFO] [v0.3.30] HarvestSession state change: Executing -> Harvesting
[SYNAPSE] [PM 6:32:09] [INFO] [v0.3.30] Harvest starting: Processing 1 approved files
[SYNAPSE] [PM 6:32:09] [WARN] [v0.3.30] Harvest rejected: Invalid clientUsername format 'undefined'
[SYNAPSE] [PM 6:32:09] [INFO] [v0.3.30] Harvest complete: 0 files, 0 folders
[SYNAPSE] [PM 6:32:09] [WARN] [v0.3.30] HarvestSession transition failed: expected Executing, current is Harvesting
[SYNAPSE] [PM 6:32:09] [INFO] [v0.3.30] HarvestSession state change: Harvesting -> Unlocked
[SYNAPSE] [PM 6:32:39] [INFO] [v0.3.30] HarvestSession state change: Unlocked -> Locked
[SYNAPSE] [PM 6:32:39] [INFO] [v0.3.30] HarvestSession state change: Locked -> Comparing
[SYNAPSE] [PM 6:32:39] [WARN] [v0.3.30] CompareEngine: Failed to get hashes for soak_client - Client is not connected
[SYNAPSE] [PM 6:32:39] [INFO] [v0.3.30] CompareEngine: Found 0 differences
[SYNAPSE] [PM 6:32:39] [INFO] [v0.3.30] HarvestSession state change: Comparing -> Approving
[SYNAPSE] [PM 6:32:39] [INFO] [v0.3.30] HarvestSession state change: Approving -> Executing
[SYNAPSE] [PM 6:32:39] [INFO] [v0.3.30] HarvestSession state change: Executing -> Harvesting
[SYNAPSE] [PM 6:32:39] [INFO] [v0.3.30] Harvest starting: Processing 1 approved files
[SYNAPSE] [PM 6:32:39] [WARN] [v0.3.30] Harvest rejected: Invalid clientUsername format 'undefined'
[SYNAPSE] [PM 6:32:39] [INFO] [v0.3.30] Harvest complete: 0 files, 0 folders
[SYNAPSE] [PM 6:32:39] [WARN] [v0.3.30] HarvestSession transition failed: expected Executing, current is Harvesting
[SYNAPSE] [PM 6:32:39] [INFO] [v0.3.30] HarvestSession state change: Harvesting -> Unlocked
SyntaxError: Unexpected token 'n', "null" is not valid JSON
    at JSON.parse (<anonymous>)
    at createStrictSyntaxError (/home/dogsinatas/TypeScript_project/antigravity-extension-vis/node_modules/body-parser/lib/types/json.js:109:10)
    at parse (/home/dogsinatas/TypeScript_project/antigravity-extension-vis/node_modules/body-parser/lib/types/json.js:66:15)
    at /home/dogsinatas/TypeScript_project/antigravity-extension-vis/node_modules/body-parser/lib/read.js:162:18
    at AsyncResource.runInAsyncScope (node:async_hooks:227:14)
    at invokeCallback (/home/dogsinatas/TypeScript_project/antigravity-extension-vis/node_modules/raw-body/index.js:238:16)
    at done (/home/dogsinatas/TypeScript_project/antigravity-extension-vis/node_modules/raw-body/index.js:227:7)
    at IncomingMessage.onEnd (/home/dogsinatas/TypeScript_project/antigravity-extension-vis/node_modules/raw-body/index.js:287:7)
    at IncomingMessage.emit (node:events:509:28)
    at IncomingMessage.emit (node:domain:489:12)
[SYNAPSE] [PM 6:33:09] [INFO] [v0.3.30] HarvestSession state change: Unlocked -> Locked
[SYNAPSE] [PM 6:33:09] [INFO] [v0.3.30] HarvestSession state change: Locked -> Comparing
[SYNAPSE] [PM 6:33:09] [WARN] [v0.3.30] CompareEngine: Failed to get hashes for soak_client - Client is not connected
[SYNAPSE] [PM 6:33:09] [INFO] [v0.3.30] CompareEngine: Found 0 differences
[SYNAPSE] [PM 6:33:09] [INFO] [v0.3.30] HarvestSession state change: Comparing -> Approving
[SYNAPSE] [PM 6:33:09] [INFO] [v0.3.30] HarvestSession state change: Approving -> Executing
[SYNAPSE] [PM 6:33:09] [INFO] [v0.3.30] HarvestSession state change: Executing -> Harvesting
[SYNAPSE] [PM 6:33:09] [INFO] [v0.3.30] Harvest starting: Processing 1 approved files
[SYNAPSE] [PM 6:33:09] [WARN] [v0.3.30] Harvest rejected: Invalid clientUsername format 'undefined'
[SYNAPSE] [PM 6:33:09] [INFO] [v0.3.30] Harvest complete: 0 files, 0 folders
[SYNAPSE] [PM 6:33:09] [WARN] [v0.3.30] HarvestSession transition failed: expected Executing, current is Harvesting
[SYNAPSE] [PM 6:33:09] [INFO] [v0.3.30] HarvestSession state change: Harvesting -> Unlocked
[SYNAPSE] [PM 6:33:39] [INFO] [v0.3.30] HarvestSession state change: Unlocked -> Locked
[SYNAPSE] [PM 6:33:39] [INFO] [v0.3.30] HarvestSession state change: Locked -> Comparing
[SYNAPSE] [PM 6:33:39] [WARN] [v0.3.30] CompareEngine: Failed to get hashes for soak_client - Client is not connected
[SYNAPSE] [PM 6:33:39] [INFO] [v0.3.30] CompareEngine: Found 0 differences
[SYNAPSE] [PM 6:33:39] [INFO] [v0.3.30] HarvestSession state change: Comparing -> Approving
[SYNAPSE] [PM 6:33:39] [INFO] [v0.3.30] HarvestSession state change: Approving -> Executing
[SYNAPSE] [PM 6:33:39] [INFO] [v0.3.30] HarvestSession state change: Executing -> Harvesting
[SYNAPSE] [PM 6:33:39] [INFO] [v0.3.30] Harvest starting: Processing 1 approved files
[SYNAPSE] [PM 6:33:39] [WARN] [v0.3.30] Harvest rejected: Invalid clientUsername format 'undefined'
[SYNAPSE] [PM 6:33:39] [INFO] [v0.3.30] Harvest complete: 0 files, 0 folders
[SYNAPSE] [PM 6:33:39] [WARN] [v0.3.30] HarvestSession transition failed: expected Executing, current is Harvesting
[SYNAPSE] [PM 6:33:39] [INFO] [v0.3.30] HarvestSession state change: Harvesting -> Unlocked
SyntaxError: Unexpected token 'n', "null" is not valid JSON
    at JSON.parse (<anonymous>)
    at createStrictSyntaxError (/home/dogsinatas/TypeScript_project/antigravity-extension-vis/node_modules/body-parser/lib/types/json.js:109:10)
    at parse (/home/dogsinatas/TypeScript_project/antigravity-extension-vis/node_modules/body-parser/lib/types/json.js:66:15)
    at /home/dogsinatas/TypeScript_project/antigravity-extension-vis/node_modules/body-parser/lib/read.js:162:18
    at AsyncResource.runInAsyncScope (node:async_hooks:227:14)
    at invokeCallback (/home/dogsinatas/TypeScript_project/antigravity-extension-vis/node_modules/raw-body/index.js:238:16)
    at done (/home/dogsinatas/TypeScript_project/antigravity-extension-vis/node_modules/raw-body/index.js:227:7)
    at IncomingMessage.onEnd (/home/dogsinatas/TypeScript_project/antigravity-extension-vis/node_modules/raw-body/index.js:287:7)
    at IncomingMessage.emit (node:events:509:28)
    at IncomingMessage.emit (node:domain:489:12)
[SYNAPSE] [PM 6:34:09] [INFO] [v0.3.30] HarvestSession state change: Unlocked -> Locked
[SYNAPSE] [PM 6:34:09] [INFO] [v0.3.30] HarvestSession state change: Locked -> Comparing
[SYNAPSE] [PM 6:34:09] [WARN] [v0.3.30] CompareEngine: Failed to get hashes for soak_client - Client is not connected
[SYNAPSE] [PM 6:34:09] [INFO] [v0.3.30] CompareEngine: Found 0 differences
[SYNAPSE] [PM 6:34:09] [INFO] [v0.3.30] HarvestSession state change: Comparing -> Approving
[SYNAPSE] [PM 6:34:09] [INFO] [v0.3.30] HarvestSession state change: Approving -> Executing
[SYNAPSE] [PM 6:34:09] [INFO] [v0.3.30] HarvestSession state change: Executing -> Harvesting
[SYNAPSE] [PM 6:34:09] [INFO] [v0.3.30] Harvest starting: Processing 1 approved files
[SYNAPSE] [PM 6:34:09] [WARN] [v0.3.30] Harvest rejected: Invalid clientUsername format 'undefined'
[SYNAPSE] [PM 6:34:09] [INFO] [v0.3.30] Harvest complete: 0 files, 0 folders
[SYNAPSE] [PM 6:34:09] [WARN] [v0.3.30] HarvestSession transition failed: expected Executing, current is Harvesting
[SYNAPSE] [PM 6:34:09] [INFO] [v0.3.30] HarvestSession state change: Harvesting -> Unlocked
[SYNAPSE] [PM 6:34:39] [INFO] [v0.3.30] HarvestSession state change: Unlocked -> Locked
[SYNAPSE] [PM 6:34:39] [INFO] [v0.3.30] HarvestSession state change: Locked -> Comparing
[SYNAPSE] [PM 6:34:39] [WARN] [v0.3.30] CompareEngine: Failed to get hashes for soak_client - Client is not connected
[SYNAPSE] [PM 6:34:39] [INFO] [v0.3.30] CompareEngine: Found 0 differences
[SYNAPSE] [PM 6:34:39] [INFO] [v0.3.30] HarvestSession state change: Comparing -> Approving
[SYNAPSE] [PM 6:34:39] [INFO] [v0.3.30] HarvestSession state change: Approving -> Executing
[SYNAPSE] [PM 6:34:39] [INFO] [v0.3.30] HarvestSession state change: Executing -> Harvesting
[SYNAPSE] [PM 6:34:39] [INFO] [v0.3.30] Harvest starting: Processing 1 approved files
[SYNAPSE] [PM 6:34:39] [WARN] [v0.3.30] Harvest rejected: Invalid clientUsername format 'undefined'
[SYNAPSE] [PM 6:34:39] [INFO] [v0.3.30] Harvest complete: 0 files, 0 folders
[SYNAPSE] [PM 6:34:39] [WARN] [v0.3.30] HarvestSession transition failed: expected Executing, current is Harvesting
[SYNAPSE] [PM 6:34:39] [INFO] [v0.3.30] HarvestSession state change: Harvesting -> Unlocked
SyntaxError: Unexpected token 'n', "null" is not valid JSON
    at JSON.parse (<anonymous>)
    at createStrictSyntaxError (/home/dogsinatas/TypeScript_project/antigravity-extension-vis/node_modules/body-parser/lib/types/json.js:109:10)
    at parse (/home/dogsinatas/TypeScript_project/antigravity-extension-vis/node_modules/body-parser/lib/types/json.js:66:15)
    at /home/dogsinatas/TypeScript_project/antigravity-extension-vis/node_modules/body-parser/lib/read.js:162:18
    at AsyncResource.runInAsyncScope (node:async_hooks:227:14)
    at invokeCallback (/home/dogsinatas/TypeScript_project/antigravity-extension-vis/node_modules/raw-body/index.js:238:16)
    at done (/home/dogsinatas/TypeScript_project/antigravity-extension-vis/node_modules/raw-body/index.js:227:7)
    at IncomingMessage.onEnd (/home/dogsinatas/TypeScript_project/antigravity-extension-vis/node_modules/raw-body/index.js:287:7)
    at IncomingMessage.emit (node:events:509:28)
    at IncomingMessage.emit (node:domain:489:12)
[SYNAPSE] [PM 6:35:09] [INFO] [v0.3.30] HarvestSession state change: Unlocked -> Locked
[SYNAPSE] [PM 6:35:09] [INFO] [v0.3.30] HarvestSession state change: Locked -> Comparing
[SYNAPSE] [PM 6:35:09] [WARN] [v0.3.30] CompareEngine: Failed to get hashes for soak_client - Client is not connected
[SYNAPSE] [PM 6:35:09] [INFO] [v0.3.30] CompareEngine: Found 0 differences
[SYNAPSE] [PM 6:35:09] [INFO] [v0.3.30] HarvestSession state change: Comparing -> Approving
[SYNAPSE] [PM 6:35:09] [INFO] [v0.3.30] HarvestSession state change: Approving -> Executing
[SYNAPSE] [PM 6:35:09] [INFO] [v0.3.30] HarvestSession state change: Executing -> Harvesting
[SYNAPSE] [PM 6:35:09] [INFO] [v0.3.30] Harvest starting: Processing 1 approved files
[SYNAPSE] [PM 6:35:09] [WARN] [v0.3.30] Harvest rejected: Invalid clientUsername format 'undefined'
[SYNAPSE] [PM 6:35:09] [INFO] [v0.3.30] Harvest complete: 0 files, 0 folders
[SYNAPSE] [PM 6:35:09] [WARN] [v0.3.30] HarvestSession transition failed: expected Executing, current is Harvesting
[SYNAPSE] [PM 6:35:09] [INFO] [v0.3.30] HarvestSession state change: Harvesting -> Unlocked
[SYNAPSE] [PM 6:35:39] [INFO] [v0.3.30] HarvestSession state change: Unlocked -> Locked
[SYNAPSE] [PM 6:35:39] [INFO] [v0.3.30] HarvestSession state change: Locked -> Comparing
[SYNAPSE] [PM 6:35:39] [WARN] [v0.3.30] CompareEngine: Failed to get hashes for soak_client - Client is not connected
[SYNAPSE] [PM 6:35:39] [INFO] [v0.3.30] CompareEngine: Found 0 differences
[SYNAPSE] [PM 6:35:39] [INFO] [v0.3.30] HarvestSession state change: Comparing -> Approving
[SYNAPSE] [PM 6:35:39] [INFO] [v0.3.30] HarvestSession state change: Approving -> Executing
[SYNAPSE] [PM 6:35:39] [INFO] [v0.3.30] HarvestSession state change: Executing -> Harvesting
[SYNAPSE] [PM 6:35:39] [INFO] [v0.3.30] Harvest starting: Processing 1 approved files
[SYNAPSE] [PM 6:35:39] [WARN] [v0.3.30] Harvest rejected: Invalid clientUsername format 'undefined'
[SYNAPSE] [PM 6:35:39] [INFO] [v0.3.30] Harvest complete: 0 files, 0 folders
[SYNAPSE] [PM 6:35:39] [WARN] [v0.3.30] HarvestSession transition failed: expected Executing, current is Harvesting
[SYNAPSE] [PM 6:35:39] [INFO] [v0.3.30] HarvestSession state change: Harvesting -> Unlocked
SyntaxError: Unexpected token 'n', "null" is not valid JSON
    at JSON.parse (<anonymous>)
    at createStrictSyntaxError (/home/dogsinatas/TypeScript_project/antigravity-extension-vis/node_modules/body-parser/lib/types/json.js:109:10)
    at parse (/home/dogsinatas/TypeScript_project/antigravity-extension-vis/node_modules/body-parser/lib/types/json.js:66:15)
    at /home/dogsinatas/TypeScript_project/antigravity-extension-vis/node_modules/body-parser/lib/read.js:162:18
    at AsyncResource.runInAsyncScope (node:async_hooks:227:14)
    at invokeCallback (/home/dogsinatas/TypeScript_project/antigravity-extension-vis/node_modules/raw-body/index.js:238:16)
    at done (/home/dogsinatas/TypeScript_project/antigravity-extension-vis/node_modules/raw-body/index.js:227:7)
    at IncomingMessage.onEnd (/home/dogsinatas/TypeScript_project/antigravity-extension-vis/node_modules/raw-body/index.js:287:7)
    at IncomingMessage.emit (node:events:509:28)
    at IncomingMessage.emit (node:domain:489:12)
[SYNAPSE] [PM 6:36:09] [INFO] [v0.3.30] HarvestSession state change: Unlocked -> Locked
[SYNAPSE] [PM 6:36:09] [INFO] [v0.3.30] HarvestSession state change: Locked -> Comparing
[SYNAPSE] [PM 6:36:09] [WARN] [v0.3.30] CompareEngine: Failed to get hashes for soak_client - Client is not connected
[SYNAPSE] [PM 6:36:09] [INFO] [v0.3.30] CompareEngine: Found 0 differences
[SYNAPSE] [PM 6:36:09] [INFO] [v0.3.30] HarvestSession state change: Comparing -> Approving
[SYNAPSE] [PM 6:36:09] [INFO] [v0.3.30] HarvestSession state change: Approving -> Executing
[SYNAPSE] [PM 6:36:09] [INFO] [v0.3.30] HarvestSession state change: Executing -> Harvesting
[SYNAPSE] [PM 6:36:09] [INFO] [v0.3.30] Harvest starting: Processing 1 approved files
[SYNAPSE] [PM 6:36:09] [WARN] [v0.3.30] Harvest rejected: Invalid clientUsername format 'undefined'
[SYNAPSE] [PM 6:36:09] [INFO] [v0.3.30] Harvest complete: 0 files, 0 folders
[SYNAPSE] [PM 6:36:09] [WARN] [v0.3.30] HarvestSession transition failed: expected Executing, current is Harvesting
[SYNAPSE] [PM 6:36:09] [INFO] [v0.3.30] HarvestSession state change: Harvesting -> Unlocked
[SYNAPSE] [PM 6:36:39] [INFO] [v0.3.30] HarvestSession state change: Unlocked -> Locked
[SYNAPSE] [PM 6:36:39] [INFO] [v0.3.30] HarvestSession state change: Locked -> Comparing
[SYNAPSE] [PM 6:36:39] [WARN] [v0.3.30] CompareEngine: Failed to get hashes for soak_client - Client is not connected
[SYNAPSE] [PM 6:36:39] [INFO] [v0.3.30] CompareEngine: Found 0 differences
[SYNAPSE] [PM 6:36:39] [INFO] [v0.3.30] HarvestSession state change: Comparing -> Approving
[SYNAPSE] [PM 6:36:39] [INFO] [v0.3.30] HarvestSession state change: Approving -> Executing
[SYNAPSE] [PM 6:36:39] [INFO] [v0.3.30] HarvestSession state change: Executing -> Harvesting
[SYNAPSE] [PM 6:36:39] [INFO] [v0.3.30] Harvest starting: Processing 1 approved files
[SYNAPSE] [PM 6:36:39] [WARN] [v0.3.30] Harvest rejected: Invalid clientUsername format 'undefined'
[SYNAPSE] [PM 6:36:39] [INFO] [v0.3.30] Harvest complete: 0 files, 0 folders
[SYNAPSE] [PM 6:36:39] [WARN] [v0.3.30] HarvestSession transition failed: expected Executing, current is Harvesting
[SYNAPSE] [PM 6:36:39] [INFO] [v0.3.30] HarvestSession state change: Harvesting -> Unlocked
SyntaxError: Unexpected token 'n', "null" is not valid JSON
    at JSON.parse (<anonymous>)
    at createStrictSyntaxError (/home/dogsinatas/TypeScript_project/antigravity-extension-vis/node_modules/body-parser/lib/types/json.js:109:10)
    at parse (/home/dogsinatas/TypeScript_project/antigravity-extension-vis/node_modules/body-parser/lib/types/json.js:66:15)
    at /home/dogsinatas/TypeScript_project/antigravity-extension-vis/node_modules/body-parser/lib/read.js:162:18
    at AsyncResource.runInAsyncScope (node:async_hooks:227:14)
    at invokeCallback (/home/dogsinatas/TypeScript_project/antigravity-extension-vis/node_modules/raw-body/index.js:238:16)
    at done (/home/dogsinatas/TypeScript_project/antigravity-extension-vis/node_modules/raw-body/index.js:227:7)
    at IncomingMessage.onEnd (/home/dogsinatas/TypeScript_project/antigravity-extension-vis/node_modules/raw-body/index.js:287:7)
    at IncomingMessage.emit (node:events:509:28)
    at IncomingMessage.emit (node:domain:489:12)
[SYNAPSE] [PM 6:37:09] [INFO] [v0.3.30] HarvestSession state change: Unlocked -> Locked
[SYNAPSE] [PM 6:37:09] [INFO] [v0.3.30] HarvestSession state change: Locked -> Comparing
[SYNAPSE] [PM 6:37:09] [WARN] [v0.3.30] CompareEngine: Failed to get hashes for soak_client - Client is not connected
[SYNAPSE] [PM 6:37:09] [INFO] [v0.3.30] CompareEngine: Found 0 differences
[SYNAPSE] [PM 6:37:09] [INFO] [v0.3.30] HarvestSession state change: Comparing -> Approving
[SYNAPSE] [PM 6:37:09] [INFO] [v0.3.30] HarvestSession state change: Approving -> Executing
[SYNAPSE] [PM 6:37:09] [INFO] [v0.3.30] HarvestSession state change: Executing -> Harvesting
[SYNAPSE] [PM 6:37:09] [INFO] [v0.3.30] Harvest starting: Processing 1 approved files
[SYNAPSE] [PM 6:37:09] [WARN] [v0.3.30] Harvest rejected: Invalid clientUsername format 'undefined'
[SYNAPSE] [PM 6:37:09] [INFO] [v0.3.30] Harvest complete: 0 files, 0 folders
[SYNAPSE] [PM 6:37:09] [WARN] [v0.3.30] HarvestSession transition failed: expected Executing, current is Harvesting
[SYNAPSE] [PM 6:37:09] [INFO] [v0.3.30] HarvestSession state change: Harvesting -> Unlocked
[SYNAPSE] [PM 6:37:39] [INFO] [v0.3.30] HarvestSession state change: Unlocked -> Locked
[SYNAPSE] [PM 6:37:39] [INFO] [v0.3.30] HarvestSession state change: Locked -> Comparing
[SYNAPSE] [PM 6:37:39] [WARN] [v0.3.30] CompareEngine: Failed to get hashes for soak_client - Client is not connected
[SYNAPSE] [PM 6:37:39] [INFO] [v0.3.30] CompareEngine: Found 0 differences
[SYNAPSE] [PM 6:37:39] [INFO] [v0.3.30] HarvestSession state change: Comparing -> Approving
[SYNAPSE] [PM 6:37:39] [INFO] [v0.3.30] HarvestSession state change: Approving -> Executing
[SYNAPSE] [PM 6:37:39] [INFO] [v0.3.30] HarvestSession state change: Executing -> Harvesting
[SYNAPSE] [PM 6:37:39] [INFO] [v0.3.30] Harvest starting: Processing 1 approved files
[SYNAPSE] [PM 6:37:39] [WARN] [v0.3.30] Harvest rejected: Invalid clientUsername format 'undefined'
[SYNAPSE] [PM 6:37:39] [INFO] [v0.3.30] Harvest complete: 0 files, 0 folders
[SYNAPSE] [PM 6:37:39] [WARN] [v0.3.30] HarvestSession transition failed: expected Executing, current is Harvesting
[SYNAPSE] [PM 6:37:39] [INFO] [v0.3.30] HarvestSession state change: Harvesting -> Unlocked
SyntaxError: Unexpected token 'n', "null" is not valid JSON
    at JSON.parse (<anonymous>)
    at createStrictSyntaxError (/home/dogsinatas/TypeScript_project/antigravity-extension-vis/node_modules/body-parser/lib/types/json.js:109:10)
    at parse (/home/dogsinatas/TypeScript_project/antigravity-extension-vis/node_modules/body-parser/lib/types/json.js:66:15)
    at /home/dogsinatas/TypeScript_project/antigravity-extension-vis/node_modules/body-parser/lib/read.js:162:18
    at AsyncResource.runInAsyncScope (node:async_hooks:227:14)
    at invokeCallback (/home/dogsinatas/TypeScript_project/antigravity-extension-vis/node_modules/raw-body/index.js:238:16)
    at done (/home/dogsinatas/TypeScript_project/antigravity-extension-vis/node_modules/raw-body/index.js:227:7)
    at IncomingMessage.onEnd (/home/dogsinatas/TypeScript_project/antigravity-extension-vis/node_modules/raw-body/index.js:287:7)
    at IncomingMessage.emit (node:events:509:28)
    at IncomingMessage.emit (node:domain:489:12)
[SYNAPSE] [PM 6:38:09] [INFO] [v0.3.30] HarvestSession state change: Unlocked -> Locked
[SYNAPSE] [PM 6:38:09] [INFO] [v0.3.30] HarvestSession state change: Locked -> Comparing
[SYNAPSE] [PM 6:38:09] [WARN] [v0.3.30] CompareEngine: Failed to get hashes for soak_client - Client is not connected
[SYNAPSE] [PM 6:38:09] [INFO] [v0.3.30] CompareEngine: Found 0 differences
[SYNAPSE] [PM 6:38:09] [INFO] [v0.3.30] HarvestSession state change: Comparing -> Approving
[SYNAPSE] [PM 6:38:09] [INFO] [v0.3.30] HarvestSession state change: Approving -> Executing
[SYNAPSE] [PM 6:38:09] [INFO] [v0.3.30] HarvestSession state change: Executing -> Harvesting
[SYNAPSE] [PM 6:38:09] [INFO] [v0.3.30] Harvest starting: Processing 1 approved files
[SYNAPSE] [PM 6:38:09] [WARN] [v0.3.30] Harvest rejected: Invalid clientUsername format 'undefined'
[SYNAPSE] [PM 6:38:09] [INFO] [v0.3.30] Harvest complete: 0 files, 0 folders
[SYNAPSE] [PM 6:38:09] [WARN] [v0.3.30] HarvestSession transition failed: expected Executing, current is Harvesting
[SYNAPSE] [PM 6:38:09] [INFO] [v0.3.30] HarvestSession state change: Harvesting -> Unlocked
[SYNAPSE] [PM 6:38:39] [INFO] [v0.3.30] HarvestSession state change: Unlocked -> Locked
[SYNAPSE] [PM 6:38:39] [INFO] [v0.3.30] HarvestSession state change: Locked -> Comparing
[SYNAPSE] [PM 6:38:39] [WARN] [v0.3.30] CompareEngine: Failed to get hashes for soak_client - Client is not connected
[SYNAPSE] [PM 6:38:39] [INFO] [v0.3.30] CompareEngine: Found 0 differences
[SYNAPSE] [PM 6:38:39] [INFO] [v0.3.30] HarvestSession state change: Comparing -> Approving
[SYNAPSE] [PM 6:38:39] [INFO] [v0.3.30] HarvestSession state change: Approving -> Executing
[SYNAPSE] [PM 6:38:39] [INFO] [v0.3.30] HarvestSession state change: Executing -> Harvesting
[SYNAPSE] [PM 6:38:39] [INFO] [v0.3.30] Harvest starting: Processing 1 approved files
[SYNAPSE] [PM 6:38:39] [WARN] [v0.3.30] Harvest rejected: Invalid clientUsername format 'undefined'
[SYNAPSE] [PM 6:38:39] [INFO] [v0.3.30] Harvest complete: 0 files, 0 folders
[SYNAPSE] [PM 6:38:39] [WARN] [v0.3.30] HarvestSession transition failed: expected Executing, current is Harvesting
[SYNAPSE] [PM 6:38:39] [INFO] [v0.3.30] HarvestSession state change: Harvesting -> Unlocked
SyntaxError: Unexpected token 'n', "null" is not valid JSON
    at JSON.parse (<anonymous>)
    at createStrictSyntaxError (/home/dogsinatas/TypeScript_project/antigravity-extension-vis/node_modules/body-parser/lib/types/json.js:109:10)
    at parse (/home/dogsinatas/TypeScript_project/antigravity-extension-vis/node_modules/body-parser/lib/types/json.js:66:15)
    at /home/dogsinatas/TypeScript_project/antigravity-extension-vis/node_modules/body-parser/lib/read.js:162:18
    at AsyncResource.runInAsyncScope (node:async_hooks:227:14)
    at invokeCallback (/home/dogsinatas/TypeScript_project/antigravity-extension-vis/node_modules/raw-body/index.js:238:16)
    at done (/home/dogsinatas/TypeScript_project/antigravity-extension-vis/node_modules/raw-body/index.js:227:7)
    at IncomingMessage.onEnd (/home/dogsinatas/TypeScript_project/antigravity-extension-vis/node_modules/raw-body/index.js:287:7)
    at IncomingMessage.emit (node:events:509:28)
    at IncomingMessage.emit (node:domain:489:12)
[SYNAPSE] [PM 6:39:09] [INFO] [v0.3.30] HarvestSession state change: Unlocked -> Locked
[SYNAPSE] [PM 6:39:09] [INFO] [v0.3.30] HarvestSession state change: Locked -> Comparing
[SYNAPSE] [PM 6:39:09] [WARN] [v0.3.30] CompareEngine: Failed to get hashes for soak_client - Client is not connected
[SYNAPSE] [PM 6:39:09] [INFO] [v0.3.30] CompareEngine: Found 0 differences
[SYNAPSE] [PM 6:39:09] [INFO] [v0.3.30] HarvestSession state change: Comparing -> Approving
[SYNAPSE] [PM 6:39:09] [INFO] [v0.3.30] HarvestSession state change: Approving -> Executing
[SYNAPSE] [PM 6:39:09] [INFO] [v0.3.30] HarvestSession state change: Executing -> Harvesting
[SYNAPSE] [PM 6:39:09] [INFO] [v0.3.30] Harvest starting: Processing 1 approved files
[SYNAPSE] [PM 6:39:09] [WARN] [v0.3.30] Harvest rejected: Invalid clientUsername format 'undefined'
[SYNAPSE] [PM 6:39:09] [INFO] [v0.3.30] Harvest complete: 0 files, 0 folders
[SYNAPSE] [PM 6:39:09] [WARN] [v0.3.30] HarvestSession transition failed: expected Executing, current is Harvesting
[SYNAPSE] [PM 6:39:09] [INFO] [v0.3.30] HarvestSession state change: Harvesting -> Unlocked
[SYNAPSE] [PM 6:39:39] [INFO] [v0.3.30] HarvestSession state change: Unlocked -> Locked
[SYNAPSE] [PM 6:39:39] [INFO] [v0.3.30] HarvestSession state change: Locked -> Comparing
[SYNAPSE] [PM 6:39:39] [WARN] [v0.3.30] CompareEngine: Failed to get hashes for soak_client - Client is not connected
[SYNAPSE] [PM 6:39:39] [INFO] [v0.3.30] CompareEngine: Found 0 differences
[SYNAPSE] [PM 6:39:39] [INFO] [v0.3.30] HarvestSession state change: Comparing -> Approving
[SYNAPSE] [PM 6:39:39] [INFO] [v0.3.30] HarvestSession state change: Approving -> Executing
[SYNAPSE] [PM 6:39:39] [INFO] [v0.3.30] HarvestSession state change: Executing -> Harvesting
[SYNAPSE] [PM 6:39:39] [INFO] [v0.3.30] Harvest starting: Processing 1 approved files
[SYNAPSE] [PM 6:39:39] [WARN] [v0.3.30] Harvest rejected: Invalid clientUsername format 'undefined'
[SYNAPSE] [PM 6:39:39] [INFO] [v0.3.30] Harvest complete: 0 files, 0 folders
[SYNAPSE] [PM 6:39:39] [WARN] [v0.3.30] HarvestSession transition failed: expected Executing, current is Harvesting
[SYNAPSE] [PM 6:39:39] [INFO] [v0.3.30] HarvestSession state change: Harvesting -> Unlocked
SyntaxError: Unexpected token 'n', "null" is not valid JSON
    at JSON.parse (<anonymous>)
    at createStrictSyntaxError (/home/dogsinatas/TypeScript_project/antigravity-extension-vis/node_modules/body-parser/lib/types/json.js:109:10)
    at parse (/home/dogsinatas/TypeScript_project/antigravity-extension-vis/node_modules/body-parser/lib/types/json.js:66:15)
    at /home/dogsinatas/TypeScript_project/antigravity-extension-vis/node_modules/body-parser/lib/read.js:162:18
    at AsyncResource.runInAsyncScope (node:async_hooks:227:14)
    at invokeCallback (/home/dogsinatas/TypeScript_project/antigravity-extension-vis/node_modules/raw-body/index.js:238:16)
    at done (/home/dogsinatas/TypeScript_project/antigravity-extension-vis/node_modules/raw-body/index.js:227:7)
    at IncomingMessage.onEnd (/home/dogsinatas/TypeScript_project/antigravity-extension-vis/node_modules/raw-body/index.js:287:7)
    at IncomingMessage.emit (node:events:509:28)
    at IncomingMessage.emit (node:domain:489:12)
[SYNAPSE] [PM 6:40:09] [INFO] [v0.3.30] HarvestSession state change: Unlocked -> Locked
[SYNAPSE] [PM 6:40:09] [INFO] [v0.3.30] HarvestSession state change: Locked -> Comparing
[SYNAPSE] [PM 6:40:09] [WARN] [v0.3.30] CompareEngine: Failed to get hashes for soak_client - Client is not connected
[SYNAPSE] [PM 6:40:09] [INFO] [v0.3.30] CompareEngine: Found 0 differences
[SYNAPSE] [PM 6:40:09] [INFO] [v0.3.30] HarvestSession state change: Comparing -> Approving
[SYNAPSE] [PM 6:40:09] [INFO] [v0.3.30] HarvestSession state change: Approving -> Executing
[SYNAPSE] [PM 6:40:09] [INFO] [v0.3.30] HarvestSession state change: Executing -> Harvesting
[SYNAPSE] [PM 6:40:09] [INFO] [v0.3.30] Harvest starting: Processing 1 approved files
[SYNAPSE] [PM 6:40:09] [WARN] [v0.3.30] Harvest rejected: Invalid clientUsername format 'undefined'
[SYNAPSE] [PM 6:40:09] [INFO] [v0.3.30] Harvest complete: 0 files, 0 folders
[SYNAPSE] [PM 6:40:09] [WARN] [v0.3.30] HarvestSession transition failed: expected Executing, current is Harvesting
[SYNAPSE] [PM 6:40:09] [INFO] [v0.3.30] HarvestSession state change: Harvesting -> Unlocked
[SYNAPSE] [PM 6:40:39] [INFO] [v0.3.30] HarvestSession state change: Unlocked -> Locked
[SYNAPSE] [PM 6:40:39] [INFO] [v0.3.30] HarvestSession state change: Locked -> Comparing
[SYNAPSE] [PM 6:40:39] [WARN] [v0.3.30] CompareEngine: Failed to get hashes for soak_client - Client is not connected
[SYNAPSE] [PM 6:40:39] [INFO] [v0.3.30] CompareEngine: Found 0 differences
[SYNAPSE] [PM 6:40:39] [INFO] [v0.3.30] HarvestSession state change: Comparing -> Approving
[SYNAPSE] [PM 6:40:39] [INFO] [v0.3.30] HarvestSession state change: Approving -> Executing
[SYNAPSE] [PM 6:40:39] [INFO] [v0.3.30] HarvestSession state change: Executing -> Harvesting
[SYNAPSE] [PM 6:40:39] [INFO] [v0.3.30] Harvest starting: Processing 1 approved files
[SYNAPSE] [PM 6:40:39] [WARN] [v0.3.30] Harvest rejected: Invalid clientUsername format 'undefined'
[SYNAPSE] [PM 6:40:39] [INFO] [v0.3.30] Harvest complete: 0 files, 0 folders
[SYNAPSE] [PM 6:40:39] [WARN] [v0.3.30] HarvestSession transition failed: expected Executing, current is Harvesting
[SYNAPSE] [PM 6:40:39] [INFO] [v0.3.30] HarvestSession state change: Harvesting -> Unlocked
SyntaxError: Unexpected token 'n', "null" is not valid JSON
    at JSON.parse (<anonymous>)
    at createStrictSyntaxError (/home/dogsinatas/TypeScript_project/antigravity-extension-vis/node_modules/body-parser/lib/types/json.js:109:10)
    at parse (/home/dogsinatas/TypeScript_project/antigravity-extension-vis/node_modules/body-parser/lib/types/json.js:66:15)
    at /home/dogsinatas/TypeScript_project/antigravity-extension-vis/node_modules/body-parser/lib/read.js:162:18
    at AsyncResource.runInAsyncScope (node:async_hooks:227:14)
    at invokeCallback (/home/dogsinatas/TypeScript_project/antigravity-extension-vis/node_modules/raw-body/index.js:238:16)
    at done (/home/dogsinatas/TypeScript_project/antigravity-extension-vis/node_modules/raw-body/index.js:227:7)
    at IncomingMessage.onEnd (/home/dogsinatas/TypeScript_project/antigravity-extension-vis/node_modules/raw-body/index.js:287:7)
    at IncomingMessage.emit (node:events:509:28)
    at IncomingMessage.emit (node:domain:489:12)
[SYNAPSE] [PM 6:41:09] [INFO] [v0.3.30] HarvestSession state change: Unlocked -> Locked
[SYNAPSE] [PM 6:41:09] [INFO] [v0.3.30] HarvestSession state change: Locked -> Comparing
[SYNAPSE] [PM 6:41:09] [WARN] [v0.3.30] CompareEngine: Failed to get hashes for soak_client - Client is not connected
[SYNAPSE] [PM 6:41:09] [INFO] [v0.3.30] CompareEngine: Found 0 differences
[SYNAPSE] [PM 6:41:09] [INFO] [v0.3.30] HarvestSession state change: Comparing -> Approving
[SYNAPSE] [PM 6:41:09] [INFO] [v0.3.30] HarvestSession state change: Approving -> Executing
[SYNAPSE] [PM 6:41:09] [INFO] [v0.3.30] HarvestSession state change: Executing -> Harvesting
[SYNAPSE] [PM 6:41:09] [INFO] [v0.3.30] Harvest starting: Processing 1 approved files
[SYNAPSE] [PM 6:41:09] [WARN] [v0.3.30] Harvest rejected: Invalid clientUsername format 'undefined'
[SYNAPSE] [PM 6:41:09] [INFO] [v0.3.30] Harvest complete: 0 files, 0 folders
[SYNAPSE] [PM 6:41:09] [WARN] [v0.3.30] HarvestSession transition failed: expected Executing, current is Harvesting
[SYNAPSE] [PM 6:41:09] [INFO] [v0.3.30] HarvestSession state change: Harvesting -> Unlocked
[SYNAPSE] [PM 6:41:39] [INFO] [v0.3.30] HarvestSession state change: Unlocked -> Locked
[SYNAPSE] [PM 6:41:39] [INFO] [v0.3.30] HarvestSession state change: Locked -> Comparing
[SYNAPSE] [PM 6:41:39] [WARN] [v0.3.30] CompareEngine: Failed to get hashes for soak_client - Client is not connected
[SYNAPSE] [PM 6:41:39] [INFO] [v0.3.30] CompareEngine: Found 0 differences
[SYNAPSE] [PM 6:41:39] [INFO] [v0.3.30] HarvestSession state change: Comparing -> Approving
[SYNAPSE] [PM 6:41:39] [INFO] [v0.3.30] HarvestSession state change: Approving -> Executing
[SYNAPSE] [PM 6:41:39] [INFO] [v0.3.30] HarvestSession state change: Executing -> Harvesting
[SYNAPSE] [PM 6:41:39] [INFO] [v0.3.30] Harvest starting: Processing 1 approved files
[SYNAPSE] [PM 6:41:39] [WARN] [v0.3.30] Harvest rejected: Invalid clientUsername format 'undefined'
[SYNAPSE] [PM 6:41:39] [INFO] [v0.3.30] Harvest complete: 0 files, 0 folders
[SYNAPSE] [PM 6:41:39] [WARN] [v0.3.30] HarvestSession transition failed: expected Executing, current is Harvesting
[SYNAPSE] [PM 6:41:39] [INFO] [v0.3.30] HarvestSession state change: Harvesting -> Unlocked
SyntaxError: Unexpected token 'n', "null" is not valid JSON
    at JSON.parse (<anonymous>)
    at createStrictSyntaxError (/home/dogsinatas/TypeScript_project/antigravity-extension-vis/node_modules/body-parser/lib/types/json.js:109:10)
    at parse (/home/dogsinatas/TypeScript_project/antigravity-extension-vis/node_modules/body-parser/lib/types/json.js:66:15)
    at /home/dogsinatas/TypeScript_project/antigravity-extension-vis/node_modules/body-parser/lib/read.js:162:18
    at AsyncResource.runInAsyncScope (node:async_hooks:227:14)
    at invokeCallback (/home/dogsinatas/TypeScript_project/antigravity-extension-vis/node_modules/raw-body/index.js:238:16)
    at done (/home/dogsinatas/TypeScript_project/antigravity-extension-vis/node_modules/raw-body/index.js:227:7)
    at IncomingMessage.onEnd (/home/dogsinatas/TypeScript_project/antigravity-extension-vis/node_modules/raw-body/index.js:287:7)
    at IncomingMessage.emit (node:events:509:28)
    at IncomingMessage.emit (node:domain:489:12)
[SYNAPSE] [PM 6:42:09] [INFO] [v0.3.30] HarvestSession state change: Unlocked -> Locked
[SYNAPSE] [PM 6:42:09] [INFO] [v0.3.30] HarvestSession state change: Locked -> Comparing
[SYNAPSE] [PM 6:42:09] [WARN] [v0.3.30] CompareEngine: Failed to get hashes for soak_client - Client is not connected
[SYNAPSE] [PM 6:42:09] [INFO] [v0.3.30] CompareEngine: Found 0 differences
[SYNAPSE] [PM 6:42:09] [INFO] [v0.3.30] HarvestSession state change: Comparing -> Approving
[SYNAPSE] [PM 6:42:09] [INFO] [v0.3.30] HarvestSession state change: Approving -> Executing
[SYNAPSE] [PM 6:42:09] [INFO] [v0.3.30] HarvestSession state change: Executing -> Harvesting
[SYNAPSE] [PM 6:42:09] [INFO] [v0.3.30] Harvest starting: Processing 1 approved files
[SYNAPSE] [PM 6:42:09] [WARN] [v0.3.30] Harvest rejected: Invalid clientUsername format 'undefined'
[SYNAPSE] [PM 6:42:09] [INFO] [v0.3.30] Harvest complete: 0 files, 0 folders
[SYNAPSE] [PM 6:42:09] [WARN] [v0.3.30] HarvestSession transition failed: expected Executing, current is Harvesting
[SYNAPSE] [PM 6:42:09] [INFO] [v0.3.30] HarvestSession state change: Harvesting -> Unlocked
[SYNAPSE] [PM 6:42:39] [INFO] [v0.3.30] HarvestSession state change: Unlocked -> Locked
[SYNAPSE] [PM 6:42:39] [INFO] [v0.3.30] HarvestSession state change: Locked -> Comparing
[SYNAPSE] [PM 6:42:39] [WARN] [v0.3.30] CompareEngine: Failed to get hashes for soak_client - Client is not connected
[SYNAPSE] [PM 6:42:39] [INFO] [v0.3.30] CompareEngine: Found 0 differences
[SYNAPSE] [PM 6:42:39] [INFO] [v0.3.30] HarvestSession state change: Comparing -> Approving
[SYNAPSE] [PM 6:42:39] [INFO] [v0.3.30] HarvestSession state change: Approving -> Executing
[SYNAPSE] [PM 6:42:39] [INFO] [v0.3.30] HarvestSession state change: Executing -> Harvesting
[SYNAPSE] [PM 6:42:39] [INFO] [v0.3.30] Harvest starting: Processing 1 approved files
[SYNAPSE] [PM 6:42:39] [WARN] [v0.3.30] Harvest rejected: Invalid clientUsername format 'undefined'
[SYNAPSE] [PM 6:42:39] [INFO] [v0.3.30] Harvest complete: 0 files, 0 folders
[SYNAPSE] [PM 6:42:39] [WARN] [v0.3.30] HarvestSession transition failed: expected Executing, current is Harvesting
[SYNAPSE] [PM 6:42:39] [INFO] [v0.3.30] HarvestSession state change: Harvesting -> Unlocked
SyntaxError: Unexpected token 'n', "null" is not valid JSON
    at JSON.parse (<anonymous>)
    at createStrictSyntaxError (/home/dogsinatas/TypeScript_project/antigravity-extension-vis/node_modules/body-parser/lib/types/json.js:109:10)
    at parse (/home/dogsinatas/TypeScript_project/antigravity-extension-vis/node_modules/body-parser/lib/types/json.js:66:15)
    at /home/dogsinatas/TypeScript_project/antigravity-extension-vis/node_modules/body-parser/lib/read.js:162:18
    at AsyncResource.runInAsyncScope (node:async_hooks:227:14)
    at invokeCallback (/home/dogsinatas/TypeScript_project/antigravity-extension-vis/node_modules/raw-body/index.js:238:16)
    at done (/home/dogsinatas/TypeScript_project/antigravity-extension-vis/node_modules/raw-body/index.js:227:7)
    at IncomingMessage.onEnd (/home/dogsinatas/TypeScript_project/antigravity-extension-vis/node_modules/raw-body/index.js:287:7)
    at IncomingMessage.emit (node:events:509:28)
    at IncomingMessage.emit (node:domain:489:12)
[SYNAPSE] [PM 6:43:09] [INFO] [v0.3.30] HarvestSession state change: Unlocked -> Locked
[SYNAPSE] [PM 6:43:09] [INFO] [v0.3.30] HarvestSession state change: Locked -> Comparing
[SYNAPSE] [PM 6:43:09] [WARN] [v0.3.30] CompareEngine: Failed to get hashes for soak_client - Client is not connected
[SYNAPSE] [PM 6:43:09] [INFO] [v0.3.30] CompareEngine: Found 0 differences
[SYNAPSE] [PM 6:43:09] [INFO] [v0.3.30] HarvestSession state change: Comparing -> Approving
[SYNAPSE] [PM 6:43:09] [INFO] [v0.3.30] HarvestSession state change: Approving -> Executing
[SYNAPSE] [PM 6:43:09] [INFO] [v0.3.30] HarvestSession state change: Executing -> Harvesting
[SYNAPSE] [PM 6:43:09] [INFO] [v0.3.30] Harvest starting: Processing 1 approved files
[SYNAPSE] [PM 6:43:09] [WARN] [v0.3.30] Harvest rejected: Invalid clientUsername format 'undefined'
[SYNAPSE] [PM 6:43:09] [INFO] [v0.3.30] Harvest complete: 0 files, 0 folders
[SYNAPSE] [PM 6:43:09] [WARN] [v0.3.30] HarvestSession transition failed: expected Executing, current is Harvesting
[SYNAPSE] [PM 6:43:09] [INFO] [v0.3.30] HarvestSession state change: Harvesting -> Unlocked
[SYNAPSE] [PM 6:43:39] [INFO] [v0.3.30] HarvestSession state change: Unlocked -> Locked
[SYNAPSE] [PM 6:43:39] [INFO] [v0.3.30] HarvestSession state change: Locked -> Comparing
[SYNAPSE] [PM 6:43:39] [WARN] [v0.3.30] CompareEngine: Failed to get hashes for soak_client - Client is not connected
[SYNAPSE] [PM 6:43:39] [INFO] [v0.3.30] CompareEngine: Found 0 differences
[SYNAPSE] [PM 6:43:39] [INFO] [v0.3.30] HarvestSession state change: Comparing -> Approving
[SYNAPSE] [PM 6:43:39] [INFO] [v0.3.30] HarvestSession state change: Approving -> Executing
[SYNAPSE] [PM 6:43:39] [INFO] [v0.3.30] HarvestSession state change: Executing -> Harvesting
[SYNAPSE] [PM 6:43:39] [INFO] [v0.3.30] Harvest starting: Processing 1 approved files
[SYNAPSE] [PM 6:43:39] [WARN] [v0.3.30] Harvest rejected: Invalid clientUsername format 'undefined'
[SYNAPSE] [PM 6:43:39] [INFO] [v0.3.30] Harvest complete: 0 files, 0 folders
[SYNAPSE] [PM 6:43:39] [WARN] [v0.3.30] HarvestSession transition failed: expected Executing, current is Harvesting
[SYNAPSE] [PM 6:43:39] [INFO] [v0.3.30] HarvestSession state change: Harvesting -> Unlocked
SyntaxError: Unexpected token 'n', "null" is not valid JSON
    at JSON.parse (<anonymous>)
    at createStrictSyntaxError (/home/dogsinatas/TypeScript_project/antigravity-extension-vis/node_modules/body-parser/lib/types/json.js:109:10)
    at parse (/home/dogsinatas/TypeScript_project/antigravity-extension-vis/node_modules/body-parser/lib/types/json.js:66:15)
    at /home/dogsinatas/TypeScript_project/antigravity-extension-vis/node_modules/body-parser/lib/read.js:162:18
    at AsyncResource.runInAsyncScope (node:async_hooks:227:14)
    at invokeCallback (/home/dogsinatas/TypeScript_project/antigravity-extension-vis/node_modules/raw-body/index.js:238:16)
    at done (/home/dogsinatas/TypeScript_project/antigravity-extension-vis/node_modules/raw-body/index.js:227:7)
    at IncomingMessage.onEnd (/home/dogsinatas/TypeScript_project/antigravity-extension-vis/node_modules/raw-body/index.js:287:7)
    at IncomingMessage.emit (node:events:509:28)
    at IncomingMessage.emit (node:domain:489:12)
[SYNAPSE] [PM 6:44:09] [INFO] [v0.3.30] HarvestSession state change: Unlocked -> Locked
[SYNAPSE] [PM 6:44:09] [INFO] [v0.3.30] HarvestSession state change: Locked -> Comparing
[SYNAPSE] [PM 6:44:09] [WARN] [v0.3.30] CompareEngine: Failed to get hashes for soak_client - Client is not connected
[SYNAPSE] [PM 6:44:09] [INFO] [v0.3.30] CompareEngine: Found 0 differences
[SYNAPSE] [PM 6:44:09] [INFO] [v0.3.30] HarvestSession state change: Comparing -> Approving
[SYNAPSE] [PM 6:44:09] [INFO] [v0.3.30] HarvestSession state change: Approving -> Executing
[SYNAPSE] [PM 6:44:09] [INFO] [v0.3.30] HarvestSession state change: Executing -> Harvesting
[SYNAPSE] [PM 6:44:09] [INFO] [v0.3.30] Harvest starting: Processing 1 approved files
[SYNAPSE] [PM 6:44:09] [WARN] [v0.3.30] Harvest rejected: Invalid clientUsername format 'undefined'
[SYNAPSE] [PM 6:44:09] [INFO] [v0.3.30] Harvest complete: 0 files, 0 folders
[SYNAPSE] [PM 6:44:09] [WARN] [v0.3.30] HarvestSession transition failed: expected Executing, current is Harvesting
[SYNAPSE] [PM 6:44:09] [INFO] [v0.3.30] HarvestSession state change: Harvesting -> Unlocked
[SYNAPSE] [PM 6:44:39] [INFO] [v0.3.30] HarvestSession state change: Unlocked -> Locked
[SYNAPSE] [PM 6:44:39] [INFO] [v0.3.30] HarvestSession state change: Locked -> Comparing
[SYNAPSE] [PM 6:44:39] [WARN] [v0.3.30] CompareEngine: Failed to get hashes for soak_client - Client is not connected
[SYNAPSE] [PM 6:44:39] [INFO] [v0.3.30] CompareEngine: Found 0 differences
[SYNAPSE] [PM 6:44:39] [INFO] [v0.3.30] HarvestSession state change: Comparing -> Approving
[SYNAPSE] [PM 6:44:39] [INFO] [v0.3.30] HarvestSession state change: Approving -> Executing
[SYNAPSE] [PM 6:44:39] [INFO] [v0.3.30] HarvestSession state change: Executing -> Harvesting
[SYNAPSE] [PM 6:44:39] [INFO] [v0.3.30] Harvest starting: Processing 1 approved files
[SYNAPSE] [PM 6:44:39] [WARN] [v0.3.30] Harvest rejected: Invalid clientUsername format 'undefined'
[SYNAPSE] [PM 6:44:39] [INFO] [v0.3.30] Harvest complete: 0 files, 0 folders
[SYNAPSE] [PM 6:44:39] [WARN] [v0.3.30] HarvestSession transition failed: expected Executing, current is Harvesting
[SYNAPSE] [PM 6:44:39] [INFO] [v0.3.30] HarvestSession state change: Harvesting -> Unlocked
SyntaxError: Unexpected token 'n', "null" is not valid JSON
    at JSON.parse (<anonymous>)
    at createStrictSyntaxError (/home/dogsinatas/TypeScript_project/antigravity-extension-vis/node_modules/body-parser/lib/types/json.js:109:10)
    at parse (/home/dogsinatas/TypeScript_project/antigravity-extension-vis/node_modules/body-parser/lib/types/json.js:66:15)
    at /home/dogsinatas/TypeScript_project/antigravity-extension-vis/node_modules/body-parser/lib/read.js:162:18
    at AsyncResource.runInAsyncScope (node:async_hooks:227:14)
    at invokeCallback (/home/dogsinatas/TypeScript_project/antigravity-extension-vis/node_modules/raw-body/index.js:238:16)
    at done (/home/dogsinatas/TypeScript_project/antigravity-extension-vis/node_modules/raw-body/index.js:227:7)
    at IncomingMessage.onEnd (/home/dogsinatas/TypeScript_project/antigravity-extension-vis/node_modules/raw-body/index.js:287:7)
    at IncomingMessage.emit (node:events:509:28)
    at IncomingMessage.emit (node:domain:489:12)
[SYNAPSE] [PM 6:45:09] [INFO] [v0.3.30] HarvestSession state change: Unlocked -> Locked
[SYNAPSE] [PM 6:45:09] [INFO] [v0.3.30] HarvestSession state change: Locked -> Comparing
[SYNAPSE] [PM 6:45:09] [WARN] [v0.3.30] CompareEngine: Failed to get hashes for soak_client - Client is not connected
[SYNAPSE] [PM 6:45:09] [INFO] [v0.3.30] CompareEngine: Found 0 differences
[SYNAPSE] [PM 6:45:09] [INFO] [v0.3.30] HarvestSession state change: Comparing -> Approving
[SYNAPSE] [PM 6:45:09] [INFO] [v0.3.30] HarvestSession state change: Approving -> Executing
[SYNAPSE] [PM 6:45:09] [INFO] [v0.3.30] HarvestSession state change: Executing -> Harvesting
[SYNAPSE] [PM 6:45:09] [INFO] [v0.3.30] Harvest starting: Processing 1 approved files
[SYNAPSE] [PM 6:45:09] [WARN] [v0.3.30] Harvest rejected: Invalid clientUsername format 'undefined'
[SYNAPSE] [PM 6:45:09] [INFO] [v0.3.30] Harvest complete: 0 files, 0 folders
[SYNAPSE] [PM 6:45:09] [WARN] [v0.3.30] HarvestSession transition failed: expected Executing, current is Harvesting
[SYNAPSE] [PM 6:45:09] [INFO] [v0.3.30] HarvestSession state change: Harvesting -> Unlocked
[SYNAPSE] [PM 6:45:39] [INFO] [v0.3.30] HarvestSession state change: Unlocked -> Locked
[SYNAPSE] [PM 6:45:39] [INFO] [v0.3.30] HarvestSession state change: Locked -> Comparing
[SYNAPSE] [PM 6:45:39] [WARN] [v0.3.30] CompareEngine: Failed to get hashes for soak_client - Client is not connected
[SYNAPSE] [PM 6:45:39] [INFO] [v0.3.30] CompareEngine: Found 0 differences
[SYNAPSE] [PM 6:45:39] [INFO] [v0.3.30] HarvestSession state change: Comparing -> Approving
[SYNAPSE] [PM 6:45:39] [INFO] [v0.3.30] HarvestSession state change: Approving -> Executing
[SYNAPSE] [PM 6:45:39] [INFO] [v0.3.30] HarvestSession state change: Executing -> Harvesting
[SYNAPSE] [PM 6:45:39] [INFO] [v0.3.30] Harvest starting: Processing 1 approved files
[SYNAPSE] [PM 6:45:39] [WARN] [v0.3.30] Harvest rejected: Invalid clientUsername format 'undefined'
[SYNAPSE] [PM 6:45:39] [INFO] [v0.3.30] Harvest complete: 0 files, 0 folders
[SYNAPSE] [PM 6:45:39] [WARN] [v0.3.30] HarvestSession transition failed: expected Executing, current is Harvesting
[SYNAPSE] [PM 6:45:39] [INFO] [v0.3.30] HarvestSession state change: Harvesting -> Unlocked
SyntaxError: Unexpected token 'n', "null" is not valid JSON
    at JSON.parse (<anonymous>)
    at createStrictSyntaxError (/home/dogsinatas/TypeScript_project/antigravity-extension-vis/node_modules/body-parser/lib/types/json.js:109:10)
    at parse (/home/dogsinatas/TypeScript_project/antigravity-extension-vis/node_modules/body-parser/lib/types/json.js:66:15)
    at /home/dogsinatas/TypeScript_project/antigravity-extension-vis/node_modules/body-parser/lib/read.js:162:18
    at AsyncResource.runInAsyncScope (node:async_hooks:227:14)
    at invokeCallback (/home/dogsinatas/TypeScript_project/antigravity-extension-vis/node_modules/raw-body/index.js:238:16)
    at done (/home/dogsinatas/TypeScript_project/antigravity-extension-vis/node_modules/raw-body/index.js:227:7)
    at IncomingMessage.onEnd (/home/dogsinatas/TypeScript_project/antigravity-extension-vis/node_modules/raw-body/index.js:287:7)
    at IncomingMessage.emit (node:events:509:28)
    at IncomingMessage.emit (node:domain:489:12)
[SYNAPSE] [PM 6:46:09] [INFO] [v0.3.30] HarvestSession state change: Unlocked -> Locked
[SYNAPSE] [PM 6:46:09] [INFO] [v0.3.30] HarvestSession state change: Locked -> Comparing
[SYNAPSE] [PM 6:46:09] [WARN] [v0.3.30] CompareEngine: Failed to get hashes for soak_client - Client is not connected
[SYNAPSE] [PM 6:46:09] [INFO] [v0.3.30] CompareEngine: Found 0 differences
[SYNAPSE] [PM 6:46:09] [INFO] [v0.3.30] HarvestSession state change: Comparing -> Approving
[SYNAPSE] [PM 6:46:09] [INFO] [v0.3.30] HarvestSession state change: Approving -> Executing
[SYNAPSE] [PM 6:46:09] [INFO] [v0.3.30] HarvestSession state change: Executing -> Harvesting
[SYNAPSE] [PM 6:46:09] [INFO] [v0.3.30] Harvest starting: Processing 1 approved files
[SYNAPSE] [PM 6:46:09] [WARN] [v0.3.30] Harvest rejected: Invalid clientUsername format 'undefined'
[SYNAPSE] [PM 6:46:09] [INFO] [v0.3.30] Harvest complete: 0 files, 0 folders
[SYNAPSE] [PM 6:46:09] [WARN] [v0.3.30] HarvestSession transition failed: expected Executing, current is Harvesting
[SYNAPSE] [PM 6:46:09] [INFO] [v0.3.30] HarvestSession state change: Harvesting -> Unlocked
[SYNAPSE] [PM 6:46:39] [INFO] [v0.3.30] HarvestSession state change: Unlocked -> Locked
[SYNAPSE] [PM 6:46:39] [INFO] [v0.3.30] HarvestSession state change: Locked -> Comparing
[SYNAPSE] [PM 6:46:39] [WARN] [v0.3.30] CompareEngine: Failed to get hashes for soak_client - Client is not connected
[SYNAPSE] [PM 6:46:39] [INFO] [v0.3.30] CompareEngine: Found 0 differences
[SYNAPSE] [PM 6:46:39] [INFO] [v0.3.30] HarvestSession state change: Comparing -> Approving
[SYNAPSE] [PM 6:46:39] [INFO] [v0.3.30] HarvestSession state change: Approving -> Executing
[SYNAPSE] [PM 6:46:39] [INFO] [v0.3.30] HarvestSession state change: Executing -> Harvesting
[SYNAPSE] [PM 6:46:39] [INFO] [v0.3.30] Harvest starting: Processing 1 approved files
[SYNAPSE] [PM 6:46:39] [WARN] [v0.3.30] Harvest rejected: Invalid clientUsername format 'undefined'
[SYNAPSE] [PM 6:46:39] [INFO] [v0.3.30] Harvest complete: 0 files, 0 folders
[SYNAPSE] [PM 6:46:39] [WARN] [v0.3.30] HarvestSession transition failed: expected Executing, current is Harvesting
[SYNAPSE] [PM 6:46:39] [INFO] [v0.3.30] HarvestSession state change: Harvesting -> Unlocked
SyntaxError: Unexpected token 'n', "null" is not valid JSON
    at JSON.parse (<anonymous>)
    at createStrictSyntaxError (/home/dogsinatas/TypeScript_project/antigravity-extension-vis/node_modules/body-parser/lib/types/json.js:109:10)
    at parse (/home/dogsinatas/TypeScript_project/antigravity-extension-vis/node_modules/body-parser/lib/types/json.js:66:15)
    at /home/dogsinatas/TypeScript_project/antigravity-extension-vis/node_modules/body-parser/lib/read.js:162:18
    at AsyncResource.runInAsyncScope (node:async_hooks:227:14)
    at invokeCallback (/home/dogsinatas/TypeScript_project/antigravity-extension-vis/node_modules/raw-body/index.js:238:16)
    at done (/home/dogsinatas/TypeScript_project/antigravity-extension-vis/node_modules/raw-body/index.js:227:7)
    at IncomingMessage.onEnd (/home/dogsinatas/TypeScript_project/antigravity-extension-vis/node_modules/raw-body/index.js:287:7)
    at IncomingMessage.emit (node:events:509:28)
    at IncomingMessage.emit (node:domain:489:12)
[SYNAPSE] [PM 6:47:09] [INFO] [v0.3.30] HarvestSession state change: Unlocked -> Locked
[SYNAPSE] [PM 6:47:09] [INFO] [v0.3.30] HarvestSession state change: Locked -> Comparing
[SYNAPSE] [PM 6:47:09] [WARN] [v0.3.30] CompareEngine: Failed to get hashes for soak_client - Client is not connected
[SYNAPSE] [PM 6:47:09] [INFO] [v0.3.30] CompareEngine: Found 0 differences
[SYNAPSE] [PM 6:47:09] [INFO] [v0.3.30] HarvestSession state change: Comparing -> Approving
[SYNAPSE] [PM 6:47:09] [INFO] [v0.3.30] HarvestSession state change: Approving -> Executing
[SYNAPSE] [PM 6:47:09] [INFO] [v0.3.30] HarvestSession state change: Executing -> Harvesting
[SYNAPSE] [PM 6:47:09] [INFO] [v0.3.30] Harvest starting: Processing 1 approved files
[SYNAPSE] [PM 6:47:09] [WARN] [v0.3.30] Harvest rejected: Invalid clientUsername format 'undefined'
[SYNAPSE] [PM 6:47:09] [INFO] [v0.3.30] Harvest complete: 0 files, 0 folders
[SYNAPSE] [PM 6:47:09] [WARN] [v0.3.30] HarvestSession transition failed: expected Executing, current is Harvesting
[SYNAPSE] [PM 6:47:09] [INFO] [v0.3.30] HarvestSession state change: Harvesting -> Unlocked
[SYNAPSE] [PM 6:47:39] [INFO] [v0.3.30] HarvestSession state change: Unlocked -> Locked
[SYNAPSE] [PM 6:47:39] [INFO] [v0.3.30] HarvestSession state change: Locked -> Comparing
[SYNAPSE] [PM 6:47:39] [WARN] [v0.3.30] CompareEngine: Failed to get hashes for soak_client - Client is not connected
[SYNAPSE] [PM 6:47:39] [INFO] [v0.3.30] CompareEngine: Found 0 differences
[SYNAPSE] [PM 6:47:39] [INFO] [v0.3.30] HarvestSession state change: Comparing -> Approving
[SYNAPSE] [PM 6:47:39] [INFO] [v0.3.30] HarvestSession state change: Approving -> Executing
[SYNAPSE] [PM 6:47:39] [INFO] [v0.3.30] HarvestSession state change: Executing -> Harvesting
[SYNAPSE] [PM 6:47:39] [INFO] [v0.3.30] Harvest starting: Processing 1 approved files
[SYNAPSE] [PM 6:47:39] [WARN] [v0.3.30] Harvest rejected: Invalid clientUsername format 'undefined'
[SYNAPSE] [PM 6:47:39] [INFO] [v0.3.30] Harvest complete: 0 files, 0 folders
[SYNAPSE] [PM 6:47:39] [WARN] [v0.3.30] HarvestSession transition failed: expected Executing, current is Harvesting
[SYNAPSE] [PM 6:47:39] [INFO] [v0.3.30] HarvestSession state change: Harvesting -> Unlocked
SyntaxError: Unexpected token 'n', "null" is not valid JSON
    at JSON.parse (<anonymous>)
    at createStrictSyntaxError (/home/dogsinatas/TypeScript_project/antigravity-extension-vis/node_modules/body-parser/lib/types/json.js:109:10)
    at parse (/home/dogsinatas/TypeScript_project/antigravity-extension-vis/node_modules/body-parser/lib/types/json.js:66:15)
    at /home/dogsinatas/TypeScript_project/antigravity-extension-vis/node_modules/body-parser/lib/read.js:162:18
    at AsyncResource.runInAsyncScope (node:async_hooks:227:14)
    at invokeCallback (/home/dogsinatas/TypeScript_project/antigravity-extension-vis/node_modules/raw-body/index.js:238:16)
    at done (/home/dogsinatas/TypeScript_project/antigravity-extension-vis/node_modules/raw-body/index.js:227:7)
    at IncomingMessage.onEnd (/home/dogsinatas/TypeScript_project/antigravity-extension-vis/node_modules/raw-body/index.js:287:7)
    at IncomingMessage.emit (node:events:509:28)
    at IncomingMessage.emit (node:domain:489:12)
[SYNAPSE] [PM 6:48:09] [INFO] [v0.3.30] HarvestSession state change: Unlocked -> Locked
[SYNAPSE] [PM 6:48:09] [INFO] [v0.3.30] HarvestSession state change: Locked -> Comparing
[SYNAPSE] [PM 6:48:09] [WARN] [v0.3.30] CompareEngine: Failed to get hashes for soak_client - Client is not connected
[SYNAPSE] [PM 6:48:09] [INFO] [v0.3.30] CompareEngine: Found 0 differences
[SYNAPSE] [PM 6:48:09] [INFO] [v0.3.30] HarvestSession state change: Comparing -> Approving
[SYNAPSE] [PM 6:48:09] [INFO] [v0.3.30] HarvestSession state change: Approving -> Executing
[SYNAPSE] [PM 6:48:09] [INFO] [v0.3.30] HarvestSession state change: Executing -> Harvesting
[SYNAPSE] [PM 6:48:09] [INFO] [v0.3.30] Harvest starting: Processing 1 approved files
[SYNAPSE] [PM 6:48:09] [WARN] [v0.3.30] Harvest rejected: Invalid clientUsername format 'undefined'
[SYNAPSE] [PM 6:48:09] [INFO] [v0.3.30] Harvest complete: 0 files, 0 folders
[SYNAPSE] [PM 6:48:09] [WARN] [v0.3.30] HarvestSession transition failed: expected Executing, current is Harvesting
[SYNAPSE] [PM 6:48:09] [INFO] [v0.3.30] HarvestSession state change: Harvesting -> Unlocked
[SYNAPSE] [PM 6:48:39] [INFO] [v0.3.30] HarvestSession state change: Unlocked -> Locked
[SYNAPSE] [PM 6:48:39] [INFO] [v0.3.30] HarvestSession state change: Locked -> Comparing
[SYNAPSE] [PM 6:48:39] [WARN] [v0.3.30] CompareEngine: Failed to get hashes for soak_client - Client is not connected
[SYNAPSE] [PM 6:48:39] [INFO] [v0.3.30] CompareEngine: Found 0 differences
[SYNAPSE] [PM 6:48:39] [INFO] [v0.3.30] HarvestSession state change: Comparing -> Approving
[SYNAPSE] [PM 6:48:39] [INFO] [v0.3.30] HarvestSession state change: Approving -> Executing
[SYNAPSE] [PM 6:48:39] [INFO] [v0.3.30] HarvestSession state change: Executing -> Harvesting
[SYNAPSE] [PM 6:48:39] [INFO] [v0.3.30] Harvest starting: Processing 1 approved files
[SYNAPSE] [PM 6:48:39] [WARN] [v0.3.30] Harvest rejected: Invalid clientUsername format 'undefined'
[SYNAPSE] [PM 6:48:39] [INFO] [v0.3.30] Harvest complete: 0 files, 0 folders
[SYNAPSE] [PM 6:48:39] [WARN] [v0.3.30] HarvestSession transition failed: expected Executing, current is Harvesting
[SYNAPSE] [PM 6:48:39] [INFO] [v0.3.30] HarvestSession state change: Harvesting -> Unlocked
SyntaxError: Unexpected token 'n', "null" is not valid JSON
    at JSON.parse (<anonymous>)
    at createStrictSyntaxError (/home/dogsinatas/TypeScript_project/antigravity-extension-vis/node_modules/body-parser/lib/types/json.js:109:10)
    at parse (/home/dogsinatas/TypeScript_project/antigravity-extension-vis/node_modules/body-parser/lib/types/json.js:66:15)
    at /home/dogsinatas/TypeScript_project/antigravity-extension-vis/node_modules/body-parser/lib/read.js:162:18
    at AsyncResource.runInAsyncScope (node:async_hooks:227:14)
    at invokeCallback (/home/dogsinatas/TypeScript_project/antigravity-extension-vis/node_modules/raw-body/index.js:238:16)
    at done (/home/dogsinatas/TypeScript_project/antigravity-extension-vis/node_modules/raw-body/index.js:227:7)
    at IncomingMessage.onEnd (/home/dogsinatas/TypeScript_project/antigravity-extension-vis/node_modules/raw-body/index.js:287:7)
    at IncomingMessage.emit (node:events:509:28)
    at IncomingMessage.emit (node:domain:489:12)
[SYNAPSE] [PM 6:49:09] [INFO] [v0.3.30] HarvestSession state change: Unlocked -> Locked
[SYNAPSE] [PM 6:49:09] [INFO] [v0.3.30] HarvestSession state change: Locked -> Comparing
[SYNAPSE] [PM 6:49:09] [WARN] [v0.3.30] CompareEngine: Failed to get hashes for soak_client - Client is not connected
[SYNAPSE] [PM 6:49:09] [INFO] [v0.3.30] CompareEngine: Found 0 differences
[SYNAPSE] [PM 6:49:09] [INFO] [v0.3.30] HarvestSession state change: Comparing -> Approving
[SYNAPSE] [PM 6:49:09] [INFO] [v0.3.30] HarvestSession state change: Approving -> Executing
[SYNAPSE] [PM 6:49:09] [INFO] [v0.3.30] HarvestSession state change: Executing -> Harvesting
[SYNAPSE] [PM 6:49:09] [INFO] [v0.3.30] Harvest starting: Processing 1 approved files
[SYNAPSE] [PM 6:49:09] [WARN] [v0.3.30] Harvest rejected: Invalid clientUsername format 'undefined'
[SYNAPSE] [PM 6:49:09] [INFO] [v0.3.30] Harvest complete: 0 files, 0 folders
[SYNAPSE] [PM 6:49:09] [WARN] [v0.3.30] HarvestSession transition failed: expected Executing, current is Harvesting
[SYNAPSE] [PM 6:49:09] [INFO] [v0.3.30] HarvestSession state change: Harvesting -> Unlocked
[SYNAPSE] [PM 6:49:39] [INFO] [v0.3.30] HarvestSession state change: Unlocked -> Locked
[SYNAPSE] [PM 6:49:39] [INFO] [v0.3.30] HarvestSession state change: Locked -> Comparing
[SYNAPSE] [PM 6:49:39] [WARN] [v0.3.30] CompareEngine: Failed to get hashes for soak_client - Client is not connected
[SYNAPSE] [PM 6:49:39] [INFO] [v0.3.30] CompareEngine: Found 0 differences
[SYNAPSE] [PM 6:49:39] [INFO] [v0.3.30] HarvestSession state change: Comparing -> Approving
[SYNAPSE] [PM 6:49:39] [INFO] [v0.3.30] HarvestSession state change: Approving -> Executing
[SYNAPSE] [PM 6:49:39] [INFO] [v0.3.30] HarvestSession state change: Executing -> Harvesting
[SYNAPSE] [PM 6:49:39] [INFO] [v0.3.30] Harvest starting: Processing 1 approved files
[SYNAPSE] [PM 6:49:39] [WARN] [v0.3.30] Harvest rejected: Invalid clientUsername format 'undefined'
[SYNAPSE] [PM 6:49:39] [INFO] [v0.3.30] Harvest complete: 0 files, 0 folders
[SYNAPSE] [PM 6:49:39] [WARN] [v0.3.30] HarvestSession transition failed: expected Executing, current is Harvesting
[SYNAPSE] [PM 6:49:39] [INFO] [v0.3.30] HarvestSession state change: Harvesting -> Unlocked
SyntaxError: Unexpected token 'n', "null" is not valid JSON
    at JSON.parse (<anonymous>)
    at createStrictSyntaxError (/home/dogsinatas/TypeScript_project/antigravity-extension-vis/node_modules/body-parser/lib/types/json.js:109:10)
    at parse (/home/dogsinatas/TypeScript_project/antigravity-extension-vis/node_modules/body-parser/lib/types/json.js:66:15)
    at /home/dogsinatas/TypeScript_project/antigravity-extension-vis/node_modules/body-parser/lib/read.js:162:18
    at AsyncResource.runInAsyncScope (node:async_hooks:227:14)
    at invokeCallback (/home/dogsinatas/TypeScript_project/antigravity-extension-vis/node_modules/raw-body/index.js:238:16)
    at done (/home/dogsinatas/TypeScript_project/antigravity-extension-vis/node_modules/raw-body/index.js:227:7)
    at IncomingMessage.onEnd (/home/dogsinatas/TypeScript_project/antigravity-extension-vis/node_modules/raw-body/index.js:287:7)
    at IncomingMessage.emit (node:events:509:28)
    at IncomingMessage.emit (node:domain:489:12)
[SYNAPSE] [PM 6:50:09] [INFO] [v0.3.30] HarvestSession state change: Unlocked -> Locked
[SYNAPSE] [PM 6:50:09] [INFO] [v0.3.30] HarvestSession state change: Locked -> Comparing
[SYNAPSE] [PM 6:50:09] [WARN] [v0.3.30] CompareEngine: Failed to get hashes for soak_client - Client is not connected
[SYNAPSE] [PM 6:50:09] [INFO] [v0.3.30] CompareEngine: Found 0 differences
[SYNAPSE] [PM 6:50:09] [INFO] [v0.3.30] HarvestSession state change: Comparing -> Approving
[SYNAPSE] [PM 6:50:09] [INFO] [v0.3.30] HarvestSession state change: Approving -> Executing
[SYNAPSE] [PM 6:50:09] [INFO] [v0.3.30] HarvestSession state change: Executing -> Harvesting
[SYNAPSE] [PM 6:50:09] [INFO] [v0.3.30] Harvest starting: Processing 1 approved files
[SYNAPSE] [PM 6:50:09] [WARN] [v0.3.30] Harvest rejected: Invalid clientUsername format 'undefined'
[SYNAPSE] [PM 6:50:09] [INFO] [v0.3.30] Harvest complete: 0 files, 0 folders
[SYNAPSE] [PM 6:50:09] [WARN] [v0.3.30] HarvestSession transition failed: expected Executing, current is Harvesting
[SYNAPSE] [PM 6:50:09] [INFO] [v0.3.30] HarvestSession state change: Harvesting -> Unlocked
[SYNAPSE] [PM 6:50:39] [INFO] [v0.3.30] HarvestSession state change: Unlocked -> Locked
[SYNAPSE] [PM 6:50:39] [INFO] [v0.3.30] HarvestSession state change: Locked -> Comparing
[SYNAPSE] [PM 6:50:39] [WARN] [v0.3.30] CompareEngine: Failed to get hashes for soak_client - Client is not connected
[SYNAPSE] [PM 6:50:39] [INFO] [v0.3.30] CompareEngine: Found 0 differences
[SYNAPSE] [PM 6:50:39] [INFO] [v0.3.30] HarvestSession state change: Comparing -> Approving
[SYNAPSE] [PM 6:50:39] [INFO] [v0.3.30] HarvestSession state change: Approving -> Executing
[SYNAPSE] [PM 6:50:39] [INFO] [v0.3.30] HarvestSession state change: Executing -> Harvesting
[SYNAPSE] [PM 6:50:39] [INFO] [v0.3.30] Harvest starting: Processing 1 approved files
[SYNAPSE] [PM 6:50:39] [WARN] [v0.3.30] Harvest rejected: Invalid clientUsername format 'undefined'
[SYNAPSE] [PM 6:50:39] [INFO] [v0.3.30] Harvest complete: 0 files, 0 folders
[SYNAPSE] [PM 6:50:39] [WARN] [v0.3.30] HarvestSession transition failed: expected Executing, current is Harvesting
[SYNAPSE] [PM 6:50:39] [INFO] [v0.3.30] HarvestSession state change: Harvesting -> Unlocked
SyntaxError: Unexpected token 'n', "null" is not valid JSON
    at JSON.parse (<anonymous>)
    at createStrictSyntaxError (/home/dogsinatas/TypeScript_project/antigravity-extension-vis/node_modules/body-parser/lib/types/json.js:109:10)
    at parse (/home/dogsinatas/TypeScript_project/antigravity-extension-vis/node_modules/body-parser/lib/types/json.js:66:15)
    at /home/dogsinatas/TypeScript_project/antigravity-extension-vis/node_modules/body-parser/lib/read.js:162:18
    at AsyncResource.runInAsyncScope (node:async_hooks:227:14)
    at invokeCallback (/home/dogsinatas/TypeScript_project/antigravity-extension-vis/node_modules/raw-body/index.js:238:16)
    at done (/home/dogsinatas/TypeScript_project/antigravity-extension-vis/node_modules/raw-body/index.js:227:7)
    at IncomingMessage.onEnd (/home/dogsinatas/TypeScript_project/antigravity-extension-vis/node_modules/raw-body/index.js:287:7)
    at IncomingMessage.emit (node:events:509:28)
    at IncomingMessage.emit (node:domain:489:12)
[SYNAPSE] [PM 6:51:09] [INFO] [v0.3.30] HarvestSession state change: Unlocked -> Locked
[SYNAPSE] [PM 6:51:09] [INFO] [v0.3.30] HarvestSession state change: Locked -> Comparing
[SYNAPSE] [PM 6:51:09] [WARN] [v0.3.30] CompareEngine: Failed to get hashes for soak_client - Client is not connected
[SYNAPSE] [PM 6:51:09] [INFO] [v0.3.30] CompareEngine: Found 0 differences
[SYNAPSE] [PM 6:51:09] [INFO] [v0.3.30] HarvestSession state change: Comparing -> Approving
[SYNAPSE] [PM 6:51:09] [INFO] [v0.3.30] HarvestSession state change: Approving -> Executing
[SYNAPSE] [PM 6:51:09] [INFO] [v0.3.30] HarvestSession state change: Executing -> Harvesting
[SYNAPSE] [PM 6:51:09] [INFO] [v0.3.30] Harvest starting: Processing 1 approved files
[SYNAPSE] [PM 6:51:09] [WARN] [v0.3.30] Harvest rejected: Invalid clientUsername format 'undefined'
[SYNAPSE] [PM 6:51:09] [INFO] [v0.3.30] Harvest complete: 0 files, 0 folders
[SYNAPSE] [PM 6:51:09] [WARN] [v0.3.30] HarvestSession transition failed: expected Executing, current is Harvesting
[SYNAPSE] [PM 6:51:09] [INFO] [v0.3.30] HarvestSession state change: Harvesting -> Unlocked
[SYNAPSE] [PM 6:51:39] [INFO] [v0.3.30] HarvestSession state change: Unlocked -> Locked
[SYNAPSE] [PM 6:51:39] [INFO] [v0.3.30] HarvestSession state change: Locked -> Comparing
[SYNAPSE] [PM 6:51:39] [WARN] [v0.3.30] CompareEngine: Failed to get hashes for soak_client - Client is not connected
[SYNAPSE] [PM 6:51:39] [INFO] [v0.3.30] CompareEngine: Found 0 differences
[SYNAPSE] [PM 6:51:39] [INFO] [v0.3.30] HarvestSession state change: Comparing -> Approving
[SYNAPSE] [PM 6:51:39] [INFO] [v0.3.30] HarvestSession state change: Approving -> Executing
[SYNAPSE] [PM 6:51:39] [INFO] [v0.3.30] HarvestSession state change: Executing -> Harvesting
[SYNAPSE] [PM 6:51:39] [INFO] [v0.3.30] Harvest starting: Processing 1 approved files
[SYNAPSE] [PM 6:51:39] [WARN] [v0.3.30] Harvest rejected: Invalid clientUsername format 'undefined'
[SYNAPSE] [PM 6:51:39] [INFO] [v0.3.30] Harvest complete: 0 files, 0 folders
[SYNAPSE] [PM 6:51:39] [WARN] [v0.3.30] HarvestSession transition failed: expected Executing, current is Harvesting
[SYNAPSE] [PM 6:51:39] [INFO] [v0.3.30] HarvestSession state change: Harvesting -> Unlocked
SyntaxError: Unexpected token 'n', "null" is not valid JSON
    at JSON.parse (<anonymous>)
    at createStrictSyntaxError (/home/dogsinatas/TypeScript_project/antigravity-extension-vis/node_modules/body-parser/lib/types/json.js:109:10)
    at parse (/home/dogsinatas/TypeScript_project/antigravity-extension-vis/node_modules/body-parser/lib/types/json.js:66:15)
    at /home/dogsinatas/TypeScript_project/antigravity-extension-vis/node_modules/body-parser/lib/read.js:162:18
    at AsyncResource.runInAsyncScope (node:async_hooks:227:14)
    at invokeCallback (/home/dogsinatas/TypeScript_project/antigravity-extension-vis/node_modules/raw-body/index.js:238:16)
    at done (/home/dogsinatas/TypeScript_project/antigravity-extension-vis/node_modules/raw-body/index.js:227:7)
    at IncomingMessage.onEnd (/home/dogsinatas/TypeScript_project/antigravity-extension-vis/node_modules/raw-body/index.js:287:7)
    at IncomingMessage.emit (node:events:509:28)
    at IncomingMessage.emit (node:domain:489:12)
[SYNAPSE] [PM 6:52:09] [INFO] [v0.3.30] HarvestSession state change: Unlocked -> Locked
[SYNAPSE] [PM 6:52:09] [INFO] [v0.3.30] HarvestSession state change: Locked -> Comparing
[SYNAPSE] [PM 6:52:09] [WARN] [v0.3.30] CompareEngine: Failed to get hashes for soak_client - Client is not connected
[SYNAPSE] [PM 6:52:09] [INFO] [v0.3.30] CompareEngine: Found 0 differences
[SYNAPSE] [PM 6:52:09] [INFO] [v0.3.30] HarvestSession state change: Comparing -> Approving
[SYNAPSE] [PM 6:52:09] [INFO] [v0.3.30] HarvestSession state change: Approving -> Executing
[SYNAPSE] [PM 6:52:09] [INFO] [v0.3.30] HarvestSession state change: Executing -> Harvesting
[SYNAPSE] [PM 6:52:09] [INFO] [v0.3.30] Harvest starting: Processing 1 approved files
[SYNAPSE] [PM 6:52:09] [WARN] [v0.3.30] Harvest rejected: Invalid clientUsername format 'undefined'
[SYNAPSE] [PM 6:52:09] [INFO] [v0.3.30] Harvest complete: 0 files, 0 folders
[SYNAPSE] [PM 6:52:09] [WARN] [v0.3.30] HarvestSession transition failed: expected Executing, current is Harvesting
[SYNAPSE] [PM 6:52:09] [INFO] [v0.3.30] HarvestSession state change: Harvesting -> Unlocked
[SYNAPSE] [PM 6:52:39] [INFO] [v0.3.30] HarvestSession state change: Unlocked -> Locked
[SYNAPSE] [PM 6:52:39] [INFO] [v0.3.30] HarvestSession state change: Locked -> Comparing
[SYNAPSE] [PM 6:52:39] [WARN] [v0.3.30] CompareEngine: Failed to get hashes for soak_client - Client is not connected
[SYNAPSE] [PM 6:52:39] [INFO] [v0.3.30] CompareEngine: Found 0 differences
[SYNAPSE] [PM 6:52:39] [INFO] [v0.3.30] HarvestSession state change: Comparing -> Approving
[SYNAPSE] [PM 6:52:39] [INFO] [v0.3.30] HarvestSession state change: Approving -> Executing
[SYNAPSE] [PM 6:52:39] [INFO] [v0.3.30] HarvestSession state change: Executing -> Harvesting
[SYNAPSE] [PM 6:52:39] [INFO] [v0.3.30] Harvest starting: Processing 1 approved files
[SYNAPSE] [PM 6:52:39] [WARN] [v0.3.30] Harvest rejected: Invalid clientUsername format 'undefined'
[SYNAPSE] [PM 6:52:39] [INFO] [v0.3.30] Harvest complete: 0 files, 0 folders
[SYNAPSE] [PM 6:52:39] [WARN] [v0.3.30] HarvestSession transition failed: expected Executing, current is Harvesting
[SYNAPSE] [PM 6:52:39] [INFO] [v0.3.30] HarvestSession state change: Harvesting -> Unlocked
SyntaxError: Unexpected token 'n', "null" is not valid JSON
    at JSON.parse (<anonymous>)
    at createStrictSyntaxError (/home/dogsinatas/TypeScript_project/antigravity-extension-vis/node_modules/body-parser/lib/types/json.js:109:10)
    at parse (/home/dogsinatas/TypeScript_project/antigravity-extension-vis/node_modules/body-parser/lib/types/json.js:66:15)
    at /home/dogsinatas/TypeScript_project/antigravity-extension-vis/node_modules/body-parser/lib/read.js:162:18
    at AsyncResource.runInAsyncScope (node:async_hooks:227:14)
    at invokeCallback (/home/dogsinatas/TypeScript_project/antigravity-extension-vis/node_modules/raw-body/index.js:238:16)
    at done (/home/dogsinatas/TypeScript_project/antigravity-extension-vis/node_modules/raw-body/index.js:227:7)
    at IncomingMessage.onEnd (/home/dogsinatas/TypeScript_project/antigravity-extension-vis/node_modules/raw-body/index.js:287:7)
    at IncomingMessage.emit (node:events:509:28)
    at IncomingMessage.emit (node:domain:489:12)
[SYNAPSE] [PM 6:53:09] [INFO] [v0.3.30] HarvestSession state change: Unlocked -> Locked
[SYNAPSE] [PM 6:53:09] [INFO] [v0.3.30] HarvestSession state change: Locked -> Comparing
[SYNAPSE] [PM 6:53:09] [WARN] [v0.3.30] CompareEngine: Failed to get hashes for soak_client - Client is not connected
[SYNAPSE] [PM 6:53:09] [INFO] [v0.3.30] CompareEngine: Found 0 differences
[SYNAPSE] [PM 6:53:09] [INFO] [v0.3.30] HarvestSession state change: Comparing -> Approving
[SYNAPSE] [PM 6:53:09] [INFO] [v0.3.30] HarvestSession state change: Approving -> Executing
[SYNAPSE] [PM 6:53:09] [INFO] [v0.3.30] HarvestSession state change: Executing -> Harvesting
[SYNAPSE] [PM 6:53:09] [INFO] [v0.3.30] Harvest starting: Processing 1 approved files
[SYNAPSE] [PM 6:53:09] [WARN] [v0.3.30] Harvest rejected: Invalid clientUsername format 'undefined'
[SYNAPSE] [PM 6:53:09] [INFO] [v0.3.30] Harvest complete: 0 files, 0 folders
[SYNAPSE] [PM 6:53:09] [WARN] [v0.3.30] HarvestSession transition failed: expected Executing, current is Harvesting
[SYNAPSE] [PM 6:53:09] [INFO] [v0.3.30] HarvestSession state change: Harvesting -> Unlocked
[SYNAPSE] [PM 6:53:39] [INFO] [v0.3.30] HarvestSession state change: Unlocked -> Locked
[SYNAPSE] [PM 6:53:39] [INFO] [v0.3.30] HarvestSession state change: Locked -> Comparing
[SYNAPSE] [PM 6:53:39] [WARN] [v0.3.30] CompareEngine: Failed to get hashes for soak_client - Client is not connected
[SYNAPSE] [PM 6:53:39] [INFO] [v0.3.30] CompareEngine: Found 0 differences
[SYNAPSE] [PM 6:53:39] [INFO] [v0.3.30] HarvestSession state change: Comparing -> Approving
[SYNAPSE] [PM 6:53:39] [INFO] [v0.3.30] HarvestSession state change: Approving -> Executing
[SYNAPSE] [PM 6:53:39] [INFO] [v0.3.30] HarvestSession state change: Executing -> Harvesting
[SYNAPSE] [PM 6:53:39] [INFO] [v0.3.30] Harvest starting: Processing 1 approved files
[SYNAPSE] [PM 6:53:39] [WARN] [v0.3.30] Harvest rejected: Invalid clientUsername format 'undefined'
[SYNAPSE] [PM 6:53:39] [INFO] [v0.3.30] Harvest complete: 0 files, 0 folders
[SYNAPSE] [PM 6:53:39] [WARN] [v0.3.30] HarvestSession transition failed: expected Executing, current is Harvesting
[SYNAPSE] [PM 6:53:39] [INFO] [v0.3.30] HarvestSession state change: Harvesting -> Unlocked
SyntaxError: Unexpected token 'n', "null" is not valid JSON
    at JSON.parse (<anonymous>)
    at createStrictSyntaxError (/home/dogsinatas/TypeScript_project/antigravity-extension-vis/node_modules/body-parser/lib/types/json.js:109:10)
    at parse (/home/dogsinatas/TypeScript_project/antigravity-extension-vis/node_modules/body-parser/lib/types/json.js:66:15)
    at /home/dogsinatas/TypeScript_project/antigravity-extension-vis/node_modules/body-parser/lib/read.js:162:18
    at AsyncResource.runInAsyncScope (node:async_hooks:227:14)
    at invokeCallback (/home/dogsinatas/TypeScript_project/antigravity-extension-vis/node_modules/raw-body/index.js:238:16)
    at done (/home/dogsinatas/TypeScript_project/antigravity-extension-vis/node_modules/raw-body/index.js:227:7)
    at IncomingMessage.onEnd (/home/dogsinatas/TypeScript_project/antigravity-extension-vis/node_modules/raw-body/index.js:287:7)
    at IncomingMessage.emit (node:events:509:28)
    at IncomingMessage.emit (node:domain:489:12)
[SYNAPSE] [PM 6:54:09] [INFO] [v0.3.30] HarvestSession state change: Unlocked -> Locked
[SYNAPSE] [PM 6:54:09] [INFO] [v0.3.30] HarvestSession state change: Locked -> Comparing
[SYNAPSE] [PM 6:54:09] [WARN] [v0.3.30] CompareEngine: Failed to get hashes for soak_client - Client is not connected
[SYNAPSE] [PM 6:54:09] [INFO] [v0.3.30] CompareEngine: Found 0 differences
[SYNAPSE] [PM 6:54:09] [INFO] [v0.3.30] HarvestSession state change: Comparing -> Approving
[SYNAPSE] [PM 6:54:09] [INFO] [v0.3.30] HarvestSession state change: Approving -> Executing
[SYNAPSE] [PM 6:54:09] [INFO] [v0.3.30] HarvestSession state change: Executing -> Harvesting
[SYNAPSE] [PM 6:54:09] [INFO] [v0.3.30] Harvest starting: Processing 1 approved files
[SYNAPSE] [PM 6:54:09] [WARN] [v0.3.30] Harvest rejected: Invalid clientUsername format 'undefined'
[SYNAPSE] [PM 6:54:09] [INFO] [v0.3.30] Harvest complete: 0 files, 0 folders
[SYNAPSE] [PM 6:54:09] [WARN] [v0.3.30] HarvestSession transition failed: expected Executing, current is Harvesting
[SYNAPSE] [PM 6:54:09] [INFO] [v0.3.30] HarvestSession state change: Harvesting -> Unlocked
[SYNAPSE] [PM 6:54:39] [INFO] [v0.3.30] HarvestSession state change: Unlocked -> Locked
[SYNAPSE] [PM 6:54:39] [INFO] [v0.3.30] HarvestSession state change: Locked -> Comparing
[SYNAPSE] [PM 6:54:39] [WARN] [v0.3.30] CompareEngine: Failed to get hashes for soak_client - Client is not connected
[SYNAPSE] [PM 6:54:39] [INFO] [v0.3.30] CompareEngine: Found 0 differences
[SYNAPSE] [PM 6:54:39] [INFO] [v0.3.30] HarvestSession state change: Comparing -> Approving
[SYNAPSE] [PM 6:54:39] [INFO] [v0.3.30] HarvestSession state change: Approving -> Executing
[SYNAPSE] [PM 6:54:39] [INFO] [v0.3.30] HarvestSession state change: Executing -> Harvesting
[SYNAPSE] [PM 6:54:39] [INFO] [v0.3.30] Harvest starting: Processing 1 approved files
[SYNAPSE] [PM 6:54:39] [WARN] [v0.3.30] Harvest rejected: Invalid clientUsername format 'undefined'
[SYNAPSE] [PM 6:54:39] [INFO] [v0.3.30] Harvest complete: 0 files, 0 folders
[SYNAPSE] [PM 6:54:39] [WARN] [v0.3.30] HarvestSession transition failed: expected Executing, current is Harvesting
[SYNAPSE] [PM 6:54:39] [INFO] [v0.3.30] HarvestSession state change: Harvesting -> Unlocked
SyntaxError: Unexpected token 'n', "null" is not valid JSON
    at JSON.parse (<anonymous>)
    at createStrictSyntaxError (/home/dogsinatas/TypeScript_project/antigravity-extension-vis/node_modules/body-parser/lib/types/json.js:109:10)
    at parse (/home/dogsinatas/TypeScript_project/antigravity-extension-vis/node_modules/body-parser/lib/types/json.js:66:15)
    at /home/dogsinatas/TypeScript_project/antigravity-extension-vis/node_modules/body-parser/lib/read.js:162:18
    at AsyncResource.runInAsyncScope (node:async_hooks:227:14)
    at invokeCallback (/home/dogsinatas/TypeScript_project/antigravity-extension-vis/node_modules/raw-body/index.js:238:16)
    at done (/home/dogsinatas/TypeScript_project/antigravity-extension-vis/node_modules/raw-body/index.js:227:7)
    at IncomingMessage.onEnd (/home/dogsinatas/TypeScript_project/antigravity-extension-vis/node_modules/raw-body/index.js:287:7)
    at IncomingMessage.emit (node:events:509:28)
    at IncomingMessage.emit (node:domain:489:12)
[SYNAPSE] [PM 6:55:09] [INFO] [v0.3.30] HarvestSession state change: Unlocked -> Locked
[SYNAPSE] [PM 6:55:09] [INFO] [v0.3.30] HarvestSession state change: Locked -> Comparing
[SYNAPSE] [PM 6:55:09] [WARN] [v0.3.30] CompareEngine: Failed to get hashes for soak_client - Client is not connected
[SYNAPSE] [PM 6:55:09] [INFO] [v0.3.30] CompareEngine: Found 0 differences
[SYNAPSE] [PM 6:55:09] [INFO] [v0.3.30] HarvestSession state change: Comparing -> Approving
[SYNAPSE] [PM 6:55:09] [INFO] [v0.3.30] HarvestSession state change: Approving -> Executing
[SYNAPSE] [PM 6:55:09] [INFO] [v0.3.30] HarvestSession state change: Executing -> Harvesting
[SYNAPSE] [PM 6:55:09] [INFO] [v0.3.30] Harvest starting: Processing 1 approved files
[SYNAPSE] [PM 6:55:09] [WARN] [v0.3.30] Harvest rejected: Invalid clientUsername format 'undefined'
[SYNAPSE] [PM 6:55:09] [INFO] [v0.3.30] Harvest complete: 0 files, 0 folders
[SYNAPSE] [PM 6:55:09] [WARN] [v0.3.30] HarvestSession transition failed: expected Executing, current is Harvesting
[SYNAPSE] [PM 6:55:09] [INFO] [v0.3.30] HarvestSession state change: Harvesting -> Unlocked
[SYNAPSE] [PM 6:55:39] [INFO] [v0.3.30] HarvestSession state change: Unlocked -> Locked
[SYNAPSE] [PM 6:55:39] [INFO] [v0.3.30] HarvestSession state change: Locked -> Comparing
[SYNAPSE] [PM 6:55:39] [WARN] [v0.3.30] CompareEngine: Failed to get hashes for soak_client - Client is not connected
[SYNAPSE] [PM 6:55:39] [INFO] [v0.3.30] CompareEngine: Found 0 differences
[SYNAPSE] [PM 6:55:39] [INFO] [v0.3.30] HarvestSession state change: Comparing -> Approving
[SYNAPSE] [PM 6:55:39] [INFO] [v0.3.30] HarvestSession state change: Approving -> Executing
[SYNAPSE] [PM 6:55:39] [INFO] [v0.3.30] HarvestSession state change: Executing -> Harvesting
[SYNAPSE] [PM 6:55:39] [INFO] [v0.3.30] Harvest starting: Processing 1 approved files
[SYNAPSE] [PM 6:55:39] [WARN] [v0.3.30] Harvest rejected: Invalid clientUsername format 'undefined'
[SYNAPSE] [PM 6:55:39] [INFO] [v0.3.30] Harvest complete: 0 files, 0 folders
[SYNAPSE] [PM 6:55:39] [WARN] [v0.3.30] HarvestSession transition failed: expected Executing, current is Harvesting
[SYNAPSE] [PM 6:55:39] [INFO] [v0.3.30] HarvestSession state change: Harvesting -> Unlocked
SyntaxError: Unexpected token 'n', "null" is not valid JSON
    at JSON.parse (<anonymous>)
    at createStrictSyntaxError (/home/dogsinatas/TypeScript_project/antigravity-extension-vis/node_modules/body-parser/lib/types/json.js:109:10)
    at parse (/home/dogsinatas/TypeScript_project/antigravity-extension-vis/node_modules/body-parser/lib/types/json.js:66:15)
    at /home/dogsinatas/TypeScript_project/antigravity-extension-vis/node_modules/body-parser/lib/read.js:162:18
    at AsyncResource.runInAsyncScope (node:async_hooks:227:14)
    at invokeCallback (/home/dogsinatas/TypeScript_project/antigravity-extension-vis/node_modules/raw-body/index.js:238:16)
    at done (/home/dogsinatas/TypeScript_project/antigravity-extension-vis/node_modules/raw-body/index.js:227:7)
    at IncomingMessage.onEnd (/home/dogsinatas/TypeScript_project/antigravity-extension-vis/node_modules/raw-body/index.js:287:7)
    at IncomingMessage.emit (node:events:509:28)
    at IncomingMessage.emit (node:domain:489:12)
[SYNAPSE] [PM 6:56:09] [INFO] [v0.3.30] HarvestSession state change: Unlocked -> Locked
[SYNAPSE] [PM 6:56:09] [INFO] [v0.3.30] HarvestSession state change: Locked -> Comparing
[SYNAPSE] [PM 6:56:09] [WARN] [v0.3.30] CompareEngine: Failed to get hashes for soak_client - Client is not connected
[SYNAPSE] [PM 6:56:09] [INFO] [v0.3.30] CompareEngine: Found 0 differences
[SYNAPSE] [PM 6:56:09] [INFO] [v0.3.30] HarvestSession state change: Comparing -> Approving
[SYNAPSE] [PM 6:56:09] [INFO] [v0.3.30] HarvestSession state change: Approving -> Executing
[SYNAPSE] [PM 6:56:09] [INFO] [v0.3.30] HarvestSession state change: Executing -> Harvesting
[SYNAPSE] [PM 6:56:09] [INFO] [v0.3.30] Harvest starting: Processing 1 approved files
[SYNAPSE] [PM 6:56:09] [WARN] [v0.3.30] Harvest rejected: Invalid clientUsername format 'undefined'
[SYNAPSE] [PM 6:56:09] [INFO] [v0.3.30] Harvest complete: 0 files, 0 folders
[SYNAPSE] [PM 6:56:09] [WARN] [v0.3.30] HarvestSession transition failed: expected Executing, current is Harvesting
[SYNAPSE] [PM 6:56:09] [INFO] [v0.3.30] HarvestSession state change: Harvesting -> Unlocked
[SYNAPSE] [PM 6:56:39] [INFO] [v0.3.30] HarvestSession state change: Unlocked -> Locked
[SYNAPSE] [PM 6:56:39] [INFO] [v0.3.30] HarvestSession state change: Locked -> Comparing
[SYNAPSE] [PM 6:56:39] [WARN] [v0.3.30] CompareEngine: Failed to get hashes for soak_client - Client is not connected
[SYNAPSE] [PM 6:56:39] [INFO] [v0.3.30] CompareEngine: Found 0 differences
[SYNAPSE] [PM 6:56:39] [INFO] [v0.3.30] HarvestSession state change: Comparing -> Approving
[SYNAPSE] [PM 6:56:39] [INFO] [v0.3.30] HarvestSession state change: Approving -> Executing
[SYNAPSE] [PM 6:56:39] [INFO] [v0.3.30] HarvestSession state change: Executing -> Harvesting
[SYNAPSE] [PM 6:56:39] [INFO] [v0.3.30] Harvest starting: Processing 1 approved files
[SYNAPSE] [PM 6:56:39] [WARN] [v0.3.30] Harvest rejected: Invalid clientUsername format 'undefined'
[SYNAPSE] [PM 6:56:39] [INFO] [v0.3.30] Harvest complete: 0 files, 0 folders
[SYNAPSE] [PM 6:56:39] [WARN] [v0.3.30] HarvestSession transition failed: expected Executing, current is Harvesting
[SYNAPSE] [PM 6:56:39] [INFO] [v0.3.30] HarvestSession state change: Harvesting -> Unlocked
SyntaxError: Unexpected token 'n', "null" is not valid JSON
    at JSON.parse (<anonymous>)
    at createStrictSyntaxError (/home/dogsinatas/TypeScript_project/antigravity-extension-vis/node_modules/body-parser/lib/types/json.js:109:10)
    at parse (/home/dogsinatas/TypeScript_project/antigravity-extension-vis/node_modules/body-parser/lib/types/json.js:66:15)
    at /home/dogsinatas/TypeScript_project/antigravity-extension-vis/node_modules/body-parser/lib/read.js:162:18
    at AsyncResource.runInAsyncScope (node:async_hooks:227:14)
    at invokeCallback (/home/dogsinatas/TypeScript_project/antigravity-extension-vis/node_modules/raw-body/index.js:238:16)
    at done (/home/dogsinatas/TypeScript_project/antigravity-extension-vis/node_modules/raw-body/index.js:227:7)
    at IncomingMessage.onEnd (/home/dogsinatas/TypeScript_project/antigravity-extension-vis/node_modules/raw-body/index.js:287:7)
    at IncomingMessage.emit (node:events:509:28)
    at IncomingMessage.emit (node:domain:489:12)
[SYNAPSE] [PM 6:57:09] [INFO] [v0.3.30] HarvestSession state change: Unlocked -> Locked
[SYNAPSE] [PM 6:57:09] [INFO] [v0.3.30] HarvestSession state change: Locked -> Comparing
[SYNAPSE] [PM 6:57:09] [WARN] [v0.3.30] CompareEngine: Failed to get hashes for soak_client - Client is not connected
[SYNAPSE] [PM 6:57:09] [INFO] [v0.3.30] CompareEngine: Found 0 differences
[SYNAPSE] [PM 6:57:09] [INFO] [v0.3.30] HarvestSession state change: Comparing -> Approving
[SYNAPSE] [PM 6:57:09] [INFO] [v0.3.30] HarvestSession state change: Approving -> Executing
[SYNAPSE] [PM 6:57:09] [INFO] [v0.3.30] HarvestSession state change: Executing -> Harvesting
[SYNAPSE] [PM 6:57:09] [INFO] [v0.3.30] Harvest starting: Processing 1 approved files
[SYNAPSE] [PM 6:57:09] [WARN] [v0.3.30] Harvest rejected: Invalid clientUsername format 'undefined'
[SYNAPSE] [PM 6:57:09] [INFO] [v0.3.30] Harvest complete: 0 files, 0 folders
[SYNAPSE] [PM 6:57:09] [WARN] [v0.3.30] HarvestSession transition failed: expected Executing, current is Harvesting
[SYNAPSE] [PM 6:57:09] [INFO] [v0.3.30] HarvestSession state change: Harvesting -> Unlocked
[SYNAPSE] [PM 6:57:39] [INFO] [v0.3.30] HarvestSession state change: Unlocked -> Locked
[SYNAPSE] [PM 6:57:39] [INFO] [v0.3.30] HarvestSession state change: Locked -> Comparing
[SYNAPSE] [PM 6:57:39] [WARN] [v0.3.30] CompareEngine: Failed to get hashes for soak_client - Client is not connected
[SYNAPSE] [PM 6:57:39] [INFO] [v0.3.30] CompareEngine: Found 0 differences
[SYNAPSE] [PM 6:57:39] [INFO] [v0.3.30] HarvestSession state change: Comparing -> Approving
[SYNAPSE] [PM 6:57:39] [INFO] [v0.3.30] HarvestSession state change: Approving -> Executing
[SYNAPSE] [PM 6:57:39] [INFO] [v0.3.30] HarvestSession state change: Executing -> Harvesting
[SYNAPSE] [PM 6:57:39] [INFO] [v0.3.30] Harvest starting: Processing 1 approved files
[SYNAPSE] [PM 6:57:39] [WARN] [v0.3.30] Harvest rejected: Invalid clientUsername format 'undefined'
[SYNAPSE] [PM 6:57:39] [INFO] [v0.3.30] Harvest complete: 0 files, 0 folders
[SYNAPSE] [PM 6:57:39] [WARN] [v0.3.30] HarvestSession transition failed: expected Executing, current is Harvesting
[SYNAPSE] [PM 6:57:39] [INFO] [v0.3.30] HarvestSession state change: Harvesting -> Unlocked
SyntaxError: Unexpected token 'n', "null" is not valid JSON
    at JSON.parse (<anonymous>)
    at createStrictSyntaxError (/home/dogsinatas/TypeScript_project/antigravity-extension-vis/node_modules/body-parser/lib/types/json.js:109:10)
    at parse (/home/dogsinatas/TypeScript_project/antigravity-extension-vis/node_modules/body-parser/lib/types/json.js:66:15)
    at /home/dogsinatas/TypeScript_project/antigravity-extension-vis/node_modules/body-parser/lib/read.js:162:18
    at AsyncResource.runInAsyncScope (node:async_hooks:227:14)
    at invokeCallback (/home/dogsinatas/TypeScript_project/antigravity-extension-vis/node_modules/raw-body/index.js:238:16)
    at done (/home/dogsinatas/TypeScript_project/antigravity-extension-vis/node_modules/raw-body/index.js:227:7)
    at IncomingMessage.onEnd (/home/dogsinatas/TypeScript_project/antigravity-extension-vis/node_modules/raw-body/index.js:287:7)
    at IncomingMessage.emit (node:events:509:28)
    at IncomingMessage.emit (node:domain:489:12)
[SYNAPSE] [PM 6:58:09] [INFO] [v0.3.30] HarvestSession state change: Unlocked -> Locked
[SYNAPSE] [PM 6:58:09] [INFO] [v0.3.30] HarvestSession state change: Locked -> Comparing
[SYNAPSE] [PM 6:58:09] [WARN] [v0.3.30] CompareEngine: Failed to get hashes for soak_client - Client is not connected
[SYNAPSE] [PM 6:58:09] [INFO] [v0.3.30] CompareEngine: Found 0 differences
[SYNAPSE] [PM 6:58:09] [INFO] [v0.3.30] HarvestSession state change: Comparing -> Approving
[SYNAPSE] [PM 6:58:09] [INFO] [v0.3.30] HarvestSession state change: Approving -> Executing
[SYNAPSE] [PM 6:58:09] [INFO] [v0.3.30] HarvestSession state change: Executing -> Harvesting
[SYNAPSE] [PM 6:58:09] [INFO] [v0.3.30] Harvest starting: Processing 1 approved files
[SYNAPSE] [PM 6:58:09] [WARN] [v0.3.30] Harvest rejected: Invalid clientUsername format 'undefined'
[SYNAPSE] [PM 6:58:09] [INFO] [v0.3.30] Harvest complete: 0 files, 0 folders
[SYNAPSE] [PM 6:58:09] [WARN] [v0.3.30] HarvestSession transition failed: expected Executing, current is Harvesting
[SYNAPSE] [PM 6:58:09] [INFO] [v0.3.30] HarvestSession state change: Harvesting -> Unlocked
[SYNAPSE] [PM 6:58:39] [INFO] [v0.3.30] HarvestSession state change: Unlocked -> Locked
[SYNAPSE] [PM 6:58:39] [INFO] [v0.3.30] HarvestSession state change: Locked -> Comparing
[SYNAPSE] [PM 6:58:39] [WARN] [v0.3.30] CompareEngine: Failed to get hashes for soak_client - Client is not connected
[SYNAPSE] [PM 6:58:39] [INFO] [v0.3.30] CompareEngine: Found 0 differences
[SYNAPSE] [PM 6:58:39] [INFO] [v0.3.30] HarvestSession state change: Comparing -> Approving
[SYNAPSE] [PM 6:58:39] [INFO] [v0.3.30] HarvestSession state change: Approving -> Executing
[SYNAPSE] [PM 6:58:39] [INFO] [v0.3.30] HarvestSession state change: Executing -> Harvesting
[SYNAPSE] [PM 6:58:39] [INFO] [v0.3.30] Harvest starting: Processing 1 approved files
[SYNAPSE] [PM 6:58:39] [WARN] [v0.3.30] Harvest rejected: Invalid clientUsername format 'undefined'
[SYNAPSE] [PM 6:58:39] [INFO] [v0.3.30] Harvest complete: 0 files, 0 folders
[SYNAPSE] [PM 6:58:39] [WARN] [v0.3.30] HarvestSession transition failed: expected Executing, current is Harvesting
[SYNAPSE] [PM 6:58:39] [INFO] [v0.3.30] HarvestSession state change: Harvesting -> Unlocked
SyntaxError: Unexpected token 'n', "null" is not valid JSON
    at JSON.parse (<anonymous>)
    at createStrictSyntaxError (/home/dogsinatas/TypeScript_project/antigravity-extension-vis/node_modules/body-parser/lib/types/json.js:109:10)
    at parse (/home/dogsinatas/TypeScript_project/antigravity-extension-vis/node_modules/body-parser/lib/types/json.js:66:15)
    at /home/dogsinatas/TypeScript_project/antigravity-extension-vis/node_modules/body-parser/lib/read.js:162:18
    at AsyncResource.runInAsyncScope (node:async_hooks:227:14)
    at invokeCallback (/home/dogsinatas/TypeScript_project/antigravity-extension-vis/node_modules/raw-body/index.js:238:16)
    at done (/home/dogsinatas/TypeScript_project/antigravity-extension-vis/node_modules/raw-body/index.js:227:7)
    at IncomingMessage.onEnd (/home/dogsinatas/TypeScript_project/antigravity-extension-vis/node_modules/raw-body/index.js:287:7)
    at IncomingMessage.emit (node:events:509:28)
    at IncomingMessage.emit (node:domain:489:12)
[SYNAPSE] [PM 6:59:09] [INFO] [v0.3.30] HarvestSession state change: Unlocked -> Locked
[SYNAPSE] [PM 6:59:09] [INFO] [v0.3.30] HarvestSession state change: Locked -> Comparing
[SYNAPSE] [PM 6:59:09] [WARN] [v0.3.30] CompareEngine: Failed to get hashes for soak_client - Client is not connected
[SYNAPSE] [PM 6:59:09] [INFO] [v0.3.30] CompareEngine: Found 0 differences
[SYNAPSE] [PM 6:59:09] [INFO] [v0.3.30] HarvestSession state change: Comparing -> Approving
[SYNAPSE] [PM 6:59:09] [INFO] [v0.3.30] HarvestSession state change: Approving -> Executing
[SYNAPSE] [PM 6:59:09] [INFO] [v0.3.30] HarvestSession state change: Executing -> Harvesting
[SYNAPSE] [PM 6:59:09] [INFO] [v0.3.30] Harvest starting: Processing 1 approved files
[SYNAPSE] [PM 6:59:09] [WARN] [v0.3.30] Harvest rejected: Invalid clientUsername format 'undefined'
[SYNAPSE] [PM 6:59:09] [INFO] [v0.3.30] Harvest complete: 0 files, 0 folders
[SYNAPSE] [PM 6:59:09] [WARN] [v0.3.30] HarvestSession transition failed: expected Executing, current is Harvesting
[SYNAPSE] [PM 6:59:09] [INFO] [v0.3.30] HarvestSession state change: Harvesting -> Unlocked
[SYNAPSE] [PM 6:59:39] [INFO] [v0.3.30] HarvestSession state change: Unlocked -> Locked
[SYNAPSE] [PM 6:59:39] [INFO] [v0.3.30] HarvestSession state change: Locked -> Comparing
[SYNAPSE] [PM 6:59:39] [WARN] [v0.3.30] CompareEngine: Failed to get hashes for soak_client - Client is not connected
[SYNAPSE] [PM 6:59:39] [INFO] [v0.3.30] CompareEngine: Found 0 differences
[SYNAPSE] [PM 6:59:39] [INFO] [v0.3.30] HarvestSession state change: Comparing -> Approving
[SYNAPSE] [PM 6:59:39] [INFO] [v0.3.30] HarvestSession state change: Approving -> Executing
[SYNAPSE] [PM 6:59:39] [INFO] [v0.3.30] HarvestSession state change: Executing -> Harvesting
[SYNAPSE] [PM 6:59:39] [INFO] [v0.3.30] Harvest starting: Processing 1 approved files
[SYNAPSE] [PM 6:59:39] [WARN] [v0.3.30] Harvest rejected: Invalid clientUsername format 'undefined'
[SYNAPSE] [PM 6:59:39] [INFO] [v0.3.30] Harvest complete: 0 files, 0 folders
[SYNAPSE] [PM 6:59:39] [WARN] [v0.3.30] HarvestSession transition failed: expected Executing, current is Harvesting
[SYNAPSE] [PM 6:59:39] [INFO] [v0.3.30] HarvestSession state change: Harvesting -> Unlocked
SyntaxError: Unexpected token 'n', "null" is not valid JSON
    at JSON.parse (<anonymous>)
    at createStrictSyntaxError (/home/dogsinatas/TypeScript_project/antigravity-extension-vis/node_modules/body-parser/lib/types/json.js:109:10)
    at parse (/home/dogsinatas/TypeScript_project/antigravity-extension-vis/node_modules/body-parser/lib/types/json.js:66:15)
    at /home/dogsinatas/TypeScript_project/antigravity-extension-vis/node_modules/body-parser/lib/read.js:162:18
    at AsyncResource.runInAsyncScope (node:async_hooks:227:14)
    at invokeCallback (/home/dogsinatas/TypeScript_project/antigravity-extension-vis/node_modules/raw-body/index.js:238:16)
    at done (/home/dogsinatas/TypeScript_project/antigravity-extension-vis/node_modules/raw-body/index.js:227:7)
    at IncomingMessage.onEnd (/home/dogsinatas/TypeScript_project/antigravity-extension-vis/node_modules/raw-body/index.js:287:7)
    at IncomingMessage.emit (node:events:509:28)
    at IncomingMessage.emit (node:domain:489:12)
[SYNAPSE] [PM 7:00:09] [INFO] [v0.3.30] HarvestSession state change: Unlocked -> Locked
[SYNAPSE] [PM 7:00:09] [INFO] [v0.3.30] HarvestSession state change: Locked -> Comparing
[SYNAPSE] [PM 7:00:09] [WARN] [v0.3.30] CompareEngine: Failed to get hashes for soak_client - Client is not connected
[SYNAPSE] [PM 7:00:09] [INFO] [v0.3.30] CompareEngine: Found 0 differences
[SYNAPSE] [PM 7:00:09] [INFO] [v0.3.30] HarvestSession state change: Comparing -> Approving
[SYNAPSE] [PM 7:00:09] [INFO] [v0.3.30] HarvestSession state change: Approving -> Executing
[SYNAPSE] [PM 7:00:09] [INFO] [v0.3.30] HarvestSession state change: Executing -> Harvesting
[SYNAPSE] [PM 7:00:09] [INFO] [v0.3.30] Harvest starting: Processing 1 approved files
[SYNAPSE] [PM 7:00:09] [WARN] [v0.3.30] Harvest rejected: Invalid clientUsername format 'undefined'
[SYNAPSE] [PM 7:00:09] [INFO] [v0.3.30] Harvest complete: 0 files, 0 folders
[SYNAPSE] [PM 7:00:09] [WARN] [v0.3.30] HarvestSession transition failed: expected Executing, current is Harvesting
[SYNAPSE] [PM 7:00:09] [INFO] [v0.3.30] HarvestSession state change: Harvesting -> Unlocked
[SYNAPSE] [PM 7:00:39] [INFO] [v0.3.30] HarvestSession state change: Unlocked -> Locked
[SYNAPSE] [PM 7:00:39] [INFO] [v0.3.30] HarvestSession state change: Locked -> Comparing
[SYNAPSE] [PM 7:00:39] [WARN] [v0.3.30] CompareEngine: Failed to get hashes for soak_client - Client is not connected
[SYNAPSE] [PM 7:00:39] [INFO] [v0.3.30] CompareEngine: Found 0 differences
[SYNAPSE] [PM 7:00:39] [INFO] [v0.3.30] HarvestSession state change: Comparing -> Approving
[SYNAPSE] [PM 7:00:39] [INFO] [v0.3.30] HarvestSession state change: Approving -> Executing
[SYNAPSE] [PM 7:00:39] [INFO] [v0.3.30] HarvestSession state change: Executing -> Harvesting
[SYNAPSE] [PM 7:00:39] [INFO] [v0.3.30] Harvest starting: Processing 1 approved files
[SYNAPSE] [PM 7:00:39] [WARN] [v0.3.30] Harvest rejected: Invalid clientUsername format 'undefined'
[SYNAPSE] [PM 7:00:39] [INFO] [v0.3.30] Harvest complete: 0 files, 0 folders
[SYNAPSE] [PM 7:00:39] [WARN] [v0.3.30] HarvestSession transition failed: expected Executing, current is Harvesting
[SYNAPSE] [PM 7:00:39] [INFO] [v0.3.30] HarvestSession state change: Harvesting -> Unlocked
SyntaxError: Unexpected token 'n', "null" is not valid JSON
    at JSON.parse (<anonymous>)
    at createStrictSyntaxError (/home/dogsinatas/TypeScript_project/antigravity-extension-vis/node_modules/body-parser/lib/types/json.js:109:10)
    at parse (/home/dogsinatas/TypeScript_project/antigravity-extension-vis/node_modules/body-parser/lib/types/json.js:66:15)
    at /home/dogsinatas/TypeScript_project/antigravity-extension-vis/node_modules/body-parser/lib/read.js:162:18
    at AsyncResource.runInAsyncScope (node:async_hooks:227:14)
    at invokeCallback (/home/dogsinatas/TypeScript_project/antigravity-extension-vis/node_modules/raw-body/index.js:238:16)
    at done (/home/dogsinatas/TypeScript_project/antigravity-extension-vis/node_modules/raw-body/index.js:227:7)
    at IncomingMessage.onEnd (/home/dogsinatas/TypeScript_project/antigravity-extension-vis/node_modules/raw-body/index.js:287:7)
    at IncomingMessage.emit (node:events:509:28)
    at IncomingMessage.emit (node:domain:489:12)
[SYNAPSE] [PM 7:01:09] [INFO] [v0.3.30] HarvestSession state change: Unlocked -> Locked
[SYNAPSE] [PM 7:01:09] [INFO] [v0.3.30] HarvestSession state change: Locked -> Comparing
[SYNAPSE] [PM 7:01:09] [WARN] [v0.3.30] CompareEngine: Failed to get hashes for soak_client - Client is not connected
[SYNAPSE] [PM 7:01:09] [INFO] [v0.3.30] CompareEngine: Found 0 differences
[SYNAPSE] [PM 7:01:09] [INFO] [v0.3.30] HarvestSession state change: Comparing -> Approving
[SYNAPSE] [PM 7:01:09] [INFO] [v0.3.30] HarvestSession state change: Approving -> Executing
[SYNAPSE] [PM 7:01:09] [INFO] [v0.3.30] HarvestSession state change: Executing -> Harvesting
[SYNAPSE] [PM 7:01:09] [INFO] [v0.3.30] Harvest starting: Processing 1 approved files
[SYNAPSE] [PM 7:01:09] [WARN] [v0.3.30] Harvest rejected: Invalid clientUsername format 'undefined'
[SYNAPSE] [PM 7:01:09] [INFO] [v0.3.30] Harvest complete: 0 files, 0 folders
[SYNAPSE] [PM 7:01:09] [WARN] [v0.3.30] HarvestSession transition failed: expected Executing, current is Harvesting
[SYNAPSE] [PM 7:01:09] [INFO] [v0.3.30] HarvestSession state change: Harvesting -> Unlocked
[SYNAPSE] [PM 7:01:39] [INFO] [v0.3.30] HarvestSession state change: Unlocked -> Locked
[SYNAPSE] [PM 7:01:39] [INFO] [v0.3.30] HarvestSession state change: Locked -> Comparing
[SYNAPSE] [PM 7:01:39] [WARN] [v0.3.30] CompareEngine: Failed to get hashes for soak_client - Client is not connected
[SYNAPSE] [PM 7:01:39] [INFO] [v0.3.30] CompareEngine: Found 0 differences
[SYNAPSE] [PM 7:01:39] [INFO] [v0.3.30] HarvestSession state change: Comparing -> Approving
[SYNAPSE] [PM 7:01:39] [INFO] [v0.3.30] HarvestSession state change: Approving -> Executing
[SYNAPSE] [PM 7:01:39] [INFO] [v0.3.30] HarvestSession state change: Executing -> Harvesting
[SYNAPSE] [PM 7:01:39] [INFO] [v0.3.30] Harvest starting: Processing 1 approved files
[SYNAPSE] [PM 7:01:39] [WARN] [v0.3.30] Harvest rejected: Invalid clientUsername format 'undefined'
[SYNAPSE] [PM 7:01:39] [INFO] [v0.3.30] Harvest complete: 0 files, 0 folders
[SYNAPSE] [PM 7:01:39] [WARN] [v0.3.30] HarvestSession transition failed: expected Executing, current is Harvesting
[SYNAPSE] [PM 7:01:39] [INFO] [v0.3.30] HarvestSession state change: Harvesting -> Unlocked
SyntaxError: Unexpected token 'n', "null" is not valid JSON
    at JSON.parse (<anonymous>)
    at createStrictSyntaxError (/home/dogsinatas/TypeScript_project/antigravity-extension-vis/node_modules/body-parser/lib/types/json.js:109:10)
    at parse (/home/dogsinatas/TypeScript_project/antigravity-extension-vis/node_modules/body-parser/lib/types/json.js:66:15)
    at /home/dogsinatas/TypeScript_project/antigravity-extension-vis/node_modules/body-parser/lib/read.js:162:18
    at AsyncResource.runInAsyncScope (node:async_hooks:227:14)
    at invokeCallback (/home/dogsinatas/TypeScript_project/antigravity-extension-vis/node_modules/raw-body/index.js:238:16)
    at done (/home/dogsinatas/TypeScript_project/antigravity-extension-vis/node_modules/raw-body/index.js:227:7)
    at IncomingMessage.onEnd (/home/dogsinatas/TypeScript_project/antigravity-extension-vis/node_modules/raw-body/index.js:287:7)
    at IncomingMessage.emit (node:events:509:28)
    at IncomingMessage.emit (node:domain:489:12)
[SYNAPSE] [PM 7:02:09] [INFO] [v0.3.30] HarvestSession state change: Unlocked -> Locked
[SYNAPSE] [PM 7:02:09] [INFO] [v0.3.30] HarvestSession state change: Locked -> Comparing
[SYNAPSE] [PM 7:02:09] [WARN] [v0.3.30] CompareEngine: Failed to get hashes for soak_client - Client is not connected
[SYNAPSE] [PM 7:02:09] [INFO] [v0.3.30] CompareEngine: Found 0 differences
[SYNAPSE] [PM 7:02:09] [INFO] [v0.3.30] HarvestSession state change: Comparing -> Approving
[SYNAPSE] [PM 7:02:09] [INFO] [v0.3.30] HarvestSession state change: Approving -> Executing
[SYNAPSE] [PM 7:02:09] [INFO] [v0.3.30] HarvestSession state change: Executing -> Harvesting
[SYNAPSE] [PM 7:02:09] [INFO] [v0.3.30] Harvest starting: Processing 1 approved files
[SYNAPSE] [PM 7:02:09] [WARN] [v0.3.30] Harvest rejected: Invalid clientUsername format 'undefined'
[SYNAPSE] [PM 7:02:09] [INFO] [v0.3.30] Harvest complete: 0 files, 0 folders
[SYNAPSE] [PM 7:02:09] [WARN] [v0.3.30] HarvestSession transition failed: expected Executing, current is Harvesting
[SYNAPSE] [PM 7:02:09] [INFO] [v0.3.30] HarvestSession state change: Harvesting -> Unlocked
[SYNAPSE] [PM 7:02:39] [INFO] [v0.3.30] HarvestSession state change: Unlocked -> Locked
[SYNAPSE] [PM 7:02:39] [INFO] [v0.3.30] HarvestSession state change: Locked -> Comparing
[SYNAPSE] [PM 7:02:39] [WARN] [v0.3.30] CompareEngine: Failed to get hashes for soak_client - Client is not connected
[SYNAPSE] [PM 7:02:39] [INFO] [v0.3.30] CompareEngine: Found 0 differences
[SYNAPSE] [PM 7:02:39] [INFO] [v0.3.30] HarvestSession state change: Comparing -> Approving
[SYNAPSE] [PM 7:02:39] [INFO] [v0.3.30] HarvestSession state change: Approving -> Executing
[SYNAPSE] [PM 7:02:39] [INFO] [v0.3.30] HarvestSession state change: Executing -> Harvesting
[SYNAPSE] [PM 7:02:39] [INFO] [v0.3.30] Harvest starting: Processing 1 approved files
[SYNAPSE] [PM 7:02:39] [WARN] [v0.3.30] Harvest rejected: Invalid clientUsername format 'undefined'
[SYNAPSE] [PM 7:02:39] [INFO] [v0.3.30] Harvest complete: 0 files, 0 folders
[SYNAPSE] [PM 7:02:39] [WARN] [v0.3.30] HarvestSession transition failed: expected Executing, current is Harvesting
[SYNAPSE] [PM 7:02:39] [INFO] [v0.3.30] HarvestSession state change: Harvesting -> Unlocked
SyntaxError: Unexpected token 'n', "null" is not valid JSON
    at JSON.parse (<anonymous>)
    at createStrictSyntaxError (/home/dogsinatas/TypeScript_project/antigravity-extension-vis/node_modules/body-parser/lib/types/json.js:109:10)
    at parse (/home/dogsinatas/TypeScript_project/antigravity-extension-vis/node_modules/body-parser/lib/types/json.js:66:15)
    at /home/dogsinatas/TypeScript_project/antigravity-extension-vis/node_modules/body-parser/lib/read.js:162:18
    at AsyncResource.runInAsyncScope (node:async_hooks:227:14)
    at invokeCallback (/home/dogsinatas/TypeScript_project/antigravity-extension-vis/node_modules/raw-body/index.js:238:16)
    at done (/home/dogsinatas/TypeScript_project/antigravity-extension-vis/node_modules/raw-body/index.js:227:7)
    at IncomingMessage.onEnd (/home/dogsinatas/TypeScript_project/antigravity-extension-vis/node_modules/raw-body/index.js:287:7)
    at IncomingMessage.emit (node:events:509:28)
    at IncomingMessage.emit (node:domain:489:12)
[SYNAPSE] [PM 7:03:09] [INFO] [v0.3.30] HarvestSession state change: Unlocked -> Locked
[SYNAPSE] [PM 7:03:09] [INFO] [v0.3.30] HarvestSession state change: Locked -> Comparing
[SYNAPSE] [PM 7:03:09] [WARN] [v0.3.30] CompareEngine: Failed to get hashes for soak_client - Client is not connected
[SYNAPSE] [PM 7:03:09] [INFO] [v0.3.30] CompareEngine: Found 0 differences
[SYNAPSE] [PM 7:03:09] [INFO] [v0.3.30] HarvestSession state change: Comparing -> Approving
[SYNAPSE] [PM 7:03:09] [INFO] [v0.3.30] HarvestSession state change: Approving -> Executing
[SYNAPSE] [PM 7:03:09] [INFO] [v0.3.30] HarvestSession state change: Executing -> Harvesting
[SYNAPSE] [PM 7:03:09] [INFO] [v0.3.30] Harvest starting: Processing 1 approved files
[SYNAPSE] [PM 7:03:09] [WARN] [v0.3.30] Harvest rejected: Invalid clientUsername format 'undefined'
[SYNAPSE] [PM 7:03:09] [INFO] [v0.3.30] Harvest complete: 0 files, 0 folders
[SYNAPSE] [PM 7:03:09] [WARN] [v0.3.30] HarvestSession transition failed: expected Executing, current is Harvesting
[SYNAPSE] [PM 7:03:09] [INFO] [v0.3.30] HarvestSession state change: Harvesting -> Unlocked
[SYNAPSE] [PM 7:03:39] [INFO] [v0.3.30] HarvestSession state change: Unlocked -> Locked
[SYNAPSE] [PM 7:03:39] [INFO] [v0.3.30] HarvestSession state change: Locked -> Comparing
[SYNAPSE] [PM 7:03:39] [WARN] [v0.3.30] CompareEngine: Failed to get hashes for soak_client - Client is not connected
[SYNAPSE] [PM 7:03:39] [INFO] [v0.3.30] CompareEngine: Found 0 differences
[SYNAPSE] [PM 7:03:39] [INFO] [v0.3.30] HarvestSession state change: Comparing -> Approving
[SYNAPSE] [PM 7:03:39] [INFO] [v0.3.30] HarvestSession state change: Approving -> Executing
[SYNAPSE] [PM 7:03:39] [INFO] [v0.3.30] HarvestSession state change: Executing -> Harvesting
[SYNAPSE] [PM 7:03:39] [INFO] [v0.3.30] Harvest starting: Processing 1 approved files
[SYNAPSE] [PM 7:03:39] [WARN] [v0.3.30] Harvest rejected: Invalid clientUsername format 'undefined'
[SYNAPSE] [PM 7:03:39] [INFO] [v0.3.30] Harvest complete: 0 files, 0 folders
[SYNAPSE] [PM 7:03:39] [WARN] [v0.3.30] HarvestSession transition failed: expected Executing, current is Harvesting
[SYNAPSE] [PM 7:03:39] [INFO] [v0.3.30] HarvestSession state change: Harvesting -> Unlocked
SyntaxError: Unexpected token 'n', "null" is not valid JSON
    at JSON.parse (<anonymous>)
    at createStrictSyntaxError (/home/dogsinatas/TypeScript_project/antigravity-extension-vis/node_modules/body-parser/lib/types/json.js:109:10)
    at parse (/home/dogsinatas/TypeScript_project/antigravity-extension-vis/node_modules/body-parser/lib/types/json.js:66:15)
    at /home/dogsinatas/TypeScript_project/antigravity-extension-vis/node_modules/body-parser/lib/read.js:162:18
    at AsyncResource.runInAsyncScope (node:async_hooks:227:14)
    at invokeCallback (/home/dogsinatas/TypeScript_project/antigravity-extension-vis/node_modules/raw-body/index.js:238:16)
    at done (/home/dogsinatas/TypeScript_project/antigravity-extension-vis/node_modules/raw-body/index.js:227:7)
    at IncomingMessage.onEnd (/home/dogsinatas/TypeScript_project/antigravity-extension-vis/node_modules/raw-body/index.js:287:7)
    at IncomingMessage.emit (node:events:509:28)
    at IncomingMessage.emit (node:domain:489:12)
[SYNAPSE] [PM 7:04:09] [INFO] [v0.3.30] HarvestSession state change: Unlocked -> Locked
[SYNAPSE] [PM 7:04:09] [INFO] [v0.3.30] HarvestSession state change: Locked -> Comparing
[SYNAPSE] [PM 7:04:09] [WARN] [v0.3.30] CompareEngine: Failed to get hashes for soak_client - Client is not connected
[SYNAPSE] [PM 7:04:09] [INFO] [v0.3.30] CompareEngine: Found 0 differences
[SYNAPSE] [PM 7:04:09] [INFO] [v0.3.30] HarvestSession state change: Comparing -> Approving
[SYNAPSE] [PM 7:04:09] [INFO] [v0.3.30] HarvestSession state change: Approving -> Executing
[SYNAPSE] [PM 7:04:09] [INFO] [v0.3.30] HarvestSession state change: Executing -> Harvesting
[SYNAPSE] [PM 7:04:09] [INFO] [v0.3.30] Harvest starting: Processing 1 approved files
[SYNAPSE] [PM 7:04:09] [WARN] [v0.3.30] Harvest rejected: Invalid clientUsername format 'undefined'
[SYNAPSE] [PM 7:04:09] [INFO] [v0.3.30] Harvest complete: 0 files, 0 folders
[SYNAPSE] [PM 7:04:09] [WARN] [v0.3.30] HarvestSession transition failed: expected Executing, current is Harvesting
[SYNAPSE] [PM 7:04:09] [INFO] [v0.3.30] HarvestSession state change: Harvesting -> Unlocked
[SYNAPSE] [PM 7:04:39] [INFO] [v0.3.30] HarvestSession state change: Unlocked -> Locked
[SYNAPSE] [PM 7:04:39] [INFO] [v0.3.30] HarvestSession state change: Locked -> Comparing
[SYNAPSE] [PM 7:04:39] [WARN] [v0.3.30] CompareEngine: Failed to get hashes for soak_client - Client is not connected
[SYNAPSE] [PM 7:04:39] [INFO] [v0.3.30] CompareEngine: Found 0 differences
[SYNAPSE] [PM 7:04:39] [INFO] [v0.3.30] HarvestSession state change: Comparing -> Approving
[SYNAPSE] [PM 7:04:39] [INFO] [v0.3.30] HarvestSession state change: Approving -> Executing
[SYNAPSE] [PM 7:04:39] [INFO] [v0.3.30] HarvestSession state change: Executing -> Harvesting
[SYNAPSE] [PM 7:04:39] [INFO] [v0.3.30] Harvest starting: Processing 1 approved files
[SYNAPSE] [PM 7:04:39] [WARN] [v0.3.30] Harvest rejected: Invalid clientUsername format 'undefined'
[SYNAPSE] [PM 7:04:39] [INFO] [v0.3.30] Harvest complete: 0 files, 0 folders
[SYNAPSE] [PM 7:04:39] [WARN] [v0.3.30] HarvestSession transition failed: expected Executing, current is Harvesting
[SYNAPSE] [PM 7:04:39] [INFO] [v0.3.30] HarvestSession state change: Harvesting -> Unlocked
SyntaxError: Unexpected token 'n', "null" is not valid JSON
    at JSON.parse (<anonymous>)
    at createStrictSyntaxError (/home/dogsinatas/TypeScript_project/antigravity-extension-vis/node_modules/body-parser/lib/types/json.js:109:10)
    at parse (/home/dogsinatas/TypeScript_project/antigravity-extension-vis/node_modules/body-parser/lib/types/json.js:66:15)
    at /home/dogsinatas/TypeScript_project/antigravity-extension-vis/node_modules/body-parser/lib/read.js:162:18
    at AsyncResource.runInAsyncScope (node:async_hooks:227:14)
    at invokeCallback (/home/dogsinatas/TypeScript_project/antigravity-extension-vis/node_modules/raw-body/index.js:238:16)
    at done (/home/dogsinatas/TypeScript_project/antigravity-extension-vis/node_modules/raw-body/index.js:227:7)
    at IncomingMessage.onEnd (/home/dogsinatas/TypeScript_project/antigravity-extension-vis/node_modules/raw-body/index.js:287:7)
    at IncomingMessage.emit (node:events:509:28)
    at IncomingMessage.emit (node:domain:489:12)
[SYNAPSE] [PM 7:05:09] [INFO] [v0.3.30] HarvestSession state change: Unlocked -> Locked
[SYNAPSE] [PM 7:05:09] [INFO] [v0.3.30] HarvestSession state change: Locked -> Comparing
[SYNAPSE] [PM 7:05:09] [WARN] [v0.3.30] CompareEngine: Failed to get hashes for soak_client - Client is not connected
[SYNAPSE] [PM 7:05:09] [INFO] [v0.3.30] CompareEngine: Found 0 differences
[SYNAPSE] [PM 7:05:09] [INFO] [v0.3.30] HarvestSession state change: Comparing -> Approving
[SYNAPSE] [PM 7:05:09] [INFO] [v0.3.30] HarvestSession state change: Approving -> Executing
[SYNAPSE] [PM 7:05:09] [INFO] [v0.3.30] HarvestSession state change: Executing -> Harvesting
[SYNAPSE] [PM 7:05:09] [INFO] [v0.3.30] Harvest starting: Processing 1 approved files
[SYNAPSE] [PM 7:05:09] [WARN] [v0.3.30] Harvest rejected: Invalid clientUsername format 'undefined'
[SYNAPSE] [PM 7:05:09] [INFO] [v0.3.30] Harvest complete: 0 files, 0 folders
[SYNAPSE] [PM 7:05:09] [WARN] [v0.3.30] HarvestSession transition failed: expected Executing, current is Harvesting
[SYNAPSE] [PM 7:05:09] [INFO] [v0.3.30] HarvestSession state change: Harvesting -> Unlocked
[SYNAPSE] [PM 7:05:39] [INFO] [v0.3.30] HarvestSession state change: Unlocked -> Locked
[SYNAPSE] [PM 7:05:39] [INFO] [v0.3.30] HarvestSession state change: Locked -> Comparing
[SYNAPSE] [PM 7:05:39] [WARN] [v0.3.30] CompareEngine: Failed to get hashes for soak_client - Client is not connected
[SYNAPSE] [PM 7:05:39] [INFO] [v0.3.30] CompareEngine: Found 0 differences
[SYNAPSE] [PM 7:05:39] [INFO] [v0.3.30] HarvestSession state change: Comparing -> Approving
[SYNAPSE] [PM 7:05:39] [INFO] [v0.3.30] HarvestSession state change: Approving -> Executing
[SYNAPSE] [PM 7:05:39] [INFO] [v0.3.30] HarvestSession state change: Executing -> Harvesting
[SYNAPSE] [PM 7:05:39] [INFO] [v0.3.30] Harvest starting: Processing 1 approved files
[SYNAPSE] [PM 7:05:39] [WARN] [v0.3.30] Harvest rejected: Invalid clientUsername format 'undefined'
[SYNAPSE] [PM 7:05:39] [INFO] [v0.3.30] Harvest complete: 0 files, 0 folders
[SYNAPSE] [PM 7:05:39] [WARN] [v0.3.30] HarvestSession transition failed: expected Executing, current is Harvesting
[SYNAPSE] [PM 7:05:39] [INFO] [v0.3.30] HarvestSession state change: Harvesting -> Unlocked
SyntaxError: Unexpected token 'n', "null" is not valid JSON
    at JSON.parse (<anonymous>)
    at createStrictSyntaxError (/home/dogsinatas/TypeScript_project/antigravity-extension-vis/node_modules/body-parser/lib/types/json.js:109:10)
    at parse (/home/dogsinatas/TypeScript_project/antigravity-extension-vis/node_modules/body-parser/lib/types/json.js:66:15)
    at /home/dogsinatas/TypeScript_project/antigravity-extension-vis/node_modules/body-parser/lib/read.js:162:18
    at AsyncResource.runInAsyncScope (node:async_hooks:227:14)
    at invokeCallback (/home/dogsinatas/TypeScript_project/antigravity-extension-vis/node_modules/raw-body/index.js:238:16)
    at done (/home/dogsinatas/TypeScript_project/antigravity-extension-vis/node_modules/raw-body/index.js:227:7)
    at IncomingMessage.onEnd (/home/dogsinatas/TypeScript_project/antigravity-extension-vis/node_modules/raw-body/index.js:287:7)
    at IncomingMessage.emit (node:events:509:28)
    at IncomingMessage.emit (node:domain:489:12)
[SYNAPSE] [PM 7:06:09] [INFO] [v0.3.30] HarvestSession state change: Unlocked -> Locked
[SYNAPSE] [PM 7:06:09] [INFO] [v0.3.30] HarvestSession state change: Locked -> Comparing
[SYNAPSE] [PM 7:06:09] [WARN] [v0.3.30] CompareEngine: Failed to get hashes for soak_client - Client is not connected
[SYNAPSE] [PM 7:06:09] [INFO] [v0.3.30] CompareEngine: Found 0 differences
[SYNAPSE] [PM 7:06:09] [INFO] [v0.3.30] HarvestSession state change: Comparing -> Approving
[SYNAPSE] [PM 7:06:09] [INFO] [v0.3.30] HarvestSession state change: Approving -> Executing
[SYNAPSE] [PM 7:06:09] [INFO] [v0.3.30] HarvestSession state change: Executing -> Harvesting
[SYNAPSE] [PM 7:06:09] [INFO] [v0.3.30] Harvest starting: Processing 1 approved files
[SYNAPSE] [PM 7:06:09] [WARN] [v0.3.30] Harvest rejected: Invalid clientUsername format 'undefined'
[SYNAPSE] [PM 7:06:09] [INFO] [v0.3.30] Harvest complete: 0 files, 0 folders
[SYNAPSE] [PM 7:06:09] [WARN] [v0.3.30] HarvestSession transition failed: expected Executing, current is Harvesting
[SYNAPSE] [PM 7:06:09] [INFO] [v0.3.30] HarvestSession state change: Harvesting -> Unlocked
[SYNAPSE] [PM 7:06:39] [INFO] [v0.3.30] HarvestSession state change: Unlocked -> Locked
[SYNAPSE] [PM 7:06:39] [INFO] [v0.3.30] HarvestSession state change: Locked -> Comparing
[SYNAPSE] [PM 7:06:39] [WARN] [v0.3.30] CompareEngine: Failed to get hashes for soak_client - Client is not connected
[SYNAPSE] [PM 7:06:39] [INFO] [v0.3.30] CompareEngine: Found 0 differences
[SYNAPSE] [PM 7:06:39] [INFO] [v0.3.30] HarvestSession state change: Comparing -> Approving
[SYNAPSE] [PM 7:06:39] [INFO] [v0.3.30] HarvestSession state change: Approving -> Executing
[SYNAPSE] [PM 7:06:39] [INFO] [v0.3.30] HarvestSession state change: Executing -> Harvesting
[SYNAPSE] [PM 7:06:39] [INFO] [v0.3.30] Harvest starting: Processing 1 approved files
[SYNAPSE] [PM 7:06:39] [WARN] [v0.3.30] Harvest rejected: Invalid clientUsername format 'undefined'
[SYNAPSE] [PM 7:06:39] [INFO] [v0.3.30] Harvest complete: 0 files, 0 folders
[SYNAPSE] [PM 7:06:39] [WARN] [v0.3.30] HarvestSession transition failed: expected Executing, current is Harvesting
[SYNAPSE] [PM 7:06:39] [INFO] [v0.3.30] HarvestSession state change: Harvesting -> Unlocked
SyntaxError: Unexpected token 'n', "null" is not valid JSON
    at JSON.parse (<anonymous>)
    at createStrictSyntaxError (/home/dogsinatas/TypeScript_project/antigravity-extension-vis/node_modules/body-parser/lib/types/json.js:109:10)
    at parse (/home/dogsinatas/TypeScript_project/antigravity-extension-vis/node_modules/body-parser/lib/types/json.js:66:15)
    at /home/dogsinatas/TypeScript_project/antigravity-extension-vis/node_modules/body-parser/lib/read.js:162:18
    at AsyncResource.runInAsyncScope (node:async_hooks:227:14)
    at invokeCallback (/home/dogsinatas/TypeScript_project/antigravity-extension-vis/node_modules/raw-body/index.js:238:16)
    at done (/home/dogsinatas/TypeScript_project/antigravity-extension-vis/node_modules/raw-body/index.js:227:7)
    at IncomingMessage.onEnd (/home/dogsinatas/TypeScript_project/antigravity-extension-vis/node_modules/raw-body/index.js:287:7)
    at IncomingMessage.emit (node:events:509:28)
    at IncomingMessage.emit (node:domain:489:12)
[SYNAPSE] [PM 7:07:09] [INFO] [v0.3.30] HarvestSession state change: Unlocked -> Locked
[SYNAPSE] [PM 7:07:09] [INFO] [v0.3.30] HarvestSession state change: Locked -> Comparing
[SYNAPSE] [PM 7:07:09] [WARN] [v0.3.30] CompareEngine: Failed to get hashes for soak_client - Client is not connected
[SYNAPSE] [PM 7:07:09] [INFO] [v0.3.30] CompareEngine: Found 0 differences
[SYNAPSE] [PM 7:07:09] [INFO] [v0.3.30] HarvestSession state change: Comparing -> Approving
[SYNAPSE] [PM 7:07:09] [INFO] [v0.3.30] HarvestSession state change: Approving -> Executing
[SYNAPSE] [PM 7:07:09] [INFO] [v0.3.30] HarvestSession state change: Executing -> Harvesting
[SYNAPSE] [PM 7:07:09] [INFO] [v0.3.30] Harvest starting: Processing 1 approved files
[SYNAPSE] [PM 7:07:09] [WARN] [v0.3.30] Harvest rejected: Invalid clientUsername format 'undefined'
[SYNAPSE] [PM 7:07:09] [INFO] [v0.3.30] Harvest complete: 0 files, 0 folders
[SYNAPSE] [PM 7:07:09] [WARN] [v0.3.30] HarvestSession transition failed: expected Executing, current is Harvesting
[SYNAPSE] [PM 7:07:09] [INFO] [v0.3.30] HarvestSession state change: Harvesting -> Unlocked
[SYNAPSE] [PM 7:07:39] [INFO] [v0.3.30] HarvestSession state change: Unlocked -> Locked
[SYNAPSE] [PM 7:07:39] [INFO] [v0.3.30] HarvestSession state change: Locked -> Comparing
[SYNAPSE] [PM 7:07:39] [WARN] [v0.3.30] CompareEngine: Failed to get hashes for soak_client - Client is not connected
[SYNAPSE] [PM 7:07:39] [INFO] [v0.3.30] CompareEngine: Found 0 differences
[SYNAPSE] [PM 7:07:39] [INFO] [v0.3.30] HarvestSession state change: Comparing -> Approving
[SYNAPSE] [PM 7:07:39] [INFO] [v0.3.30] HarvestSession state change: Approving -> Executing
[SYNAPSE] [PM 7:07:39] [INFO] [v0.3.30] HarvestSession state change: Executing -> Harvesting
[SYNAPSE] [PM 7:07:39] [INFO] [v0.3.30] Harvest starting: Processing 1 approved files
[SYNAPSE] [PM 7:07:39] [WARN] [v0.3.30] Harvest rejected: Invalid clientUsername format 'undefined'
[SYNAPSE] [PM 7:07:39] [INFO] [v0.3.30] Harvest complete: 0 files, 0 folders
[SYNAPSE] [PM 7:07:39] [WARN] [v0.3.30] HarvestSession transition failed: expected Executing, current is Harvesting
[SYNAPSE] [PM 7:07:39] [INFO] [v0.3.30] HarvestSession state change: Harvesting -> Unlocked
SyntaxError: Unexpected token 'n', "null" is not valid JSON
    at JSON.parse (<anonymous>)
    at createStrictSyntaxError (/home/dogsinatas/TypeScript_project/antigravity-extension-vis/node_modules/body-parser/lib/types/json.js:109:10)
    at parse (/home/dogsinatas/TypeScript_project/antigravity-extension-vis/node_modules/body-parser/lib/types/json.js:66:15)
    at /home/dogsinatas/TypeScript_project/antigravity-extension-vis/node_modules/body-parser/lib/read.js:162:18
    at AsyncResource.runInAsyncScope (node:async_hooks:227:14)
    at invokeCallback (/home/dogsinatas/TypeScript_project/antigravity-extension-vis/node_modules/raw-body/index.js:238:16)
    at done (/home/dogsinatas/TypeScript_project/antigravity-extension-vis/node_modules/raw-body/index.js:227:7)
    at IncomingMessage.onEnd (/home/dogsinatas/TypeScript_project/antigravity-extension-vis/node_modules/raw-body/index.js:287:7)
    at IncomingMessage.emit (node:events:509:28)
    at IncomingMessage.emit (node:domain:489:12)
[SYNAPSE] [PM 7:08:09] [INFO] [v0.3.30] HarvestSession state change: Unlocked -> Locked
[SYNAPSE] [PM 7:08:09] [INFO] [v0.3.30] HarvestSession state change: Locked -> Comparing
[SYNAPSE] [PM 7:08:09] [WARN] [v0.3.30] CompareEngine: Failed to get hashes for soak_client - Client is not connected
[SYNAPSE] [PM 7:08:09] [INFO] [v0.3.30] CompareEngine: Found 0 differences
[SYNAPSE] [PM 7:08:09] [INFO] [v0.3.30] HarvestSession state change: Comparing -> Approving
[SYNAPSE] [PM 7:08:09] [INFO] [v0.3.30] HarvestSession state change: Approving -> Executing
[SYNAPSE] [PM 7:08:09] [INFO] [v0.3.30] HarvestSession state change: Executing -> Harvesting
[SYNAPSE] [PM 7:08:09] [INFO] [v0.3.30] Harvest starting: Processing 1 approved files
[SYNAPSE] [PM 7:08:09] [WARN] [v0.3.30] Harvest rejected: Invalid clientUsername format 'undefined'
[SYNAPSE] [PM 7:08:09] [INFO] [v0.3.30] Harvest complete: 0 files, 0 folders
[SYNAPSE] [PM 7:08:09] [WARN] [v0.3.30] HarvestSession transition failed: expected Executing, current is Harvesting
[SYNAPSE] [PM 7:08:09] [INFO] [v0.3.30] HarvestSession state change: Harvesting -> Unlocked
[SYNAPSE] [PM 7:08:39] [INFO] [v0.3.30] HarvestSession state change: Unlocked -> Locked
[SYNAPSE] [PM 7:08:39] [INFO] [v0.3.30] HarvestSession state change: Locked -> Comparing
[SYNAPSE] [PM 7:08:39] [WARN] [v0.3.30] CompareEngine: Failed to get hashes for soak_client - Client is not connected
[SYNAPSE] [PM 7:08:39] [INFO] [v0.3.30] CompareEngine: Found 0 differences
[SYNAPSE] [PM 7:08:39] [INFO] [v0.3.30] HarvestSession state change: Comparing -> Approving
[SYNAPSE] [PM 7:08:39] [INFO] [v0.3.30] HarvestSession state change: Approving -> Executing
[SYNAPSE] [PM 7:08:39] [INFO] [v0.3.30] HarvestSession state change: Executing -> Harvesting
[SYNAPSE] [PM 7:08:39] [INFO] [v0.3.30] Harvest starting: Processing 1 approved files
[SYNAPSE] [PM 7:08:39] [WARN] [v0.3.30] Harvest rejected: Invalid clientUsername format 'undefined'
[SYNAPSE] [PM 7:08:39] [INFO] [v0.3.30] Harvest complete: 0 files, 0 folders
[SYNAPSE] [PM 7:08:39] [WARN] [v0.3.30] HarvestSession transition failed: expected Executing, current is Harvesting
[SYNAPSE] [PM 7:08:39] [INFO] [v0.3.30] HarvestSession state change: Harvesting -> Unlocked
SyntaxError: Unexpected token 'n', "null" is not valid JSON
    at JSON.parse (<anonymous>)
    at createStrictSyntaxError (/home/dogsinatas/TypeScript_project/antigravity-extension-vis/node_modules/body-parser/lib/types/json.js:109:10)
    at parse (/home/dogsinatas/TypeScript_project/antigravity-extension-vis/node_modules/body-parser/lib/types/json.js:66:15)
    at /home/dogsinatas/TypeScript_project/antigravity-extension-vis/node_modules/body-parser/lib/read.js:162:18
    at AsyncResource.runInAsyncScope (node:async_hooks:227:14)
    at invokeCallback (/home/dogsinatas/TypeScript_project/antigravity-extension-vis/node_modules/raw-body/index.js:238:16)
    at done (/home/dogsinatas/TypeScript_project/antigravity-extension-vis/node_modules/raw-body/index.js:227:7)
    at IncomingMessage.onEnd (/home/dogsinatas/TypeScript_project/antigravity-extension-vis/node_modules/raw-body/index.js:287:7)
    at IncomingMessage.emit (node:events:509:28)
    at IncomingMessage.emit (node:domain:489:12)
[SYNAPSE] [PM 7:09:09] [INFO] [v0.3.30] HarvestSession state change: Unlocked -> Locked
[SYNAPSE] [PM 7:09:09] [INFO] [v0.3.30] HarvestSession state change: Locked -> Comparing
[SYNAPSE] [PM 7:09:09] [WARN] [v0.3.30] CompareEngine: Failed to get hashes for soak_client - Client is not connected
[SYNAPSE] [PM 7:09:09] [INFO] [v0.3.30] CompareEngine: Found 0 differences
[SYNAPSE] [PM 7:09:09] [INFO] [v0.3.30] HarvestSession state change: Comparing -> Approving
[SYNAPSE] [PM 7:09:09] [INFO] [v0.3.30] HarvestSession state change: Approving -> Executing
[SYNAPSE] [PM 7:09:09] [INFO] [v0.3.30] HarvestSession state change: Executing -> Harvesting
[SYNAPSE] [PM 7:09:09] [INFO] [v0.3.30] Harvest starting: Processing 1 approved files
[SYNAPSE] [PM 7:09:09] [WARN] [v0.3.30] Harvest rejected: Invalid clientUsername format 'undefined'
[SYNAPSE] [PM 7:09:09] [INFO] [v0.3.30] Harvest complete: 0 files, 0 folders
[SYNAPSE] [PM 7:09:09] [WARN] [v0.3.30] HarvestSession transition failed: expected Executing, current is Harvesting
[SYNAPSE] [PM 7:09:09] [INFO] [v0.3.30] HarvestSession state change: Harvesting -> Unlocked
[SYNAPSE] [PM 7:09:39] [INFO] [v0.3.30] HarvestSession state change: Unlocked -> Locked
[SYNAPSE] [PM 7:09:39] [INFO] [v0.3.30] HarvestSession state change: Locked -> Comparing
[SYNAPSE] [PM 7:09:39] [WARN] [v0.3.30] CompareEngine: Failed to get hashes for soak_client - Client is not connected
[SYNAPSE] [PM 7:09:39] [INFO] [v0.3.30] CompareEngine: Found 0 differences
[SYNAPSE] [PM 7:09:39] [INFO] [v0.3.30] HarvestSession state change: Comparing -> Approving
[SYNAPSE] [PM 7:09:39] [INFO] [v0.3.30] HarvestSession state change: Approving -> Executing
[SYNAPSE] [PM 7:09:39] [INFO] [v0.3.30] HarvestSession state change: Executing -> Harvesting
[SYNAPSE] [PM 7:09:39] [INFO] [v0.3.30] Harvest starting: Processing 1 approved files
[SYNAPSE] [PM 7:09:39] [WARN] [v0.3.30] Harvest rejected: Invalid clientUsername format 'undefined'
[SYNAPSE] [PM 7:09:39] [INFO] [v0.3.30] Harvest complete: 0 files, 0 folders
[SYNAPSE] [PM 7:09:39] [WARN] [v0.3.30] HarvestSession transition failed: expected Executing, current is Harvesting
[SYNAPSE] [PM 7:09:39] [INFO] [v0.3.30] HarvestSession state change: Harvesting -> Unlocked
SyntaxError: Unexpected token 'n', "null" is not valid JSON
    at JSON.parse (<anonymous>)
    at createStrictSyntaxError (/home/dogsinatas/TypeScript_project/antigravity-extension-vis/node_modules/body-parser/lib/types/json.js:109:10)
    at parse (/home/dogsinatas/TypeScript_project/antigravity-extension-vis/node_modules/body-parser/lib/types/json.js:66:15)
    at /home/dogsinatas/TypeScript_project/antigravity-extension-vis/node_modules/body-parser/lib/read.js:162:18
    at AsyncResource.runInAsyncScope (node:async_hooks:227:14)
    at invokeCallback (/home/dogsinatas/TypeScript_project/antigravity-extension-vis/node_modules/raw-body/index.js:238:16)
    at done (/home/dogsinatas/TypeScript_project/antigravity-extension-vis/node_modules/raw-body/index.js:227:7)
    at IncomingMessage.onEnd (/home/dogsinatas/TypeScript_project/antigravity-extension-vis/node_modules/raw-body/index.js:287:7)
    at IncomingMessage.emit (node:events:509:28)
    at IncomingMessage.emit (node:domain:489:12)
[SYNAPSE] [PM 7:10:09] [INFO] [v0.3.30] HarvestSession state change: Unlocked -> Locked
[SYNAPSE] [PM 7:10:09] [INFO] [v0.3.30] HarvestSession state change: Locked -> Comparing
[SYNAPSE] [PM 7:10:09] [WARN] [v0.3.30] CompareEngine: Failed to get hashes for soak_client - Client is not connected
[SYNAPSE] [PM 7:10:09] [INFO] [v0.3.30] CompareEngine: Found 0 differences
[SYNAPSE] [PM 7:10:09] [INFO] [v0.3.30] HarvestSession state change: Comparing -> Approving
[SYNAPSE] [PM 7:10:09] [INFO] [v0.3.30] HarvestSession state change: Approving -> Executing
[SYNAPSE] [PM 7:10:09] [INFO] [v0.3.30] HarvestSession state change: Executing -> Harvesting
[SYNAPSE] [PM 7:10:09] [INFO] [v0.3.30] Harvest starting: Processing 1 approved files
[SYNAPSE] [PM 7:10:09] [WARN] [v0.3.30] Harvest rejected: Invalid clientUsername format 'undefined'
[SYNAPSE] [PM 7:10:09] [INFO] [v0.3.30] Harvest complete: 0 files, 0 folders
[SYNAPSE] [PM 7:10:09] [WARN] [v0.3.30] HarvestSession transition failed: expected Executing, current is Harvesting
[SYNAPSE] [PM 7:10:09] [INFO] [v0.3.30] HarvestSession state change: Harvesting -> Unlocked
[SYNAPSE] [PM 7:10:39] [INFO] [v0.3.30] HarvestSession state change: Unlocked -> Locked
[SYNAPSE] [PM 7:10:39] [INFO] [v0.3.30] HarvestSession state change: Locked -> Comparing
[SYNAPSE] [PM 7:10:39] [WARN] [v0.3.30] CompareEngine: Failed to get hashes for soak_client - Client is not connected
[SYNAPSE] [PM 7:10:39] [INFO] [v0.3.30] CompareEngine: Found 0 differences
[SYNAPSE] [PM 7:10:39] [INFO] [v0.3.30] HarvestSession state change: Comparing -> Approving
[SYNAPSE] [PM 7:10:39] [INFO] [v0.3.30] HarvestSession state change: Approving -> Executing
[SYNAPSE] [PM 7:10:39] [INFO] [v0.3.30] HarvestSession state change: Executing -> Harvesting
[SYNAPSE] [PM 7:10:39] [INFO] [v0.3.30] Harvest starting: Processing 1 approved files
[SYNAPSE] [PM 7:10:39] [WARN] [v0.3.30] Harvest rejected: Invalid clientUsername format 'undefined'
[SYNAPSE] [PM 7:10:39] [INFO] [v0.3.30] Harvest complete: 0 files, 0 folders
[SYNAPSE] [PM 7:10:39] [WARN] [v0.3.30] HarvestSession transition failed: expected Executing, current is Harvesting
[SYNAPSE] [PM 7:10:39] [INFO] [v0.3.30] HarvestSession state change: Harvesting -> Unlocked
SyntaxError: Unexpected token 'n', "null" is not valid JSON
    at JSON.parse (<anonymous>)
    at createStrictSyntaxError (/home/dogsinatas/TypeScript_project/antigravity-extension-vis/node_modules/body-parser/lib/types/json.js:109:10)
    at parse (/home/dogsinatas/TypeScript_project/antigravity-extension-vis/node_modules/body-parser/lib/types/json.js:66:15)
    at /home/dogsinatas/TypeScript_project/antigravity-extension-vis/node_modules/body-parser/lib/read.js:162:18
    at AsyncResource.runInAsyncScope (node:async_hooks:227:14)
    at invokeCallback (/home/dogsinatas/TypeScript_project/antigravity-extension-vis/node_modules/raw-body/index.js:238:16)
    at done (/home/dogsinatas/TypeScript_project/antigravity-extension-vis/node_modules/raw-body/index.js:227:7)
    at IncomingMessage.onEnd (/home/dogsinatas/TypeScript_project/antigravity-extension-vis/node_modules/raw-body/index.js:287:7)
    at IncomingMessage.emit (node:events:509:28)
    at IncomingMessage.emit (node:domain:489:12)
[SYNAPSE] [PM 7:11:09] [INFO] [v0.3.30] HarvestSession state change: Unlocked -> Locked
[SYNAPSE] [PM 7:11:09] [INFO] [v0.3.30] HarvestSession state change: Locked -> Comparing
[SYNAPSE] [PM 7:11:09] [WARN] [v0.3.30] CompareEngine: Failed to get hashes for soak_client - Client is not connected
[SYNAPSE] [PM 7:11:09] [INFO] [v0.3.30] CompareEngine: Found 0 differences
[SYNAPSE] [PM 7:11:09] [INFO] [v0.3.30] HarvestSession state change: Comparing -> Approving
[SYNAPSE] [PM 7:11:09] [INFO] [v0.3.30] HarvestSession state change: Approving -> Executing
[SYNAPSE] [PM 7:11:09] [INFO] [v0.3.30] HarvestSession state change: Executing -> Harvesting
[SYNAPSE] [PM 7:11:09] [INFO] [v0.3.30] Harvest starting: Processing 1 approved files
[SYNAPSE] [PM 7:11:09] [WARN] [v0.3.30] Harvest rejected: Invalid clientUsername format 'undefined'
[SYNAPSE] [PM 7:11:09] [INFO] [v0.3.30] Harvest complete: 0 files, 0 folders
[SYNAPSE] [PM 7:11:09] [WARN] [v0.3.30] HarvestSession transition failed: expected Executing, current is Harvesting
[SYNAPSE] [PM 7:11:09] [INFO] [v0.3.30] HarvestSession state change: Harvesting -> Unlocked
[SYNAPSE] [PM 7:11:39] [INFO] [v0.3.30] HarvestSession state change: Unlocked -> Locked
[SYNAPSE] [PM 7:11:39] [INFO] [v0.3.30] HarvestSession state change: Locked -> Comparing
[SYNAPSE] [PM 7:11:39] [WARN] [v0.3.30] CompareEngine: Failed to get hashes for soak_client - Client is not connected
[SYNAPSE] [PM 7:11:39] [INFO] [v0.3.30] CompareEngine: Found 0 differences
[SYNAPSE] [PM 7:11:39] [INFO] [v0.3.30] HarvestSession state change: Comparing -> Approving
[SYNAPSE] [PM 7:11:39] [INFO] [v0.3.30] HarvestSession state change: Approving -> Executing
[SYNAPSE] [PM 7:11:39] [INFO] [v0.3.30] HarvestSession state change: Executing -> Harvesting
[SYNAPSE] [PM 7:11:39] [INFO] [v0.3.30] Harvest starting: Processing 1 approved files
[SYNAPSE] [PM 7:11:39] [WARN] [v0.3.30] Harvest rejected: Invalid clientUsername format 'undefined'
[SYNAPSE] [PM 7:11:39] [INFO] [v0.3.30] Harvest complete: 0 files, 0 folders
[SYNAPSE] [PM 7:11:39] [WARN] [v0.3.30] HarvestSession transition failed: expected Executing, current is Harvesting
[SYNAPSE] [PM 7:11:39] [INFO] [v0.3.30] HarvestSession state change: Harvesting -> Unlocked
SyntaxError: Unexpected token 'n', "null" is not valid JSON
    at JSON.parse (<anonymous>)
    at createStrictSyntaxError (/home/dogsinatas/TypeScript_project/antigravity-extension-vis/node_modules/body-parser/lib/types/json.js:109:10)
    at parse (/home/dogsinatas/TypeScript_project/antigravity-extension-vis/node_modules/body-parser/lib/types/json.js:66:15)
    at /home/dogsinatas/TypeScript_project/antigravity-extension-vis/node_modules/body-parser/lib/read.js:162:18
    at AsyncResource.runInAsyncScope (node:async_hooks:227:14)
    at invokeCallback (/home/dogsinatas/TypeScript_project/antigravity-extension-vis/node_modules/raw-body/index.js:238:16)
    at done (/home/dogsinatas/TypeScript_project/antigravity-extension-vis/node_modules/raw-body/index.js:227:7)
    at IncomingMessage.onEnd (/home/dogsinatas/TypeScript_project/antigravity-extension-vis/node_modules/raw-body/index.js:287:7)
    at IncomingMessage.emit (node:events:509:28)
    at IncomingMessage.emit (node:domain:489:12)
[SYNAPSE] [PM 7:12:09] [INFO] [v0.3.30] HarvestSession state change: Unlocked -> Locked
[SYNAPSE] [PM 7:12:09] [INFO] [v0.3.30] HarvestSession state change: Locked -> Comparing
[SYNAPSE] [PM 7:12:09] [WARN] [v0.3.30] CompareEngine: Failed to get hashes for soak_client - Client is not connected
[SYNAPSE] [PM 7:12:09] [INFO] [v0.3.30] CompareEngine: Found 0 differences
[SYNAPSE] [PM 7:12:09] [INFO] [v0.3.30] HarvestSession state change: Comparing -> Approving
[SYNAPSE] [PM 7:12:09] [INFO] [v0.3.30] HarvestSession state change: Approving -> Executing
[SYNAPSE] [PM 7:12:09] [INFO] [v0.3.30] HarvestSession state change: Executing -> Harvesting
[SYNAPSE] [PM 7:12:09] [INFO] [v0.3.30] Harvest starting: Processing 1 approved files
[SYNAPSE] [PM 7:12:09] [WARN] [v0.3.30] Harvest rejected: Invalid clientUsername format 'undefined'
[SYNAPSE] [PM 7:12:09] [INFO] [v0.3.30] Harvest complete: 0 files, 0 folders
[SYNAPSE] [PM 7:12:09] [WARN] [v0.3.30] HarvestSession transition failed: expected Executing, current is Harvesting
[SYNAPSE] [PM 7:12:09] [INFO] [v0.3.30] HarvestSession state change: Harvesting -> Unlocked
[SYNAPSE] [PM 7:12:39] [INFO] [v0.3.30] HarvestSession state change: Unlocked -> Locked
[SYNAPSE] [PM 7:12:39] [INFO] [v0.3.30] HarvestSession state change: Locked -> Comparing
[SYNAPSE] [PM 7:12:39] [WARN] [v0.3.30] CompareEngine: Failed to get hashes for soak_client - Client is not connected
[SYNAPSE] [PM 7:12:39] [INFO] [v0.3.30] CompareEngine: Found 0 differences
[SYNAPSE] [PM 7:12:39] [INFO] [v0.3.30] HarvestSession state change: Comparing -> Approving
[SYNAPSE] [PM 7:12:39] [INFO] [v0.3.30] HarvestSession state change: Approving -> Executing
[SYNAPSE] [PM 7:12:39] [INFO] [v0.3.30] HarvestSession state change: Executing -> Harvesting
[SYNAPSE] [PM 7:12:39] [INFO] [v0.3.30] Harvest starting: Processing 1 approved files
[SYNAPSE] [PM 7:12:39] [WARN] [v0.3.30] Harvest rejected: Invalid clientUsername format 'undefined'
[SYNAPSE] [PM 7:12:39] [INFO] [v0.3.30] Harvest complete: 0 files, 0 folders
[SYNAPSE] [PM 7:12:39] [WARN] [v0.3.30] HarvestSession transition failed: expected Executing, current is Harvesting
[SYNAPSE] [PM 7:12:39] [INFO] [v0.3.30] HarvestSession state change: Harvesting -> Unlocked
SyntaxError: Unexpected token 'n', "null" is not valid JSON
    at JSON.parse (<anonymous>)
    at createStrictSyntaxError (/home/dogsinatas/TypeScript_project/antigravity-extension-vis/node_modules/body-parser/lib/types/json.js:109:10)
    at parse (/home/dogsinatas/TypeScript_project/antigravity-extension-vis/node_modules/body-parser/lib/types/json.js:66:15)
    at /home/dogsinatas/TypeScript_project/antigravity-extension-vis/node_modules/body-parser/lib/read.js:162:18
    at AsyncResource.runInAsyncScope (node:async_hooks:227:14)
    at invokeCallback (/home/dogsinatas/TypeScript_project/antigravity-extension-vis/node_modules/raw-body/index.js:238:16)
    at done (/home/dogsinatas/TypeScript_project/antigravity-extension-vis/node_modules/raw-body/index.js:227:7)
    at IncomingMessage.onEnd (/home/dogsinatas/TypeScript_project/antigravity-extension-vis/node_modules/raw-body/index.js:287:7)
    at IncomingMessage.emit (node:events:509:28)
    at IncomingMessage.emit (node:domain:489:12)
[SYNAPSE] [PM 7:13:09] [INFO] [v0.3.30] HarvestSession state change: Unlocked -> Locked
[SYNAPSE] [PM 7:13:09] [INFO] [v0.3.30] HarvestSession state change: Locked -> Comparing
[SYNAPSE] [PM 7:13:09] [WARN] [v0.3.30] CompareEngine: Failed to get hashes for soak_client - Client is not connected
[SYNAPSE] [PM 7:13:09] [INFO] [v0.3.30] CompareEngine: Found 0 differences
[SYNAPSE] [PM 7:13:09] [INFO] [v0.3.30] HarvestSession state change: Comparing -> Approving
[SYNAPSE] [PM 7:13:09] [INFO] [v0.3.30] HarvestSession state change: Approving -> Executing
[SYNAPSE] [PM 7:13:09] [INFO] [v0.3.30] HarvestSession state change: Executing -> Harvesting
[SYNAPSE] [PM 7:13:09] [INFO] [v0.3.30] Harvest starting: Processing 1 approved files
[SYNAPSE] [PM 7:13:09] [WARN] [v0.3.30] Harvest rejected: Invalid clientUsername format 'undefined'
[SYNAPSE] [PM 7:13:09] [INFO] [v0.3.30] Harvest complete: 0 files, 0 folders
[SYNAPSE] [PM 7:13:09] [WARN] [v0.3.30] HarvestSession transition failed: expected Executing, current is Harvesting
[SYNAPSE] [PM 7:13:09] [INFO] [v0.3.30] HarvestSession state change: Harvesting -> Unlocked
[SYNAPSE] [PM 7:13:39] [INFO] [v0.3.30] HarvestSession state change: Unlocked -> Locked
[SYNAPSE] [PM 7:13:39] [INFO] [v0.3.30] HarvestSession state change: Locked -> Comparing
[SYNAPSE] [PM 7:13:39] [WARN] [v0.3.30] CompareEngine: Failed to get hashes for soak_client - Client is not connected
[SYNAPSE] [PM 7:13:39] [INFO] [v0.3.30] CompareEngine: Found 0 differences
[SYNAPSE] [PM 7:13:39] [INFO] [v0.3.30] HarvestSession state change: Comparing -> Approving
[SYNAPSE] [PM 7:13:39] [INFO] [v0.3.30] HarvestSession state change: Approving -> Executing
[SYNAPSE] [PM 7:13:39] [INFO] [v0.3.30] HarvestSession state change: Executing -> Harvesting
[SYNAPSE] [PM 7:13:39] [INFO] [v0.3.30] Harvest starting: Processing 1 approved files
[SYNAPSE] [PM 7:13:39] [WARN] [v0.3.30] Harvest rejected: Invalid clientUsername format 'undefined'
[SYNAPSE] [PM 7:13:39] [INFO] [v0.3.30] Harvest complete: 0 files, 0 folders
[SYNAPSE] [PM 7:13:39] [WARN] [v0.3.30] HarvestSession transition failed: expected Executing, current is Harvesting
[SYNAPSE] [PM 7:13:39] [INFO] [v0.3.30] HarvestSession state change: Harvesting -> Unlocked
SyntaxError: Unexpected token 'n', "null" is not valid JSON
    at JSON.parse (<anonymous>)
    at createStrictSyntaxError (/home/dogsinatas/TypeScript_project/antigravity-extension-vis/node_modules/body-parser/lib/types/json.js:109:10)
    at parse (/home/dogsinatas/TypeScript_project/antigravity-extension-vis/node_modules/body-parser/lib/types/json.js:66:15)
    at /home/dogsinatas/TypeScript_project/antigravity-extension-vis/node_modules/body-parser/lib/read.js:162:18
    at AsyncResource.runInAsyncScope (node:async_hooks:227:14)
    at invokeCallback (/home/dogsinatas/TypeScript_project/antigravity-extension-vis/node_modules/raw-body/index.js:238:16)
    at done (/home/dogsinatas/TypeScript_project/antigravity-extension-vis/node_modules/raw-body/index.js:227:7)
    at IncomingMessage.onEnd (/home/dogsinatas/TypeScript_project/antigravity-extension-vis/node_modules/raw-body/index.js:287:7)
    at IncomingMessage.emit (node:events:509:28)
    at IncomingMessage.emit (node:domain:489:12)
[SYNAPSE] [PM 7:14:09] [INFO] [v0.3.30] HarvestSession state change: Unlocked -> Locked
[SYNAPSE] [PM 7:14:09] [INFO] [v0.3.30] HarvestSession state change: Locked -> Comparing
[SYNAPSE] [PM 7:14:09] [WARN] [v0.3.30] CompareEngine: Failed to get hashes for soak_client - Client is not connected
[SYNAPSE] [PM 7:14:09] [INFO] [v0.3.30] CompareEngine: Found 0 differences
[SYNAPSE] [PM 7:14:09] [INFO] [v0.3.30] HarvestSession state change: Comparing -> Approving
[SYNAPSE] [PM 7:14:09] [INFO] [v0.3.30] HarvestSession state change: Approving -> Executing
[SYNAPSE] [PM 7:14:09] [INFO] [v0.3.30] HarvestSession state change: Executing -> Harvesting
[SYNAPSE] [PM 7:14:09] [INFO] [v0.3.30] Harvest starting: Processing 1 approved files
[SYNAPSE] [PM 7:14:09] [WARN] [v0.3.30] Harvest rejected: Invalid clientUsername format 'undefined'
[SYNAPSE] [PM 7:14:09] [INFO] [v0.3.30] Harvest complete: 0 files, 0 folders
[SYNAPSE] [PM 7:14:09] [WARN] [v0.3.30] HarvestSession transition failed: expected Executing, current is Harvesting
[SYNAPSE] [PM 7:14:09] [INFO] [v0.3.30] HarvestSession state change: Harvesting -> Unlocked
[SYNAPSE] [PM 7:14:39] [INFO] [v0.3.30] HarvestSession state change: Unlocked -> Locked
[SYNAPSE] [PM 7:14:39] [INFO] [v0.3.30] HarvestSession state change: Locked -> Comparing
[SYNAPSE] [PM 7:14:39] [WARN] [v0.3.30] CompareEngine: Failed to get hashes for soak_client - Client is not connected
[SYNAPSE] [PM 7:14:39] [INFO] [v0.3.30] CompareEngine: Found 0 differences
[SYNAPSE] [PM 7:14:39] [INFO] [v0.3.30] HarvestSession state change: Comparing -> Approving
[SYNAPSE] [PM 7:14:39] [INFO] [v0.3.30] HarvestSession state change: Approving -> Executing
[SYNAPSE] [PM 7:14:39] [INFO] [v0.3.30] HarvestSession state change: Executing -> Harvesting
[SYNAPSE] [PM 7:14:39] [INFO] [v0.3.30] Harvest starting: Processing 1 approved files
[SYNAPSE] [PM 7:14:39] [WARN] [v0.3.30] Harvest rejected: Invalid clientUsername format 'undefined'
[SYNAPSE] [PM 7:14:39] [INFO] [v0.3.30] Harvest complete: 0 files, 0 folders
[SYNAPSE] [PM 7:14:39] [WARN] [v0.3.30] HarvestSession transition failed: expected Executing, current is Harvesting
[SYNAPSE] [PM 7:14:39] [INFO] [v0.3.30] HarvestSession state change: Harvesting -> Unlocked
SyntaxError: Unexpected token 'n', "null" is not valid JSON
    at JSON.parse (<anonymous>)
    at createStrictSyntaxError (/home/dogsinatas/TypeScript_project/antigravity-extension-vis/node_modules/body-parser/lib/types/json.js:109:10)
    at parse (/home/dogsinatas/TypeScript_project/antigravity-extension-vis/node_modules/body-parser/lib/types/json.js:66:15)
    at /home/dogsinatas/TypeScript_project/antigravity-extension-vis/node_modules/body-parser/lib/read.js:162:18
    at AsyncResource.runInAsyncScope (node:async_hooks:227:14)
    at invokeCallback (/home/dogsinatas/TypeScript_project/antigravity-extension-vis/node_modules/raw-body/index.js:238:16)
    at done (/home/dogsinatas/TypeScript_project/antigravity-extension-vis/node_modules/raw-body/index.js:227:7)
    at IncomingMessage.onEnd (/home/dogsinatas/TypeScript_project/antigravity-extension-vis/node_modules/raw-body/index.js:287:7)
    at IncomingMessage.emit (node:events:509:28)
    at IncomingMessage.emit (node:domain:489:12)
[SYNAPSE] [PM 7:15:09] [INFO] [v0.3.30] HarvestSession state change: Unlocked -> Locked
[SYNAPSE] [PM 7:15:09] [INFO] [v0.3.30] HarvestSession state change: Locked -> Comparing
[SYNAPSE] [PM 7:15:09] [WARN] [v0.3.30] CompareEngine: Failed to get hashes for soak_client - Client is not connected
[SYNAPSE] [PM 7:15:09] [INFO] [v0.3.30] CompareEngine: Found 0 differences
[SYNAPSE] [PM 7:15:09] [INFO] [v0.3.30] HarvestSession state change: Comparing -> Approving
[SYNAPSE] [PM 7:15:09] [INFO] [v0.3.30] HarvestSession state change: Approving -> Executing
[SYNAPSE] [PM 7:15:09] [INFO] [v0.3.30] HarvestSession state change: Executing -> Harvesting
[SYNAPSE] [PM 7:15:09] [INFO] [v0.3.30] Harvest starting: Processing 1 approved files
[SYNAPSE] [PM 7:15:09] [WARN] [v0.3.30] Harvest rejected: Invalid clientUsername format 'undefined'
[SYNAPSE] [PM 7:15:09] [INFO] [v0.3.30] Harvest complete: 0 files, 0 folders
[SYNAPSE] [PM 7:15:09] [WARN] [v0.3.30] HarvestSession transition failed: expected Executing, current is Harvesting
[SYNAPSE] [PM 7:15:09] [INFO] [v0.3.30] HarvestSession state change: Harvesting -> Unlocked
[SYNAPSE] [PM 7:15:39] [INFO] [v0.3.30] HarvestSession state change: Unlocked -> Locked
[SYNAPSE] [PM 7:15:39] [INFO] [v0.3.30] HarvestSession state change: Locked -> Comparing
[SYNAPSE] [PM 7:15:39] [WARN] [v0.3.30] CompareEngine: Failed to get hashes for soak_client - Client is not connected
[SYNAPSE] [PM 7:15:39] [INFO] [v0.3.30] CompareEngine: Found 0 differences
[SYNAPSE] [PM 7:15:39] [INFO] [v0.3.30] HarvestSession state change: Comparing -> Approving
[SYNAPSE] [PM 7:15:39] [INFO] [v0.3.30] HarvestSession state change: Approving -> Executing
[SYNAPSE] [PM 7:15:39] [INFO] [v0.3.30] HarvestSession state change: Executing -> Harvesting
[SYNAPSE] [PM 7:15:39] [INFO] [v0.3.30] Harvest starting: Processing 1 approved files
[SYNAPSE] [PM 7:15:39] [WARN] [v0.3.30] Harvest rejected: Invalid clientUsername format 'undefined'
[SYNAPSE] [PM 7:15:39] [INFO] [v0.3.30] Harvest complete: 0 files, 0 folders
[SYNAPSE] [PM 7:15:39] [WARN] [v0.3.30] HarvestSession transition failed: expected Executing, current is Harvesting
[SYNAPSE] [PM 7:15:39] [INFO] [v0.3.30] HarvestSession state change: Harvesting -> Unlocked
SyntaxError: Unexpected token 'n', "null" is not valid JSON
    at JSON.parse (<anonymous>)
    at createStrictSyntaxError (/home/dogsinatas/TypeScript_project/antigravity-extension-vis/node_modules/body-parser/lib/types/json.js:109:10)
    at parse (/home/dogsinatas/TypeScript_project/antigravity-extension-vis/node_modules/body-parser/lib/types/json.js:66:15)
    at /home/dogsinatas/TypeScript_project/antigravity-extension-vis/node_modules/body-parser/lib/read.js:162:18
    at AsyncResource.runInAsyncScope (node:async_hooks:227:14)
    at invokeCallback (/home/dogsinatas/TypeScript_project/antigravity-extension-vis/node_modules/raw-body/index.js:238:16)
    at done (/home/dogsinatas/TypeScript_project/antigravity-extension-vis/node_modules/raw-body/index.js:227:7)
    at IncomingMessage.onEnd (/home/dogsinatas/TypeScript_project/antigravity-extension-vis/node_modules/raw-body/index.js:287:7)
    at IncomingMessage.emit (node:events:509:28)
    at IncomingMessage.emit (node:domain:489:12)
[SYNAPSE] [PM 7:16:09] [INFO] [v0.3.30] HarvestSession state change: Unlocked -> Locked
[SYNAPSE] [PM 7:16:09] [INFO] [v0.3.30] HarvestSession state change: Locked -> Comparing
[SYNAPSE] [PM 7:16:09] [WARN] [v0.3.30] CompareEngine: Failed to get hashes for soak_client - Client is not connected
[SYNAPSE] [PM 7:16:09] [INFO] [v0.3.30] CompareEngine: Found 0 differences
[SYNAPSE] [PM 7:16:09] [INFO] [v0.3.30] HarvestSession state change: Comparing -> Approving
[SYNAPSE] [PM 7:16:09] [INFO] [v0.3.30] HarvestSession state change: Approving -> Executing
[SYNAPSE] [PM 7:16:09] [INFO] [v0.3.30] HarvestSession state change: Executing -> Harvesting
[SYNAPSE] [PM 7:16:09] [INFO] [v0.3.30] Harvest starting: Processing 1 approved files
[SYNAPSE] [PM 7:16:09] [WARN] [v0.3.30] Harvest rejected: Invalid clientUsername format 'undefined'
[SYNAPSE] [PM 7:16:09] [INFO] [v0.3.30] Harvest complete: 0 files, 0 folders
[SYNAPSE] [PM 7:16:09] [WARN] [v0.3.30] HarvestSession transition failed: expected Executing, current is Harvesting
[SYNAPSE] [PM 7:16:09] [INFO] [v0.3.30] HarvestSession state change: Harvesting -> Unlocked
[SYNAPSE] [PM 7:16:39] [INFO] [v0.3.30] HarvestSession state change: Unlocked -> Locked
[SYNAPSE] [PM 7:16:39] [INFO] [v0.3.30] HarvestSession state change: Locked -> Comparing
[SYNAPSE] [PM 7:16:39] [WARN] [v0.3.30] CompareEngine: Failed to get hashes for soak_client - Client is not connected
[SYNAPSE] [PM 7:16:39] [INFO] [v0.3.30] CompareEngine: Found 0 differences
[SYNAPSE] [PM 7:16:39] [INFO] [v0.3.30] HarvestSession state change: Comparing -> Approving
[SYNAPSE] [PM 7:16:39] [INFO] [v0.3.30] HarvestSession state change: Approving -> Executing
[SYNAPSE] [PM 7:16:39] [INFO] [v0.3.30] HarvestSession state change: Executing -> Harvesting
[SYNAPSE] [PM 7:16:39] [INFO] [v0.3.30] Harvest starting: Processing 1 approved files
[SYNAPSE] [PM 7:16:39] [WARN] [v0.3.30] Harvest rejected: Invalid clientUsername format 'undefined'
[SYNAPSE] [PM 7:16:39] [INFO] [v0.3.30] Harvest complete: 0 files, 0 folders
[SYNAPSE] [PM 7:16:39] [WARN] [v0.3.30] HarvestSession transition failed: expected Executing, current is Harvesting
[SYNAPSE] [PM 7:16:39] [INFO] [v0.3.30] HarvestSession state change: Harvesting -> Unlocked
SyntaxError: Unexpected token 'n', "null" is not valid JSON
    at JSON.parse (<anonymous>)
    at createStrictSyntaxError (/home/dogsinatas/TypeScript_project/antigravity-extension-vis/node_modules/body-parser/lib/types/json.js:109:10)
    at parse (/home/dogsinatas/TypeScript_project/antigravity-extension-vis/node_modules/body-parser/lib/types/json.js:66:15)
    at /home/dogsinatas/TypeScript_project/antigravity-extension-vis/node_modules/body-parser/lib/read.js:162:18
    at AsyncResource.runInAsyncScope (node:async_hooks:227:14)
    at invokeCallback (/home/dogsinatas/TypeScript_project/antigravity-extension-vis/node_modules/raw-body/index.js:238:16)
    at done (/home/dogsinatas/TypeScript_project/antigravity-extension-vis/node_modules/raw-body/index.js:227:7)
    at IncomingMessage.onEnd (/home/dogsinatas/TypeScript_project/antigravity-extension-vis/node_modules/raw-body/index.js:287:7)
    at IncomingMessage.emit (node:events:509:28)
    at IncomingMessage.emit (node:domain:489:12)
[SYNAPSE] [PM 7:17:09] [INFO] [v0.3.30] HarvestSession state change: Unlocked -> Locked
[SYNAPSE] [PM 7:17:09] [INFO] [v0.3.30] HarvestSession state change: Locked -> Comparing
[SYNAPSE] [PM 7:17:09] [WARN] [v0.3.30] CompareEngine: Failed to get hashes for soak_client - Client is not connected
[SYNAPSE] [PM 7:17:09] [INFO] [v0.3.30] CompareEngine: Found 0 differences
[SYNAPSE] [PM 7:17:09] [INFO] [v0.3.30] HarvestSession state change: Comparing -> Approving
[SYNAPSE] [PM 7:17:09] [INFO] [v0.3.30] HarvestSession state change: Approving -> Executing
[SYNAPSE] [PM 7:17:09] [INFO] [v0.3.30] HarvestSession state change: Executing -> Harvesting
[SYNAPSE] [PM 7:17:09] [INFO] [v0.3.30] Harvest starting: Processing 1 approved files
[SYNAPSE] [PM 7:17:09] [WARN] [v0.3.30] Harvest rejected: Invalid clientUsername format 'undefined'
[SYNAPSE] [PM 7:17:09] [INFO] [v0.3.30] Harvest complete: 0 files, 0 folders
[SYNAPSE] [PM 7:17:09] [WARN] [v0.3.30] HarvestSession transition failed: expected Executing, current is Harvesting
[SYNAPSE] [PM 7:17:09] [INFO] [v0.3.30] HarvestSession state change: Harvesting -> Unlocked
[SYNAPSE] [PM 7:17:39] [INFO] [v0.3.30] HarvestSession state change: Unlocked -> Locked
[SYNAPSE] [PM 7:17:39] [INFO] [v0.3.30] HarvestSession state change: Locked -> Comparing
[SYNAPSE] [PM 7:17:39] [WARN] [v0.3.30] CompareEngine: Failed to get hashes for soak_client - Client is not connected
[SYNAPSE] [PM 7:17:39] [INFO] [v0.3.30] CompareEngine: Found 0 differences
[SYNAPSE] [PM 7:17:39] [INFO] [v0.3.30] HarvestSession state change: Comparing -> Approving
[SYNAPSE] [PM 7:17:39] [INFO] [v0.3.30] HarvestSession state change: Approving -> Executing
[SYNAPSE] [PM 7:17:39] [INFO] [v0.3.30] HarvestSession state change: Executing -> Harvesting
[SYNAPSE] [PM 7:17:39] [INFO] [v0.3.30] Harvest starting: Processing 1 approved files
[SYNAPSE] [PM 7:17:39] [WARN] [v0.3.30] Harvest rejected: Invalid clientUsername format 'undefined'
[SYNAPSE] [PM 7:17:39] [INFO] [v0.3.30] Harvest complete: 0 files, 0 folders
[SYNAPSE] [PM 7:17:39] [WARN] [v0.3.30] HarvestSession transition failed: expected Executing, current is Harvesting
[SYNAPSE] [PM 7:17:39] [INFO] [v0.3.30] HarvestSession state change: Harvesting -> Unlocked
SyntaxError: Unexpected token 'n', "null" is not valid JSON
    at JSON.parse (<anonymous>)
    at createStrictSyntaxError (/home/dogsinatas/TypeScript_project/antigravity-extension-vis/node_modules/body-parser/lib/types/json.js:109:10)
    at parse (/home/dogsinatas/TypeScript_project/antigravity-extension-vis/node_modules/body-parser/lib/types/json.js:66:15)
    at /home/dogsinatas/TypeScript_project/antigravity-extension-vis/node_modules/body-parser/lib/read.js:162:18
    at AsyncResource.runInAsyncScope (node:async_hooks:227:14)
    at invokeCallback (/home/dogsinatas/TypeScript_project/antigravity-extension-vis/node_modules/raw-body/index.js:238:16)
    at done (/home/dogsinatas/TypeScript_project/antigravity-extension-vis/node_modules/raw-body/index.js:227:7)
    at IncomingMessage.onEnd (/home/dogsinatas/TypeScript_project/antigravity-extension-vis/node_modules/raw-body/index.js:287:7)
    at IncomingMessage.emit (node:events:509:28)
    at IncomingMessage.emit (node:domain:489:12)
[SYNAPSE] [PM 7:18:09] [INFO] [v0.3.30] HarvestSession state change: Unlocked -> Locked
[SYNAPSE] [PM 7:18:09] [INFO] [v0.3.30] HarvestSession state change: Locked -> Comparing
[SYNAPSE] [PM 7:18:09] [WARN] [v0.3.30] CompareEngine: Failed to get hashes for soak_client - Client is not connected
[SYNAPSE] [PM 7:18:09] [INFO] [v0.3.30] CompareEngine: Found 0 differences
[SYNAPSE] [PM 7:18:09] [INFO] [v0.3.30] HarvestSession state change: Comparing -> Approving
[SYNAPSE] [PM 7:18:09] [INFO] [v0.3.30] HarvestSession state change: Approving -> Executing
[SYNAPSE] [PM 7:18:09] [INFO] [v0.3.30] HarvestSession state change: Executing -> Harvesting
[SYNAPSE] [PM 7:18:09] [INFO] [v0.3.30] Harvest starting: Processing 1 approved files
[SYNAPSE] [PM 7:18:09] [WARN] [v0.3.30] Harvest rejected: Invalid clientUsername format 'undefined'
[SYNAPSE] [PM 7:18:09] [INFO] [v0.3.30] Harvest complete: 0 files, 0 folders
[SYNAPSE] [PM 7:18:09] [WARN] [v0.3.30] HarvestSession transition failed: expected Executing, current is Harvesting
[SYNAPSE] [PM 7:18:09] [INFO] [v0.3.30] HarvestSession state change: Harvesting -> Unlocked
[SYNAPSE] [PM 7:18:39] [INFO] [v0.3.30] HarvestSession state change: Unlocked -> Locked
[SYNAPSE] [PM 7:18:39] [INFO] [v0.3.30] HarvestSession state change: Locked -> Comparing
[SYNAPSE] [PM 7:18:39] [WARN] [v0.3.30] CompareEngine: Failed to get hashes for soak_client - Client is not connected
[SYNAPSE] [PM 7:18:39] [INFO] [v0.3.30] CompareEngine: Found 0 differences
[SYNAPSE] [PM 7:18:39] [INFO] [v0.3.30] HarvestSession state change: Comparing -> Approving
[SYNAPSE] [PM 7:18:39] [INFO] [v0.3.30] HarvestSession state change: Approving -> Executing
[SYNAPSE] [PM 7:18:39] [INFO] [v0.3.30] HarvestSession state change: Executing -> Harvesting
[SYNAPSE] [PM 7:18:39] [INFO] [v0.3.30] Harvest starting: Processing 1 approved files
[SYNAPSE] [PM 7:18:39] [WARN] [v0.3.30] Harvest rejected: Invalid clientUsername format 'undefined'
[SYNAPSE] [PM 7:18:39] [INFO] [v0.3.30] Harvest complete: 0 files, 0 folders
[SYNAPSE] [PM 7:18:39] [WARN] [v0.3.30] HarvestSession transition failed: expected Executing, current is Harvesting
[SYNAPSE] [PM 7:18:39] [INFO] [v0.3.30] HarvestSession state change: Harvesting -> Unlocked
SyntaxError: Unexpected token 'n', "null" is not valid JSON
    at JSON.parse (<anonymous>)
    at createStrictSyntaxError (/home/dogsinatas/TypeScript_project/antigravity-extension-vis/node_modules/body-parser/lib/types/json.js:109:10)
    at parse (/home/dogsinatas/TypeScript_project/antigravity-extension-vis/node_modules/body-parser/lib/types/json.js:66:15)
    at /home/dogsinatas/TypeScript_project/antigravity-extension-vis/node_modules/body-parser/lib/read.js:162:18
    at AsyncResource.runInAsyncScope (node:async_hooks:227:14)
    at invokeCallback (/home/dogsinatas/TypeScript_project/antigravity-extension-vis/node_modules/raw-body/index.js:238:16)
    at done (/home/dogsinatas/TypeScript_project/antigravity-extension-vis/node_modules/raw-body/index.js:227:7)
    at IncomingMessage.onEnd (/home/dogsinatas/TypeScript_project/antigravity-extension-vis/node_modules/raw-body/index.js:287:7)
    at IncomingMessage.emit (node:events:509:28)
    at IncomingMessage.emit (node:domain:489:12)
[SYNAPSE] [PM 7:19:09] [INFO] [v0.3.30] HarvestSession state change: Unlocked -> Locked
[SYNAPSE] [PM 7:19:09] [INFO] [v0.3.30] HarvestSession state change: Locked -> Comparing
[SYNAPSE] [PM 7:19:09] [WARN] [v0.3.30] CompareEngine: Failed to get hashes for soak_client - Client is not connected
[SYNAPSE] [PM 7:19:09] [INFO] [v0.3.30] CompareEngine: Found 0 differences
[SYNAPSE] [PM 7:19:09] [INFO] [v0.3.30] HarvestSession state change: Comparing -> Approving
[SYNAPSE] [PM 7:19:09] [INFO] [v0.3.30] HarvestSession state change: Approving -> Executing
[SYNAPSE] [PM 7:19:09] [INFO] [v0.3.30] HarvestSession state change: Executing -> Harvesting
[SYNAPSE] [PM 7:19:09] [INFO] [v0.3.30] Harvest starting: Processing 1 approved files
[SYNAPSE] [PM 7:19:09] [WARN] [v0.3.30] Harvest rejected: Invalid clientUsername format 'undefined'
[SYNAPSE] [PM 7:19:09] [INFO] [v0.3.30] Harvest complete: 0 files, 0 folders
[SYNAPSE] [PM 7:19:09] [WARN] [v0.3.30] HarvestSession transition failed: expected Executing, current is Harvesting
[SYNAPSE] [PM 7:19:09] [INFO] [v0.3.30] HarvestSession state change: Harvesting -> Unlocked
[SYNAPSE] [PM 7:19:39] [INFO] [v0.3.30] HarvestSession state change: Unlocked -> Locked
[SYNAPSE] [PM 7:19:39] [INFO] [v0.3.30] HarvestSession state change: Locked -> Comparing
[SYNAPSE] [PM 7:19:39] [WARN] [v0.3.30] CompareEngine: Failed to get hashes for soak_client - Client is not connected
[SYNAPSE] [PM 7:19:39] [INFO] [v0.3.30] CompareEngine: Found 0 differences
[SYNAPSE] [PM 7:19:39] [INFO] [v0.3.30] HarvestSession state change: Comparing -> Approving
[SYNAPSE] [PM 7:19:39] [INFO] [v0.3.30] HarvestSession state change: Approving -> Executing
[SYNAPSE] [PM 7:19:39] [INFO] [v0.3.30] HarvestSession state change: Executing -> Harvesting
[SYNAPSE] [PM 7:19:39] [INFO] [v0.3.30] Harvest starting: Processing 1 approved files
[SYNAPSE] [PM 7:19:39] [WARN] [v0.3.30] Harvest rejected: Invalid clientUsername format 'undefined'
[SYNAPSE] [PM 7:19:39] [INFO] [v0.3.30] Harvest complete: 0 files, 0 folders
[SYNAPSE] [PM 7:19:39] [WARN] [v0.3.30] HarvestSession transition failed: expected Executing, current is Harvesting
[SYNAPSE] [PM 7:19:39] [INFO] [v0.3.30] HarvestSession state change: Harvesting -> Unlocked
SyntaxError: Unexpected token 'n', "null" is not valid JSON
    at JSON.parse (<anonymous>)
    at createStrictSyntaxError (/home/dogsinatas/TypeScript_project/antigravity-extension-vis/node_modules/body-parser/lib/types/json.js:109:10)
    at parse (/home/dogsinatas/TypeScript_project/antigravity-extension-vis/node_modules/body-parser/lib/types/json.js:66:15)
    at /home/dogsinatas/TypeScript_project/antigravity-extension-vis/node_modules/body-parser/lib/read.js:162:18
    at AsyncResource.runInAsyncScope (node:async_hooks:227:14)
    at invokeCallback (/home/dogsinatas/TypeScript_project/antigravity-extension-vis/node_modules/raw-body/index.js:238:16)
    at done (/home/dogsinatas/TypeScript_project/antigravity-extension-vis/node_modules/raw-body/index.js:227:7)
    at IncomingMessage.onEnd (/home/dogsinatas/TypeScript_project/antigravity-extension-vis/node_modules/raw-body/index.js:287:7)
    at IncomingMessage.emit (node:events:509:28)
    at IncomingMessage.emit (node:domain:489:12)
[SYNAPSE] [PM 7:20:09] [INFO] [v0.3.30] HarvestSession state change: Unlocked -> Locked
[SYNAPSE] [PM 7:20:09] [INFO] [v0.3.30] HarvestSession state change: Locked -> Comparing
[SYNAPSE] [PM 7:20:09] [WARN] [v0.3.30] CompareEngine: Failed to get hashes for soak_client - Client is not connected
[SYNAPSE] [PM 7:20:09] [INFO] [v0.3.30] CompareEngine: Found 0 differences
[SYNAPSE] [PM 7:20:09] [INFO] [v0.3.30] HarvestSession state change: Comparing -> Approving
[SYNAPSE] [PM 7:20:09] [INFO] [v0.3.30] HarvestSession state change: Approving -> Executing
[SYNAPSE] [PM 7:20:09] [INFO] [v0.3.30] HarvestSession state change: Executing -> Harvesting
[SYNAPSE] [PM 7:20:09] [INFO] [v0.3.30] Harvest starting: Processing 1 approved files
[SYNAPSE] [PM 7:20:09] [WARN] [v0.3.30] Harvest rejected: Invalid clientUsername format 'undefined'
[SYNAPSE] [PM 7:20:09] [INFO] [v0.3.30] Harvest complete: 0 files, 0 folders
[SYNAPSE] [PM 7:20:09] [WARN] [v0.3.30] HarvestSession transition failed: expected Executing, current is Harvesting
[SYNAPSE] [PM 7:20:09] [INFO] [v0.3.30] HarvestSession state change: Harvesting -> Unlocked
[SYNAPSE] [PM 7:20:39] [INFO] [v0.3.30] HarvestSession state change: Unlocked -> Locked
[SYNAPSE] [PM 7:20:39] [INFO] [v0.3.30] HarvestSession state change: Locked -> Comparing
[SYNAPSE] [PM 7:20:39] [WARN] [v0.3.30] CompareEngine: Failed to get hashes for soak_client - Client is not connected
[SYNAPSE] [PM 7:20:39] [INFO] [v0.3.30] CompareEngine: Found 0 differences
[SYNAPSE] [PM 7:20:39] [INFO] [v0.3.30] HarvestSession state change: Comparing -> Approving
[SYNAPSE] [PM 7:20:39] [INFO] [v0.3.30] HarvestSession state change: Approving -> Executing
[SYNAPSE] [PM 7:20:39] [INFO] [v0.3.30] HarvestSession state change: Executing -> Harvesting
[SYNAPSE] [PM 7:20:39] [INFO] [v0.3.30] Harvest starting: Processing 1 approved files
[SYNAPSE] [PM 7:20:39] [WARN] [v0.3.30] Harvest rejected: Invalid clientUsername format 'undefined'
[SYNAPSE] [PM 7:20:39] [INFO] [v0.3.30] Harvest complete: 0 files, 0 folders
[SYNAPSE] [PM 7:20:39] [WARN] [v0.3.30] HarvestSession transition failed: expected Executing, current is Harvesting
[SYNAPSE] [PM 7:20:39] [INFO] [v0.3.30] HarvestSession state change: Harvesting -> Unlocked
SyntaxError: Unexpected token 'n', "null" is not valid JSON
    at JSON.parse (<anonymous>)
    at createStrictSyntaxError (/home/dogsinatas/TypeScript_project/antigravity-extension-vis/node_modules/body-parser/lib/types/json.js:109:10)
    at parse (/home/dogsinatas/TypeScript_project/antigravity-extension-vis/node_modules/body-parser/lib/types/json.js:66:15)
    at /home/dogsinatas/TypeScript_project/antigravity-extension-vis/node_modules/body-parser/lib/read.js:162:18
    at AsyncResource.runInAsyncScope (node:async_hooks:227:14)
    at invokeCallback (/home/dogsinatas/TypeScript_project/antigravity-extension-vis/node_modules/raw-body/index.js:238:16)
    at done (/home/dogsinatas/TypeScript_project/antigravity-extension-vis/node_modules/raw-body/index.js:227:7)
    at IncomingMessage.onEnd (/home/dogsinatas/TypeScript_project/antigravity-extension-vis/node_modules/raw-body/index.js:287:7)
    at IncomingMessage.emit (node:events:509:28)
    at IncomingMessage.emit (node:domain:489:12)
[SYNAPSE] [PM 7:21:09] [INFO] [v0.3.30] HarvestSession state change: Unlocked -> Locked
[SYNAPSE] [PM 7:21:09] [INFO] [v0.3.30] HarvestSession state change: Locked -> Comparing
[SYNAPSE] [PM 7:21:09] [WARN] [v0.3.30] CompareEngine: Failed to get hashes for soak_client - Client is not connected
[SYNAPSE] [PM 7:21:09] [INFO] [v0.3.30] CompareEngine: Found 0 differences
[SYNAPSE] [PM 7:21:09] [INFO] [v0.3.30] HarvestSession state change: Comparing -> Approving
[SYNAPSE] [PM 7:21:09] [INFO] [v0.3.30] HarvestSession state change: Approving -> Executing
[SYNAPSE] [PM 7:21:09] [INFO] [v0.3.30] HarvestSession state change: Executing -> Harvesting
[SYNAPSE] [PM 7:21:09] [INFO] [v0.3.30] Harvest starting: Processing 1 approved files
[SYNAPSE] [PM 7:21:09] [WARN] [v0.3.30] Harvest rejected: Invalid clientUsername format 'undefined'
[SYNAPSE] [PM 7:21:09] [INFO] [v0.3.30] Harvest complete: 0 files, 0 folders
[SYNAPSE] [PM 7:21:09] [WARN] [v0.3.30] HarvestSession transition failed: expected Executing, current is Harvesting
[SYNAPSE] [PM 7:21:09] [INFO] [v0.3.30] HarvestSession state change: Harvesting -> Unlocked
[SYNAPSE] [PM 7:21:39] [INFO] [v0.3.30] HarvestSession state change: Unlocked -> Locked
[SYNAPSE] [PM 7:21:39] [INFO] [v0.3.30] HarvestSession state change: Locked -> Comparing
[SYNAPSE] [PM 7:21:39] [WARN] [v0.3.30] CompareEngine: Failed to get hashes for soak_client - Client is not connected
[SYNAPSE] [PM 7:21:39] [INFO] [v0.3.30] CompareEngine: Found 0 differences
[SYNAPSE] [PM 7:21:39] [INFO] [v0.3.30] HarvestSession state change: Comparing -> Approving
[SYNAPSE] [PM 7:21:39] [INFO] [v0.3.30] HarvestSession state change: Approving -> Executing
[SYNAPSE] [PM 7:21:39] [INFO] [v0.3.30] HarvestSession state change: Executing -> Harvesting
[SYNAPSE] [PM 7:21:39] [INFO] [v0.3.30] Harvest starting: Processing 1 approved files
[SYNAPSE] [PM 7:21:39] [WARN] [v0.3.30] Harvest rejected: Invalid clientUsername format 'undefined'
[SYNAPSE] [PM 7:21:39] [INFO] [v0.3.30] Harvest complete: 0 files, 0 folders
[SYNAPSE] [PM 7:21:39] [WARN] [v0.3.30] HarvestSession transition failed: expected Executing, current is Harvesting
[SYNAPSE] [PM 7:21:39] [INFO] [v0.3.30] HarvestSession state change: Harvesting -> Unlocked
SyntaxError: Unexpected token 'n', "null" is not valid JSON
    at JSON.parse (<anonymous>)
    at createStrictSyntaxError (/home/dogsinatas/TypeScript_project/antigravity-extension-vis/node_modules/body-parser/lib/types/json.js:109:10)
    at parse (/home/dogsinatas/TypeScript_project/antigravity-extension-vis/node_modules/body-parser/lib/types/json.js:66:15)
    at /home/dogsinatas/TypeScript_project/antigravity-extension-vis/node_modules/body-parser/lib/read.js:162:18
    at AsyncResource.runInAsyncScope (node:async_hooks:227:14)
    at invokeCallback (/home/dogsinatas/TypeScript_project/antigravity-extension-vis/node_modules/raw-body/index.js:238:16)
    at done (/home/dogsinatas/TypeScript_project/antigravity-extension-vis/node_modules/raw-body/index.js:227:7)
    at IncomingMessage.onEnd (/home/dogsinatas/TypeScript_project/antigravity-extension-vis/node_modules/raw-body/index.js:287:7)
    at IncomingMessage.emit (node:events:509:28)
    at IncomingMessage.emit (node:domain:489:12)
[SYNAPSE] [PM 7:22:09] [INFO] [v0.3.30] HarvestSession state change: Unlocked -> Locked
[SYNAPSE] [PM 7:22:09] [INFO] [v0.3.30] HarvestSession state change: Locked -> Comparing
[SYNAPSE] [PM 7:22:09] [WARN] [v0.3.30] CompareEngine: Failed to get hashes for soak_client - Client is not connected
[SYNAPSE] [PM 7:22:09] [INFO] [v0.3.30] CompareEngine: Found 0 differences
[SYNAPSE] [PM 7:22:09] [INFO] [v0.3.30] HarvestSession state change: Comparing -> Approving
[SYNAPSE] [PM 7:22:09] [INFO] [v0.3.30] HarvestSession state change: Approving -> Executing
[SYNAPSE] [PM 7:22:09] [INFO] [v0.3.30] HarvestSession state change: Executing -> Harvesting
[SYNAPSE] [PM 7:22:09] [INFO] [v0.3.30] Harvest starting: Processing 1 approved files
[SYNAPSE] [PM 7:22:09] [WARN] [v0.3.30] Harvest rejected: Invalid clientUsername format 'undefined'
[SYNAPSE] [PM 7:22:09] [INFO] [v0.3.30] Harvest complete: 0 files, 0 folders
[SYNAPSE] [PM 7:22:09] [WARN] [v0.3.30] HarvestSession transition failed: expected Executing, current is Harvesting
[SYNAPSE] [PM 7:22:09] [INFO] [v0.3.30] HarvestSession state change: Harvesting -> Unlocked
[SYNAPSE] [PM 7:22:39] [INFO] [v0.3.30] HarvestSession state change: Unlocked -> Locked
[SYNAPSE] [PM 7:22:39] [INFO] [v0.3.30] HarvestSession state change: Locked -> Comparing
[SYNAPSE] [PM 7:22:39] [WARN] [v0.3.30] CompareEngine: Failed to get hashes for soak_client - Client is not connected
[SYNAPSE] [PM 7:22:39] [INFO] [v0.3.30] CompareEngine: Found 0 differences
[SYNAPSE] [PM 7:22:39] [INFO] [v0.3.30] HarvestSession state change: Comparing -> Approving
[SYNAPSE] [PM 7:22:39] [INFO] [v0.3.30] HarvestSession state change: Approving -> Executing
[SYNAPSE] [PM 7:22:39] [INFO] [v0.3.30] HarvestSession state change: Executing -> Harvesting
[SYNAPSE] [PM 7:22:39] [INFO] [v0.3.30] Harvest starting: Processing 1 approved files
[SYNAPSE] [PM 7:22:39] [WARN] [v0.3.30] Harvest rejected: Invalid clientUsername format 'undefined'
[SYNAPSE] [PM 7:22:39] [INFO] [v0.3.30] Harvest complete: 0 files, 0 folders
[SYNAPSE] [PM 7:22:39] [WARN] [v0.3.30] HarvestSession transition failed: expected Executing, current is Harvesting
[SYNAPSE] [PM 7:22:39] [INFO] [v0.3.30] HarvestSession state change: Harvesting -> Unlocked
SyntaxError: Unexpected token 'n', "null" is not valid JSON
    at JSON.parse (<anonymous>)
    at createStrictSyntaxError (/home/dogsinatas/TypeScript_project/antigravity-extension-vis/node_modules/body-parser/lib/types/json.js:109:10)
    at parse (/home/dogsinatas/TypeScript_project/antigravity-extension-vis/node_modules/body-parser/lib/types/json.js:66:15)
    at /home/dogsinatas/TypeScript_project/antigravity-extension-vis/node_modules/body-parser/lib/read.js:162:18
    at AsyncResource.runInAsyncScope (node:async_hooks:227:14)
    at invokeCallback (/home/dogsinatas/TypeScript_project/antigravity-extension-vis/node_modules/raw-body/index.js:238:16)
    at done (/home/dogsinatas/TypeScript_project/antigravity-extension-vis/node_modules/raw-body/index.js:227:7)
    at IncomingMessage.onEnd (/home/dogsinatas/TypeScript_project/antigravity-extension-vis/node_modules/raw-body/index.js:287:7)
    at IncomingMessage.emit (node:events:509:28)
    at IncomingMessage.emit (node:domain:489:12)
[SYNAPSE] [PM 7:23:09] [INFO] [v0.3.30] HarvestSession state change: Unlocked -> Locked
[SYNAPSE] [PM 7:23:09] [INFO] [v0.3.30] HarvestSession state change: Locked -> Comparing
[SYNAPSE] [PM 7:23:09] [WARN] [v0.3.30] CompareEngine: Failed to get hashes for soak_client - Client is not connected
[SYNAPSE] [PM 7:23:09] [INFO] [v0.3.30] CompareEngine: Found 0 differences
[SYNAPSE] [PM 7:23:09] [INFO] [v0.3.30] HarvestSession state change: Comparing -> Approving
[SYNAPSE] [PM 7:23:09] [INFO] [v0.3.30] HarvestSession state change: Approving -> Executing
[SYNAPSE] [PM 7:23:09] [INFO] [v0.3.30] HarvestSession state change: Executing -> Harvesting
[SYNAPSE] [PM 7:23:09] [INFO] [v0.3.30] Harvest starting: Processing 1 approved files
[SYNAPSE] [PM 7:23:09] [WARN] [v0.3.30] Harvest rejected: Invalid clientUsername format 'undefined'
[SYNAPSE] [PM 7:23:09] [INFO] [v0.3.30] Harvest complete: 0 files, 0 folders
[SYNAPSE] [PM 7:23:09] [WARN] [v0.3.30] HarvestSession transition failed: expected Executing, current is Harvesting
[SYNAPSE] [PM 7:23:09] [INFO] [v0.3.30] HarvestSession state change: Harvesting -> Unlocked
[SYNAPSE] [PM 7:23:39] [INFO] [v0.3.30] HarvestSession state change: Unlocked -> Locked
[SYNAPSE] [PM 7:23:39] [INFO] [v0.3.30] HarvestSession state change: Locked -> Comparing
[SYNAPSE] [PM 7:23:39] [WARN] [v0.3.30] CompareEngine: Failed to get hashes for soak_client - Client is not connected
[SYNAPSE] [PM 7:23:39] [INFO] [v0.3.30] CompareEngine: Found 0 differences
[SYNAPSE] [PM 7:23:39] [INFO] [v0.3.30] HarvestSession state change: Comparing -> Approving
[SYNAPSE] [PM 7:23:39] [INFO] [v0.3.30] HarvestSession state change: Approving -> Executing
[SYNAPSE] [PM 7:23:39] [INFO] [v0.3.30] HarvestSession state change: Executing -> Harvesting
[SYNAPSE] [PM 7:23:39] [INFO] [v0.3.30] Harvest starting: Processing 1 approved files
[SYNAPSE] [PM 7:23:39] [WARN] [v0.3.30] Harvest rejected: Invalid clientUsername format 'undefined'
[SYNAPSE] [PM 7:23:39] [INFO] [v0.3.30] Harvest complete: 0 files, 0 folders
[SYNAPSE] [PM 7:23:39] [WARN] [v0.3.30] HarvestSession transition failed: expected Executing, current is Harvesting
[SYNAPSE] [PM 7:23:39] [INFO] [v0.3.30] HarvestSession state change: Harvesting -> Unlocked
SyntaxError: Unexpected token 'n', "null" is not valid JSON
    at JSON.parse (<anonymous>)
    at createStrictSyntaxError (/home/dogsinatas/TypeScript_project/antigravity-extension-vis/node_modules/body-parser/lib/types/json.js:109:10)
    at parse (/home/dogsinatas/TypeScript_project/antigravity-extension-vis/node_modules/body-parser/lib/types/json.js:66:15)
    at /home/dogsinatas/TypeScript_project/antigravity-extension-vis/node_modules/body-parser/lib/read.js:162:18
    at AsyncResource.runInAsyncScope (node:async_hooks:227:14)
    at invokeCallback (/home/dogsinatas/TypeScript_project/antigravity-extension-vis/node_modules/raw-body/index.js:238:16)
    at done (/home/dogsinatas/TypeScript_project/antigravity-extension-vis/node_modules/raw-body/index.js:227:7)
    at IncomingMessage.onEnd (/home/dogsinatas/TypeScript_project/antigravity-extension-vis/node_modules/raw-body/index.js:287:7)
    at IncomingMessage.emit (node:events:509:28)
    at IncomingMessage.emit (node:domain:489:12)
[SYNAPSE] [PM 7:24:09] [INFO] [v0.3.30] HarvestSession state change: Unlocked -> Locked
[SYNAPSE] [PM 7:24:09] [INFO] [v0.3.30] HarvestSession state change: Locked -> Comparing
[SYNAPSE] [PM 7:24:09] [WARN] [v0.3.30] CompareEngine: Failed to get hashes for soak_client - Client is not connected
[SYNAPSE] [PM 7:24:09] [INFO] [v0.3.30] CompareEngine: Found 0 differences
[SYNAPSE] [PM 7:24:09] [INFO] [v0.3.30] HarvestSession state change: Comparing -> Approving
[SYNAPSE] [PM 7:24:09] [INFO] [v0.3.30] HarvestSession state change: Approving -> Executing
[SYNAPSE] [PM 7:24:09] [INFO] [v0.3.30] HarvestSession state change: Executing -> Harvesting
[SYNAPSE] [PM 7:24:09] [INFO] [v0.3.30] Harvest starting: Processing 1 approved files
[SYNAPSE] [PM 7:24:09] [WARN] [v0.3.30] Harvest rejected: Invalid clientUsername format 'undefined'
[SYNAPSE] [PM 7:24:09] [INFO] [v0.3.30] Harvest complete: 0 files, 0 folders
[SYNAPSE] [PM 7:24:09] [WARN] [v0.3.30] HarvestSession transition failed: expected Executing, current is Harvesting
[SYNAPSE] [PM 7:24:09] [INFO] [v0.3.30] HarvestSession state change: Harvesting -> Unlocked
[SYNAPSE] [PM 7:24:39] [INFO] [v0.3.30] HarvestSession state change: Unlocked -> Locked
[SYNAPSE] [PM 7:24:39] [INFO] [v0.3.30] HarvestSession state change: Locked -> Comparing
[SYNAPSE] [PM 7:24:39] [WARN] [v0.3.30] CompareEngine: Failed to get hashes for soak_client - Client is not connected
[SYNAPSE] [PM 7:24:39] [INFO] [v0.3.30] CompareEngine: Found 0 differences
[SYNAPSE] [PM 7:24:39] [INFO] [v0.3.30] HarvestSession state change: Comparing -> Approving
[SYNAPSE] [PM 7:24:39] [INFO] [v0.3.30] HarvestSession state change: Approving -> Executing
[SYNAPSE] [PM 7:24:39] [INFO] [v0.3.30] HarvestSession state change: Executing -> Harvesting
[SYNAPSE] [PM 7:24:39] [INFO] [v0.3.30] Harvest starting: Processing 1 approved files
[SYNAPSE] [PM 7:24:39] [WARN] [v0.3.30] Harvest rejected: Invalid clientUsername format 'undefined'
[SYNAPSE] [PM 7:24:39] [INFO] [v0.3.30] Harvest complete: 0 files, 0 folders
[SYNAPSE] [PM 7:24:39] [WARN] [v0.3.30] HarvestSession transition failed: expected Executing, current is Harvesting
[SYNAPSE] [PM 7:24:39] [INFO] [v0.3.30] HarvestSession state change: Harvesting -> Unlocked
SyntaxError: Unexpected token 'n', "null" is not valid JSON
    at JSON.parse (<anonymous>)
    at createStrictSyntaxError (/home/dogsinatas/TypeScript_project/antigravity-extension-vis/node_modules/body-parser/lib/types/json.js:109:10)
    at parse (/home/dogsinatas/TypeScript_project/antigravity-extension-vis/node_modules/body-parser/lib/types/json.js:66:15)
    at /home/dogsinatas/TypeScript_project/antigravity-extension-vis/node_modules/body-parser/lib/read.js:162:18
    at AsyncResource.runInAsyncScope (node:async_hooks:227:14)
    at invokeCallback (/home/dogsinatas/TypeScript_project/antigravity-extension-vis/node_modules/raw-body/index.js:238:16)
    at done (/home/dogsinatas/TypeScript_project/antigravity-extension-vis/node_modules/raw-body/index.js:227:7)
    at IncomingMessage.onEnd (/home/dogsinatas/TypeScript_project/antigravity-extension-vis/node_modules/raw-body/index.js:287:7)
    at IncomingMessage.emit (node:events:509:28)
    at IncomingMessage.emit (node:domain:489:12)
[SYNAPSE] [PM 7:25:09] [INFO] [v0.3.30] HarvestSession state change: Unlocked -> Locked
[SYNAPSE] [PM 7:25:09] [INFO] [v0.3.30] HarvestSession state change: Locked -> Comparing
[SYNAPSE] [PM 7:25:09] [WARN] [v0.3.30] CompareEngine: Failed to get hashes for soak_client - Client is not connected
[SYNAPSE] [PM 7:25:09] [INFO] [v0.3.30] CompareEngine: Found 0 differences
[SYNAPSE] [PM 7:25:09] [INFO] [v0.3.30] HarvestSession state change: Comparing -> Approving
[SYNAPSE] [PM 7:25:09] [INFO] [v0.3.30] HarvestSession state change: Approving -> Executing
[SYNAPSE] [PM 7:25:09] [INFO] [v0.3.30] HarvestSession state change: Executing -> Harvesting
[SYNAPSE] [PM 7:25:09] [INFO] [v0.3.30] Harvest starting: Processing 1 approved files
[SYNAPSE] [PM 7:25:09] [WARN] [v0.3.30] Harvest rejected: Invalid clientUsername format 'undefined'
[SYNAPSE] [PM 7:25:09] [INFO] [v0.3.30] Harvest complete: 0 files, 0 folders
[SYNAPSE] [PM 7:25:09] [WARN] [v0.3.30] HarvestSession transition failed: expected Executing, current is Harvesting
[SYNAPSE] [PM 7:25:09] [INFO] [v0.3.30] HarvestSession state change: Harvesting -> Unlocked
[SYNAPSE] [PM 7:25:39] [INFO] [v0.3.30] HarvestSession state change: Unlocked -> Locked
[SYNAPSE] [PM 7:25:39] [INFO] [v0.3.30] HarvestSession state change: Locked -> Comparing
[SYNAPSE] [PM 7:25:39] [WARN] [v0.3.30] CompareEngine: Failed to get hashes for soak_client - Client is not connected
[SYNAPSE] [PM 7:25:39] [INFO] [v0.3.30] CompareEngine: Found 0 differences
[SYNAPSE] [PM 7:25:39] [INFO] [v0.3.30] HarvestSession state change: Comparing -> Approving
[SYNAPSE] [PM 7:25:39] [INFO] [v0.3.30] HarvestSession state change: Approving -> Executing
[SYNAPSE] [PM 7:25:39] [INFO] [v0.3.30] HarvestSession state change: Executing -> Harvesting
[SYNAPSE] [PM 7:25:39] [INFO] [v0.3.30] Harvest starting: Processing 1 approved files
[SYNAPSE] [PM 7:25:39] [WARN] [v0.3.30] Harvest rejected: Invalid clientUsername format 'undefined'
[SYNAPSE] [PM 7:25:39] [INFO] [v0.3.30] Harvest complete: 0 files, 0 folders
[SYNAPSE] [PM 7:25:39] [WARN] [v0.3.30] HarvestSession transition failed: expected Executing, current is Harvesting
[SYNAPSE] [PM 7:25:39] [INFO] [v0.3.30] HarvestSession state change: Harvesting -> Unlocked
SyntaxError: Unexpected token 'n', "null" is not valid JSON
    at JSON.parse (<anonymous>)
    at createStrictSyntaxError (/home/dogsinatas/TypeScript_project/antigravity-extension-vis/node_modules/body-parser/lib/types/json.js:109:10)
    at parse (/home/dogsinatas/TypeScript_project/antigravity-extension-vis/node_modules/body-parser/lib/types/json.js:66:15)
    at /home/dogsinatas/TypeScript_project/antigravity-extension-vis/node_modules/body-parser/lib/read.js:162:18
    at AsyncResource.runInAsyncScope (node:async_hooks:227:14)
    at invokeCallback (/home/dogsinatas/TypeScript_project/antigravity-extension-vis/node_modules/raw-body/index.js:238:16)
    at done (/home/dogsinatas/TypeScript_project/antigravity-extension-vis/node_modules/raw-body/index.js:227:7)
    at IncomingMessage.onEnd (/home/dogsinatas/TypeScript_project/antigravity-extension-vis/node_modules/raw-body/index.js:287:7)
    at IncomingMessage.emit (node:events:509:28)
    at IncomingMessage.emit (node:domain:489:12)
[SYNAPSE] [PM 7:26:09] [INFO] [v0.3.30] HarvestSession state change: Unlocked -> Locked
[SYNAPSE] [PM 7:26:09] [INFO] [v0.3.30] HarvestSession state change: Locked -> Comparing
[SYNAPSE] [PM 7:26:09] [WARN] [v0.3.30] CompareEngine: Failed to get hashes for soak_client - Client is not connected
[SYNAPSE] [PM 7:26:09] [INFO] [v0.3.30] CompareEngine: Found 0 differences
[SYNAPSE] [PM 7:26:09] [INFO] [v0.3.30] HarvestSession state change: Comparing -> Approving
[SYNAPSE] [PM 7:26:09] [INFO] [v0.3.30] HarvestSession state change: Approving -> Executing
[SYNAPSE] [PM 7:26:09] [INFO] [v0.3.30] HarvestSession state change: Executing -> Harvesting
[SYNAPSE] [PM 7:26:09] [INFO] [v0.3.30] Harvest starting: Processing 1 approved files
[SYNAPSE] [PM 7:26:09] [WARN] [v0.3.30] Harvest rejected: Invalid clientUsername format 'undefined'
[SYNAPSE] [PM 7:26:09] [INFO] [v0.3.30] Harvest complete: 0 files, 0 folders
[SYNAPSE] [PM 7:26:09] [WARN] [v0.3.30] HarvestSession transition failed: expected Executing, current is Harvesting
[SYNAPSE] [PM 7:26:09] [INFO] [v0.3.30] HarvestSession state change: Harvesting -> Unlocked
[SYNAPSE] [PM 7:26:39] [INFO] [v0.3.30] HarvestSession state change: Unlocked -> Locked
[SYNAPSE] [PM 7:26:39] [INFO] [v0.3.30] HarvestSession state change: Locked -> Comparing
[SYNAPSE] [PM 7:26:39] [WARN] [v0.3.30] CompareEngine: Failed to get hashes for soak_client - Client is not connected
[SYNAPSE] [PM 7:26:39] [INFO] [v0.3.30] CompareEngine: Found 0 differences
[SYNAPSE] [PM 7:26:39] [INFO] [v0.3.30] HarvestSession state change: Comparing -> Approving
[SYNAPSE] [PM 7:26:39] [INFO] [v0.3.30] HarvestSession state change: Approving -> Executing
[SYNAPSE] [PM 7:26:39] [INFO] [v0.3.30] HarvestSession state change: Executing -> Harvesting
[SYNAPSE] [PM 7:26:39] [INFO] [v0.3.30] Harvest starting: Processing 1 approved files
[SYNAPSE] [PM 7:26:39] [WARN] [v0.3.30] Harvest rejected: Invalid clientUsername format 'undefined'
[SYNAPSE] [PM 7:26:39] [INFO] [v0.3.30] Harvest complete: 0 files, 0 folders
[SYNAPSE] [PM 7:26:39] [WARN] [v0.3.30] HarvestSession transition failed: expected Executing, current is Harvesting
[SYNAPSE] [PM 7:26:39] [INFO] [v0.3.30] HarvestSession state change: Harvesting -> Unlocked
SyntaxError: Unexpected token 'n', "null" is not valid JSON
    at JSON.parse (<anonymous>)
    at createStrictSyntaxError (/home/dogsinatas/TypeScript_project/antigravity-extension-vis/node_modules/body-parser/lib/types/json.js:109:10)
    at parse (/home/dogsinatas/TypeScript_project/antigravity-extension-vis/node_modules/body-parser/lib/types/json.js:66:15)
    at /home/dogsinatas/TypeScript_project/antigravity-extension-vis/node_modules/body-parser/lib/read.js:162:18
    at AsyncResource.runInAsyncScope (node:async_hooks:227:14)
    at invokeCallback (/home/dogsinatas/TypeScript_project/antigravity-extension-vis/node_modules/raw-body/index.js:238:16)
    at done (/home/dogsinatas/TypeScript_project/antigravity-extension-vis/node_modules/raw-body/index.js:227:7)
    at IncomingMessage.onEnd (/home/dogsinatas/TypeScript_project/antigravity-extension-vis/node_modules/raw-body/index.js:287:7)
    at IncomingMessage.emit (node:events:509:28)
    at IncomingMessage.emit (node:domain:489:12)
[SYNAPSE] [PM 7:27:09] [INFO] [v0.3.30] HarvestSession state change: Unlocked -> Locked
[SYNAPSE] [PM 7:27:09] [INFO] [v0.3.30] HarvestSession state change: Locked -> Comparing
[SYNAPSE] [PM 7:27:09] [WARN] [v0.3.30] CompareEngine: Failed to get hashes for soak_client - Client is not connected
[SYNAPSE] [PM 7:27:09] [INFO] [v0.3.30] CompareEngine: Found 0 differences
[SYNAPSE] [PM 7:27:09] [INFO] [v0.3.30] HarvestSession state change: Comparing -> Approving
[SYNAPSE] [PM 7:27:09] [INFO] [v0.3.30] HarvestSession state change: Approving -> Executing
[SYNAPSE] [PM 7:27:09] [INFO] [v0.3.30] HarvestSession state change: Executing -> Harvesting
[SYNAPSE] [PM 7:27:09] [INFO] [v0.3.30] Harvest starting: Processing 1 approved files
[SYNAPSE] [PM 7:27:09] [WARN] [v0.3.30] Harvest rejected: Invalid clientUsername format 'undefined'
[SYNAPSE] [PM 7:27:09] [INFO] [v0.3.30] Harvest complete: 0 files, 0 folders
[SYNAPSE] [PM 7:27:09] [WARN] [v0.3.30] HarvestSession transition failed: expected Executing, current is Harvesting
[SYNAPSE] [PM 7:27:09] [INFO] [v0.3.30] HarvestSession state change: Harvesting -> Unlocked
[SYNAPSE] [PM 7:27:39] [INFO] [v0.3.30] HarvestSession state change: Unlocked -> Locked
[SYNAPSE] [PM 7:27:39] [INFO] [v0.3.30] HarvestSession state change: Locked -> Comparing
[SYNAPSE] [PM 7:27:39] [WARN] [v0.3.30] CompareEngine: Failed to get hashes for soak_client - Client is not connected
[SYNAPSE] [PM 7:27:39] [INFO] [v0.3.30] CompareEngine: Found 0 differences
[SYNAPSE] [PM 7:27:39] [INFO] [v0.3.30] HarvestSession state change: Comparing -> Approving
[SYNAPSE] [PM 7:27:39] [INFO] [v0.3.30] HarvestSession state change: Approving -> Executing
[SYNAPSE] [PM 7:27:39] [INFO] [v0.3.30] HarvestSession state change: Executing -> Harvesting
[SYNAPSE] [PM 7:27:39] [INFO] [v0.3.30] Harvest starting: Processing 1 approved files
[SYNAPSE] [PM 7:27:39] [WARN] [v0.3.30] Harvest rejected: Invalid clientUsername format 'undefined'
[SYNAPSE] [PM 7:27:39] [INFO] [v0.3.30] Harvest complete: 0 files, 0 folders
[SYNAPSE] [PM 7:27:39] [WARN] [v0.3.30] HarvestSession transition failed: expected Executing, current is Harvesting
[SYNAPSE] [PM 7:27:39] [INFO] [v0.3.30] HarvestSession state change: Harvesting -> Unlocked
SyntaxError: Unexpected token 'n', "null" is not valid JSON
    at JSON.parse (<anonymous>)
    at createStrictSyntaxError (/home/dogsinatas/TypeScript_project/antigravity-extension-vis/node_modules/body-parser/lib/types/json.js:109:10)
    at parse (/home/dogsinatas/TypeScript_project/antigravity-extension-vis/node_modules/body-parser/lib/types/json.js:66:15)
    at /home/dogsinatas/TypeScript_project/antigravity-extension-vis/node_modules/body-parser/lib/read.js:162:18
    at AsyncResource.runInAsyncScope (node:async_hooks:227:14)
    at invokeCallback (/home/dogsinatas/TypeScript_project/antigravity-extension-vis/node_modules/raw-body/index.js:238:16)
    at done (/home/dogsinatas/TypeScript_project/antigravity-extension-vis/node_modules/raw-body/index.js:227:7)
    at IncomingMessage.onEnd (/home/dogsinatas/TypeScript_project/antigravity-extension-vis/node_modules/raw-body/index.js:287:7)
    at IncomingMessage.emit (node:events:509:28)
    at IncomingMessage.emit (node:domain:489:12)
[SYNAPSE] [PM 7:28:09] [INFO] [v0.3.30] HarvestSession state change: Unlocked -> Locked
[SYNAPSE] [PM 7:28:09] [INFO] [v0.3.30] HarvestSession state change: Locked -> Comparing
[SYNAPSE] [PM 7:28:09] [WARN] [v0.3.30] CompareEngine: Failed to get hashes for soak_client - Client is not connected
[SYNAPSE] [PM 7:28:09] [INFO] [v0.3.30] CompareEngine: Found 0 differences
[SYNAPSE] [PM 7:28:09] [INFO] [v0.3.30] HarvestSession state change: Comparing -> Approving
[SYNAPSE] [PM 7:28:09] [INFO] [v0.3.30] HarvestSession state change: Approving -> Executing
[SYNAPSE] [PM 7:28:09] [INFO] [v0.3.30] HarvestSession state change: Executing -> Harvesting
[SYNAPSE] [PM 7:28:09] [INFO] [v0.3.30] Harvest starting: Processing 1 approved files
[SYNAPSE] [PM 7:28:09] [WARN] [v0.3.30] Harvest rejected: Invalid clientUsername format 'undefined'
[SYNAPSE] [PM 7:28:09] [INFO] [v0.3.30] Harvest complete: 0 files, 0 folders
[SYNAPSE] [PM 7:28:09] [WARN] [v0.3.30] HarvestSession transition failed: expected Executing, current is Harvesting
[SYNAPSE] [PM 7:28:09] [INFO] [v0.3.30] HarvestSession state change: Harvesting -> Unlocked
[SYNAPSE] [PM 7:28:39] [INFO] [v0.3.30] HarvestSession state change: Unlocked -> Locked
[SYNAPSE] [PM 7:28:39] [INFO] [v0.3.30] HarvestSession state change: Locked -> Comparing
[SYNAPSE] [PM 7:28:39] [WARN] [v0.3.30] CompareEngine: Failed to get hashes for soak_client - Client is not connected
[SYNAPSE] [PM 7:28:39] [INFO] [v0.3.30] CompareEngine: Found 0 differences
[SYNAPSE] [PM 7:28:39] [INFO] [v0.3.30] HarvestSession state change: Comparing -> Approving
[SYNAPSE] [PM 7:28:39] [INFO] [v0.3.30] HarvestSession state change: Approving -> Executing
[SYNAPSE] [PM 7:28:39] [INFO] [v0.3.30] HarvestSession state change: Executing -> Harvesting
[SYNAPSE] [PM 7:28:39] [INFO] [v0.3.30] Harvest starting: Processing 1 approved files
[SYNAPSE] [PM 7:28:39] [WARN] [v0.3.30] Harvest rejected: Invalid clientUsername format 'undefined'
[SYNAPSE] [PM 7:28:39] [INFO] [v0.3.30] Harvest complete: 0 files, 0 folders
[SYNAPSE] [PM 7:28:39] [WARN] [v0.3.30] HarvestSession transition failed: expected Executing, current is Harvesting
[SYNAPSE] [PM 7:28:39] [INFO] [v0.3.30] HarvestSession state change: Harvesting -> Unlocked
SyntaxError: Unexpected token 'n', "null" is not valid JSON
    at JSON.parse (<anonymous>)
    at createStrictSyntaxError (/home/dogsinatas/TypeScript_project/antigravity-extension-vis/node_modules/body-parser/lib/types/json.js:109:10)
    at parse (/home/dogsinatas/TypeScript_project/antigravity-extension-vis/node_modules/body-parser/lib/types/json.js:66:15)
    at /home/dogsinatas/TypeScript_project/antigravity-extension-vis/node_modules/body-parser/lib/read.js:162:18
    at AsyncResource.runInAsyncScope (node:async_hooks:227:14)
    at invokeCallback (/home/dogsinatas/TypeScript_project/antigravity-extension-vis/node_modules/raw-body/index.js:238:16)
    at done (/home/dogsinatas/TypeScript_project/antigravity-extension-vis/node_modules/raw-body/index.js:227:7)
    at IncomingMessage.onEnd (/home/dogsinatas/TypeScript_project/antigravity-extension-vis/node_modules/raw-body/index.js:287:7)
    at IncomingMessage.emit (node:events:509:28)
    at IncomingMessage.emit (node:domain:489:12)
[SYNAPSE] [PM 7:29:09] [INFO] [v0.3.30] HarvestSession state change: Unlocked -> Locked
[SYNAPSE] [PM 7:29:09] [INFO] [v0.3.30] HarvestSession state change: Locked -> Comparing
[SYNAPSE] [PM 7:29:09] [WARN] [v0.3.30] CompareEngine: Failed to get hashes for soak_client - Client is not connected
[SYNAPSE] [PM 7:29:09] [INFO] [v0.3.30] CompareEngine: Found 0 differences
[SYNAPSE] [PM 7:29:09] [INFO] [v0.3.30] HarvestSession state change: Comparing -> Approving
[SYNAPSE] [PM 7:29:09] [INFO] [v0.3.30] HarvestSession state change: Approving -> Executing
[SYNAPSE] [PM 7:29:09] [INFO] [v0.3.30] HarvestSession state change: Executing -> Harvesting
[SYNAPSE] [PM 7:29:09] [INFO] [v0.3.30] Harvest starting: Processing 1 approved files
[SYNAPSE] [PM 7:29:09] [WARN] [v0.3.30] Harvest rejected: Invalid clientUsername format 'undefined'
[SYNAPSE] [PM 7:29:09] [INFO] [v0.3.30] Harvest complete: 0 files, 0 folders
[SYNAPSE] [PM 7:29:09] [WARN] [v0.3.30] HarvestSession transition failed: expected Executing, current is Harvesting
[SYNAPSE] [PM 7:29:09] [INFO] [v0.3.30] HarvestSession state change: Harvesting -> Unlocked
[SYNAPSE] [PM 7:29:39] [INFO] [v0.3.30] HarvestSession state change: Unlocked -> Locked
[SYNAPSE] [PM 7:29:39] [INFO] [v0.3.30] HarvestSession state change: Locked -> Comparing
[SYNAPSE] [PM 7:29:39] [WARN] [v0.3.30] CompareEngine: Failed to get hashes for soak_client - Client is not connected
[SYNAPSE] [PM 7:29:39] [INFO] [v0.3.30] CompareEngine: Found 0 differences
[SYNAPSE] [PM 7:29:39] [INFO] [v0.3.30] HarvestSession state change: Comparing -> Approving
[SYNAPSE] [PM 7:29:39] [INFO] [v0.3.30] HarvestSession state change: Approving -> Executing
[SYNAPSE] [PM 7:29:39] [INFO] [v0.3.30] HarvestSession state change: Executing -> Harvesting
[SYNAPSE] [PM 7:29:39] [INFO] [v0.3.30] Harvest starting: Processing 1 approved files
[SYNAPSE] [PM 7:29:39] [WARN] [v0.3.30] Harvest rejected: Invalid clientUsername format 'undefined'
[SYNAPSE] [PM 7:29:39] [INFO] [v0.3.30] Harvest complete: 0 files, 0 folders
[SYNAPSE] [PM 7:29:39] [WARN] [v0.3.30] HarvestSession transition failed: expected Executing, current is Harvesting
[SYNAPSE] [PM 7:29:39] [INFO] [v0.3.30] HarvestSession state change: Harvesting -> Unlocked
SyntaxError: Unexpected token 'n', "null" is not valid JSON
    at JSON.parse (<anonymous>)
    at createStrictSyntaxError (/home/dogsinatas/TypeScript_project/antigravity-extension-vis/node_modules/body-parser/lib/types/json.js:109:10)
    at parse (/home/dogsinatas/TypeScript_project/antigravity-extension-vis/node_modules/body-parser/lib/types/json.js:66:15)
    at /home/dogsinatas/TypeScript_project/antigravity-extension-vis/node_modules/body-parser/lib/read.js:162:18
    at AsyncResource.runInAsyncScope (node:async_hooks:227:14)
    at invokeCallback (/home/dogsinatas/TypeScript_project/antigravity-extension-vis/node_modules/raw-body/index.js:238:16)
    at done (/home/dogsinatas/TypeScript_project/antigravity-extension-vis/node_modules/raw-body/index.js:227:7)
    at IncomingMessage.onEnd (/home/dogsinatas/TypeScript_project/antigravity-extension-vis/node_modules/raw-body/index.js:287:7)
    at IncomingMessage.emit (node:events:509:28)
    at IncomingMessage.emit (node:domain:489:12)
[SYNAPSE] [PM 7:30:09] [INFO] [v0.3.30] HarvestSession state change: Unlocked -> Locked
[SYNAPSE] [PM 7:30:09] [INFO] [v0.3.30] HarvestSession state change: Locked -> Comparing
[SYNAPSE] [PM 7:30:09] [WARN] [v0.3.30] CompareEngine: Failed to get hashes for soak_client - Client is not connected
[SYNAPSE] [PM 7:30:09] [INFO] [v0.3.30] CompareEngine: Found 0 differences
[SYNAPSE] [PM 7:30:09] [INFO] [v0.3.30] HarvestSession state change: Comparing -> Approving
[SYNAPSE] [PM 7:30:09] [INFO] [v0.3.30] HarvestSession state change: Approving -> Executing
[SYNAPSE] [PM 7:30:09] [INFO] [v0.3.30] HarvestSession state change: Executing -> Harvesting
[SYNAPSE] [PM 7:30:09] [INFO] [v0.3.30] Harvest starting: Processing 1 approved files
[SYNAPSE] [PM 7:30:09] [WARN] [v0.3.30] Harvest rejected: Invalid clientUsername format 'undefined'
[SYNAPSE] [PM 7:30:09] [INFO] [v0.3.30] Harvest complete: 0 files, 0 folders
[SYNAPSE] [PM 7:30:09] [WARN] [v0.3.30] HarvestSession transition failed: expected Executing, current is Harvesting
[SYNAPSE] [PM 7:30:09] [INFO] [v0.3.30] HarvestSession state change: Harvesting -> Unlocked
[SYNAPSE] [PM 7:30:39] [INFO] [v0.3.30] HarvestSession state change: Unlocked -> Locked
[SYNAPSE] [PM 7:30:39] [INFO] [v0.3.30] HarvestSession state change: Locked -> Comparing
[SYNAPSE] [PM 7:30:39] [WARN] [v0.3.30] CompareEngine: Failed to get hashes for soak_client - Client is not connected
[SYNAPSE] [PM 7:30:39] [INFO] [v0.3.30] CompareEngine: Found 0 differences
[SYNAPSE] [PM 7:30:39] [INFO] [v0.3.30] HarvestSession state change: Comparing -> Approving
[SYNAPSE] [PM 7:30:39] [INFO] [v0.3.30] HarvestSession state change: Approving -> Executing
[SYNAPSE] [PM 7:30:39] [INFO] [v0.3.30] HarvestSession state change: Executing -> Harvesting
[SYNAPSE] [PM 7:30:39] [INFO] [v0.3.30] Harvest starting: Processing 1 approved files
[SYNAPSE] [PM 7:30:39] [WARN] [v0.3.30] Harvest rejected: Invalid clientUsername format 'undefined'
[SYNAPSE] [PM 7:30:39] [INFO] [v0.3.30] Harvest complete: 0 files, 0 folders
[SYNAPSE] [PM 7:30:39] [WARN] [v0.3.30] HarvestSession transition failed: expected Executing, current is Harvesting
[SYNAPSE] [PM 7:30:39] [INFO] [v0.3.30] HarvestSession state change: Harvesting -> Unlocked
SyntaxError: Unexpected token 'n', "null" is not valid JSON
    at JSON.parse (<anonymous>)
    at createStrictSyntaxError (/home/dogsinatas/TypeScript_project/antigravity-extension-vis/node_modules/body-parser/lib/types/json.js:109:10)
    at parse (/home/dogsinatas/TypeScript_project/antigravity-extension-vis/node_modules/body-parser/lib/types/json.js:66:15)
    at /home/dogsinatas/TypeScript_project/antigravity-extension-vis/node_modules/body-parser/lib/read.js:162:18
    at AsyncResource.runInAsyncScope (node:async_hooks:227:14)
    at invokeCallback (/home/dogsinatas/TypeScript_project/antigravity-extension-vis/node_modules/raw-body/index.js:238:16)
    at done (/home/dogsinatas/TypeScript_project/antigravity-extension-vis/node_modules/raw-body/index.js:227:7)
    at IncomingMessage.onEnd (/home/dogsinatas/TypeScript_project/antigravity-extension-vis/node_modules/raw-body/index.js:287:7)
    at IncomingMessage.emit (node:events:509:28)
    at IncomingMessage.emit (node:domain:489:12)
[SYNAPSE] [PM 7:31:09] [INFO] [v0.3.30] HarvestSession state change: Unlocked -> Locked
[SYNAPSE] [PM 7:31:09] [INFO] [v0.3.30] HarvestSession state change: Locked -> Comparing
[SYNAPSE] [PM 7:31:09] [WARN] [v0.3.30] CompareEngine: Failed to get hashes for soak_client - Client is not connected
[SYNAPSE] [PM 7:31:09] [INFO] [v0.3.30] CompareEngine: Found 0 differences
[SYNAPSE] [PM 7:31:09] [INFO] [v0.3.30] HarvestSession state change: Comparing -> Approving
[SYNAPSE] [PM 7:31:09] [INFO] [v0.3.30] HarvestSession state change: Approving -> Executing
[SYNAPSE] [PM 7:31:09] [INFO] [v0.3.30] HarvestSession state change: Executing -> Harvesting
[SYNAPSE] [PM 7:31:09] [INFO] [v0.3.30] Harvest starting: Processing 1 approved files
[SYNAPSE] [PM 7:31:09] [WARN] [v0.3.30] Harvest rejected: Invalid clientUsername format 'undefined'
[SYNAPSE] [PM 7:31:09] [INFO] [v0.3.30] Harvest complete: 0 files, 0 folders
[SYNAPSE] [PM 7:31:09] [WARN] [v0.3.30] HarvestSession transition failed: expected Executing, current is Harvesting
[SYNAPSE] [PM 7:31:09] [INFO] [v0.3.30] HarvestSession state change: Harvesting -> Unlocked
[SYNAPSE] [PM 7:31:39] [INFO] [v0.3.30] HarvestSession state change: Unlocked -> Locked
[SYNAPSE] [PM 7:31:39] [INFO] [v0.3.30] HarvestSession state change: Locked -> Comparing
[SYNAPSE] [PM 7:31:39] [WARN] [v0.3.30] CompareEngine: Failed to get hashes for soak_client - Client is not connected
[SYNAPSE] [PM 7:31:39] [INFO] [v0.3.30] CompareEngine: Found 0 differences
[SYNAPSE] [PM 7:31:39] [INFO] [v0.3.30] HarvestSession state change: Comparing -> Approving
[SYNAPSE] [PM 7:31:39] [INFO] [v0.3.30] HarvestSession state change: Approving -> Executing
[SYNAPSE] [PM 7:31:39] [INFO] [v0.3.30] HarvestSession state change: Executing -> Harvesting
[SYNAPSE] [PM 7:31:39] [INFO] [v0.3.30] Harvest starting: Processing 1 approved files
[SYNAPSE] [PM 7:31:39] [WARN] [v0.3.30] Harvest rejected: Invalid clientUsername format 'undefined'
[SYNAPSE] [PM 7:31:39] [INFO] [v0.3.30] Harvest complete: 0 files, 0 folders
[SYNAPSE] [PM 7:31:39] [WARN] [v0.3.30] HarvestSession transition failed: expected Executing, current is Harvesting
[SYNAPSE] [PM 7:31:39] [INFO] [v0.3.30] HarvestSession state change: Harvesting -> Unlocked
SyntaxError: Unexpected token 'n', "null" is not valid JSON
    at JSON.parse (<anonymous>)
    at createStrictSyntaxError (/home/dogsinatas/TypeScript_project/antigravity-extension-vis/node_modules/body-parser/lib/types/json.js:109:10)
    at parse (/home/dogsinatas/TypeScript_project/antigravity-extension-vis/node_modules/body-parser/lib/types/json.js:66:15)
    at /home/dogsinatas/TypeScript_project/antigravity-extension-vis/node_modules/body-parser/lib/read.js:162:18
    at AsyncResource.runInAsyncScope (node:async_hooks:227:14)
    at invokeCallback (/home/dogsinatas/TypeScript_project/antigravity-extension-vis/node_modules/raw-body/index.js:238:16)
    at done (/home/dogsinatas/TypeScript_project/antigravity-extension-vis/node_modules/raw-body/index.js:227:7)
    at IncomingMessage.onEnd (/home/dogsinatas/TypeScript_project/antigravity-extension-vis/node_modules/raw-body/index.js:287:7)
    at IncomingMessage.emit (node:events:509:28)
    at IncomingMessage.emit (node:domain:489:12)
[SYNAPSE] [PM 7:32:09] [INFO] [v0.3.30] HarvestSession state change: Unlocked -> Locked
[SYNAPSE] [PM 7:32:09] [INFO] [v0.3.30] HarvestSession state change: Locked -> Comparing
[SYNAPSE] [PM 7:32:09] [WARN] [v0.3.30] CompareEngine: Failed to get hashes for soak_client - Client is not connected
[SYNAPSE] [PM 7:32:09] [INFO] [v0.3.30] CompareEngine: Found 0 differences
[SYNAPSE] [PM 7:32:09] [INFO] [v0.3.30] HarvestSession state change: Comparing -> Approving
[SYNAPSE] [PM 7:32:09] [INFO] [v0.3.30] HarvestSession state change: Approving -> Executing
[SYNAPSE] [PM 7:32:09] [INFO] [v0.3.30] HarvestSession state change: Executing -> Harvesting
[SYNAPSE] [PM 7:32:09] [INFO] [v0.3.30] Harvest starting: Processing 1 approved files
[SYNAPSE] [PM 7:32:09] [WARN] [v0.3.30] Harvest rejected: Invalid clientUsername format 'undefined'
[SYNAPSE] [PM 7:32:09] [INFO] [v0.3.30] Harvest complete: 0 files, 0 folders
[SYNAPSE] [PM 7:32:09] [WARN] [v0.3.30] HarvestSession transition failed: expected Executing, current is Harvesting
[SYNAPSE] [PM 7:32:09] [INFO] [v0.3.30] HarvestSession state change: Harvesting -> Unlocked
[SYNAPSE] [PM 7:32:39] [INFO] [v0.3.30] HarvestSession state change: Unlocked -> Locked
[SYNAPSE] [PM 7:32:39] [INFO] [v0.3.30] HarvestSession state change: Locked -> Comparing
[SYNAPSE] [PM 7:32:39] [WARN] [v0.3.30] CompareEngine: Failed to get hashes for soak_client - Client is not connected
[SYNAPSE] [PM 7:32:39] [INFO] [v0.3.30] CompareEngine: Found 0 differences
[SYNAPSE] [PM 7:32:39] [INFO] [v0.3.30] HarvestSession state change: Comparing -> Approving
[SYNAPSE] [PM 7:32:39] [INFO] [v0.3.30] HarvestSession state change: Approving -> Executing
[SYNAPSE] [PM 7:32:39] [INFO] [v0.3.30] HarvestSession state change: Executing -> Harvesting
[SYNAPSE] [PM 7:32:39] [INFO] [v0.3.30] Harvest starting: Processing 1 approved files
[SYNAPSE] [PM 7:32:39] [WARN] [v0.3.30] Harvest rejected: Invalid clientUsername format 'undefined'
[SYNAPSE] [PM 7:32:39] [INFO] [v0.3.30] Harvest complete: 0 files, 0 folders
[SYNAPSE] [PM 7:32:39] [WARN] [v0.3.30] HarvestSession transition failed: expected Executing, current is Harvesting
[SYNAPSE] [PM 7:32:39] [INFO] [v0.3.30] HarvestSession state change: Harvesting -> Unlocked
SyntaxError: Unexpected token 'n', "null" is not valid JSON
    at JSON.parse (<anonymous>)
    at createStrictSyntaxError (/home/dogsinatas/TypeScript_project/antigravity-extension-vis/node_modules/body-parser/lib/types/json.js:109:10)
    at parse (/home/dogsinatas/TypeScript_project/antigravity-extension-vis/node_modules/body-parser/lib/types/json.js:66:15)
    at /home/dogsinatas/TypeScript_project/antigravity-extension-vis/node_modules/body-parser/lib/read.js:162:18
    at AsyncResource.runInAsyncScope (node:async_hooks:227:14)
    at invokeCallback (/home/dogsinatas/TypeScript_project/antigravity-extension-vis/node_modules/raw-body/index.js:238:16)
    at done (/home/dogsinatas/TypeScript_project/antigravity-extension-vis/node_modules/raw-body/index.js:227:7)
    at IncomingMessage.onEnd (/home/dogsinatas/TypeScript_project/antigravity-extension-vis/node_modules/raw-body/index.js:287:7)
    at IncomingMessage.emit (node:events:509:28)
    at IncomingMessage.emit (node:domain:489:12)
[SYNAPSE] [PM 7:33:09] [INFO] [v0.3.30] HarvestSession state change: Unlocked -> Locked
[SYNAPSE] [PM 7:33:09] [INFO] [v0.3.30] HarvestSession state change: Locked -> Comparing
[SYNAPSE] [PM 7:33:09] [WARN] [v0.3.30] CompareEngine: Failed to get hashes for soak_client - Client is not connected
[SYNAPSE] [PM 7:33:09] [INFO] [v0.3.30] CompareEngine: Found 0 differences
[SYNAPSE] [PM 7:33:09] [INFO] [v0.3.30] HarvestSession state change: Comparing -> Approving
[SYNAPSE] [PM 7:33:09] [INFO] [v0.3.30] HarvestSession state change: Approving -> Executing
[SYNAPSE] [PM 7:33:09] [INFO] [v0.3.30] HarvestSession state change: Executing -> Harvesting
[SYNAPSE] [PM 7:33:09] [INFO] [v0.3.30] Harvest starting: Processing 1 approved files
[SYNAPSE] [PM 7:33:09] [WARN] [v0.3.30] Harvest rejected: Invalid clientUsername format 'undefined'
[SYNAPSE] [PM 7:33:09] [INFO] [v0.3.30] Harvest complete: 0 files, 0 folders
[SYNAPSE] [PM 7:33:09] [WARN] [v0.3.30] HarvestSession transition failed: expected Executing, current is Harvesting
[SYNAPSE] [PM 7:33:09] [INFO] [v0.3.30] HarvestSession state change: Harvesting -> Unlocked
[SYNAPSE] [PM 7:33:39] [INFO] [v0.3.30] HarvestSession state change: Unlocked -> Locked
[SYNAPSE] [PM 7:33:39] [INFO] [v0.3.30] HarvestSession state change: Locked -> Comparing
[SYNAPSE] [PM 7:33:39] [WARN] [v0.3.30] CompareEngine: Failed to get hashes for soak_client - Client is not connected
[SYNAPSE] [PM 7:33:39] [INFO] [v0.3.30] CompareEngine: Found 0 differences
[SYNAPSE] [PM 7:33:39] [INFO] [v0.3.30] HarvestSession state change: Comparing -> Approving
[SYNAPSE] [PM 7:33:39] [INFO] [v0.3.30] HarvestSession state change: Approving -> Executing
[SYNAPSE] [PM 7:33:39] [INFO] [v0.3.30] HarvestSession state change: Executing -> Harvesting
[SYNAPSE] [PM 7:33:39] [INFO] [v0.3.30] Harvest starting: Processing 1 approved files
[SYNAPSE] [PM 7:33:39] [WARN] [v0.3.30] Harvest rejected: Invalid clientUsername format 'undefined'
[SYNAPSE] [PM 7:33:39] [INFO] [v0.3.30] Harvest complete: 0 files, 0 folders
[SYNAPSE] [PM 7:33:39] [WARN] [v0.3.30] HarvestSession transition failed: expected Executing, current is Harvesting
[SYNAPSE] [PM 7:33:39] [INFO] [v0.3.30] HarvestSession state change: Harvesting -> Unlocked
SyntaxError: Unexpected token 'n', "null" is not valid JSON
    at JSON.parse (<anonymous>)
    at createStrictSyntaxError (/home/dogsinatas/TypeScript_project/antigravity-extension-vis/node_modules/body-parser/lib/types/json.js:109:10)
    at parse (/home/dogsinatas/TypeScript_project/antigravity-extension-vis/node_modules/body-parser/lib/types/json.js:66:15)
    at /home/dogsinatas/TypeScript_project/antigravity-extension-vis/node_modules/body-parser/lib/read.js:162:18
    at AsyncResource.runInAsyncScope (node:async_hooks:227:14)
    at invokeCallback (/home/dogsinatas/TypeScript_project/antigravity-extension-vis/node_modules/raw-body/index.js:238:16)
    at done (/home/dogsinatas/TypeScript_project/antigravity-extension-vis/node_modules/raw-body/index.js:227:7)
    at IncomingMessage.onEnd (/home/dogsinatas/TypeScript_project/antigravity-extension-vis/node_modules/raw-body/index.js:287:7)
    at IncomingMessage.emit (node:events:509:28)
    at IncomingMessage.emit (node:domain:489:12)
[SYNAPSE] [PM 7:34:09] [INFO] [v0.3.30] HarvestSession state change: Unlocked -> Locked
[SYNAPSE] [PM 7:34:09] [INFO] [v0.3.30] HarvestSession state change: Locked -> Comparing
[SYNAPSE] [PM 7:34:09] [WARN] [v0.3.30] CompareEngine: Failed to get hashes for soak_client - Client is not connected
[SYNAPSE] [PM 7:34:09] [INFO] [v0.3.30] CompareEngine: Found 0 differences
[SYNAPSE] [PM 7:34:09] [INFO] [v0.3.30] HarvestSession state change: Comparing -> Approving
[SYNAPSE] [PM 7:34:09] [INFO] [v0.3.30] HarvestSession state change: Approving -> Executing
[SYNAPSE] [PM 7:34:09] [INFO] [v0.3.30] HarvestSession state change: Executing -> Harvesting
[SYNAPSE] [PM 7:34:09] [INFO] [v0.3.30] Harvest starting: Processing 1 approved files
[SYNAPSE] [PM 7:34:09] [WARN] [v0.3.30] Harvest rejected: Invalid clientUsername format 'undefined'
[SYNAPSE] [PM 7:34:09] [INFO] [v0.3.30] Harvest complete: 0 files, 0 folders
[SYNAPSE] [PM 7:34:09] [WARN] [v0.3.30] HarvestSession transition failed: expected Executing, current is Harvesting
[SYNAPSE] [PM 7:34:09] [INFO] [v0.3.30] HarvestSession state change: Harvesting -> Unlocked
[SYNAPSE] [PM 7:34:39] [INFO] [v0.3.30] HarvestSession state change: Unlocked -> Locked
[SYNAPSE] [PM 7:34:39] [INFO] [v0.3.30] HarvestSession state change: Locked -> Comparing
[SYNAPSE] [PM 7:34:39] [WARN] [v0.3.30] CompareEngine: Failed to get hashes for soak_client - Client is not connected
[SYNAPSE] [PM 7:34:39] [INFO] [v0.3.30] CompareEngine: Found 0 differences
[SYNAPSE] [PM 7:34:39] [INFO] [v0.3.30] HarvestSession state change: Comparing -> Approving
[SYNAPSE] [PM 7:34:39] [INFO] [v0.3.30] HarvestSession state change: Approving -> Executing
[SYNAPSE] [PM 7:34:39] [INFO] [v0.3.30] HarvestSession state change: Executing -> Harvesting
[SYNAPSE] [PM 7:34:39] [INFO] [v0.3.30] Harvest starting: Processing 1 approved files
[SYNAPSE] [PM 7:34:39] [WARN] [v0.3.30] Harvest rejected: Invalid clientUsername format 'undefined'
[SYNAPSE] [PM 7:34:39] [INFO] [v0.3.30] Harvest complete: 0 files, 0 folders
[SYNAPSE] [PM 7:34:39] [WARN] [v0.3.30] HarvestSession transition failed: expected Executing, current is Harvesting
[SYNAPSE] [PM 7:34:39] [INFO] [v0.3.30] HarvestSession state change: Harvesting -> Unlocked
SyntaxError: Unexpected token 'n', "null" is not valid JSON
    at JSON.parse (<anonymous>)
    at createStrictSyntaxError (/home/dogsinatas/TypeScript_project/antigravity-extension-vis/node_modules/body-parser/lib/types/json.js:109:10)
    at parse (/home/dogsinatas/TypeScript_project/antigravity-extension-vis/node_modules/body-parser/lib/types/json.js:66:15)
    at /home/dogsinatas/TypeScript_project/antigravity-extension-vis/node_modules/body-parser/lib/read.js:162:18
    at AsyncResource.runInAsyncScope (node:async_hooks:227:14)
    at invokeCallback (/home/dogsinatas/TypeScript_project/antigravity-extension-vis/node_modules/raw-body/index.js:238:16)
    at done (/home/dogsinatas/TypeScript_project/antigravity-extension-vis/node_modules/raw-body/index.js:227:7)
    at IncomingMessage.onEnd (/home/dogsinatas/TypeScript_project/antigravity-extension-vis/node_modules/raw-body/index.js:287:7)
    at IncomingMessage.emit (node:events:509:28)
    at IncomingMessage.emit (node:domain:489:12)
[SYNAPSE] [PM 7:35:09] [INFO] [v0.3.30] HarvestSession state change: Unlocked -> Locked
[SYNAPSE] [PM 7:35:09] [INFO] [v0.3.30] HarvestSession state change: Locked -> Comparing
[SYNAPSE] [PM 7:35:09] [WARN] [v0.3.30] CompareEngine: Failed to get hashes for soak_client - Client is not connected
[SYNAPSE] [PM 7:35:09] [INFO] [v0.3.30] CompareEngine: Found 0 differences
[SYNAPSE] [PM 7:35:09] [INFO] [v0.3.30] HarvestSession state change: Comparing -> Approving
[SYNAPSE] [PM 7:35:09] [INFO] [v0.3.30] HarvestSession state change: Approving -> Executing
[SYNAPSE] [PM 7:35:09] [INFO] [v0.3.30] HarvestSession state change: Executing -> Harvesting
[SYNAPSE] [PM 7:35:09] [INFO] [v0.3.30] Harvest starting: Processing 1 approved files
[SYNAPSE] [PM 7:35:09] [WARN] [v0.3.30] Harvest rejected: Invalid clientUsername format 'undefined'
[SYNAPSE] [PM 7:35:09] [INFO] [v0.3.30] Harvest complete: 0 files, 0 folders
[SYNAPSE] [PM 7:35:09] [WARN] [v0.3.30] HarvestSession transition failed: expected Executing, current is Harvesting
[SYNAPSE] [PM 7:35:09] [INFO] [v0.3.30] HarvestSession state change: Harvesting -> Unlocked
[SYNAPSE] [PM 7:35:39] [INFO] [v0.3.30] HarvestSession state change: Unlocked -> Locked
[SYNAPSE] [PM 7:35:39] [INFO] [v0.3.30] HarvestSession state change: Locked -> Comparing
[SYNAPSE] [PM 7:35:39] [WARN] [v0.3.30] CompareEngine: Failed to get hashes for soak_client - Client is not connected
[SYNAPSE] [PM 7:35:39] [INFO] [v0.3.30] CompareEngine: Found 0 differences
[SYNAPSE] [PM 7:35:39] [INFO] [v0.3.30] HarvestSession state change: Comparing -> Approving
[SYNAPSE] [PM 7:35:39] [INFO] [v0.3.30] HarvestSession state change: Approving -> Executing
[SYNAPSE] [PM 7:35:39] [INFO] [v0.3.30] HarvestSession state change: Executing -> Harvesting
[SYNAPSE] [PM 7:35:39] [INFO] [v0.3.30] Harvest starting: Processing 1 approved files
[SYNAPSE] [PM 7:35:39] [WARN] [v0.3.30] Harvest rejected: Invalid clientUsername format 'undefined'
[SYNAPSE] [PM 7:35:39] [INFO] [v0.3.30] Harvest complete: 0 files, 0 folders
[SYNAPSE] [PM 7:35:39] [WARN] [v0.3.30] HarvestSession transition failed: expected Executing, current is Harvesting
[SYNAPSE] [PM 7:35:39] [INFO] [v0.3.30] HarvestSession state change: Harvesting -> Unlocked
SyntaxError: Unexpected token 'n', "null" is not valid JSON
    at JSON.parse (<anonymous>)
    at createStrictSyntaxError (/home/dogsinatas/TypeScript_project/antigravity-extension-vis/node_modules/body-parser/lib/types/json.js:109:10)
    at parse (/home/dogsinatas/TypeScript_project/antigravity-extension-vis/node_modules/body-parser/lib/types/json.js:66:15)
    at /home/dogsinatas/TypeScript_project/antigravity-extension-vis/node_modules/body-parser/lib/read.js:162:18
    at AsyncResource.runInAsyncScope (node:async_hooks:227:14)
    at invokeCallback (/home/dogsinatas/TypeScript_project/antigravity-extension-vis/node_modules/raw-body/index.js:238:16)
    at done (/home/dogsinatas/TypeScript_project/antigravity-extension-vis/node_modules/raw-body/index.js:227:7)
    at IncomingMessage.onEnd (/home/dogsinatas/TypeScript_project/antigravity-extension-vis/node_modules/raw-body/index.js:287:7)
    at IncomingMessage.emit (node:events:509:28)
    at IncomingMessage.emit (node:domain:489:12)
[SYNAPSE] [PM 7:36:09] [INFO] [v0.3.30] HarvestSession state change: Unlocked -> Locked
[SYNAPSE] [PM 7:36:09] [INFO] [v0.3.30] HarvestSession state change: Locked -> Comparing
[SYNAPSE] [PM 7:36:09] [WARN] [v0.3.30] CompareEngine: Failed to get hashes for soak_client - Client is not connected
[SYNAPSE] [PM 7:36:09] [INFO] [v0.3.30] CompareEngine: Found 0 differences
[SYNAPSE] [PM 7:36:09] [INFO] [v0.3.30] HarvestSession state change: Comparing -> Approving
[SYNAPSE] [PM 7:36:09] [INFO] [v0.3.30] HarvestSession state change: Approving -> Executing
[SYNAPSE] [PM 7:36:09] [INFO] [v0.3.30] HarvestSession state change: Executing -> Harvesting
[SYNAPSE] [PM 7:36:09] [INFO] [v0.3.30] Harvest starting: Processing 1 approved files
[SYNAPSE] [PM 7:36:09] [WARN] [v0.3.30] Harvest rejected: Invalid clientUsername format 'undefined'
[SYNAPSE] [PM 7:36:09] [INFO] [v0.3.30] Harvest complete: 0 files, 0 folders
[SYNAPSE] [PM 7:36:09] [WARN] [v0.3.30] HarvestSession transition failed: expected Executing, current is Harvesting
[SYNAPSE] [PM 7:36:09] [INFO] [v0.3.30] HarvestSession state change: Harvesting -> Unlocked
[SYNAPSE] [PM 7:36:39] [INFO] [v0.3.30] HarvestSession state change: Unlocked -> Locked
[SYNAPSE] [PM 7:36:39] [INFO] [v0.3.30] HarvestSession state change: Locked -> Comparing
[SYNAPSE] [PM 7:36:39] [WARN] [v0.3.30] CompareEngine: Failed to get hashes for soak_client - Client is not connected
[SYNAPSE] [PM 7:36:39] [INFO] [v0.3.30] CompareEngine: Found 0 differences
[SYNAPSE] [PM 7:36:39] [INFO] [v0.3.30] HarvestSession state change: Comparing -> Approving
[SYNAPSE] [PM 7:36:39] [INFO] [v0.3.30] HarvestSession state change: Approving -> Executing
[SYNAPSE] [PM 7:36:39] [INFO] [v0.3.30] HarvestSession state change: Executing -> Harvesting
[SYNAPSE] [PM 7:36:39] [INFO] [v0.3.30] Harvest starting: Processing 1 approved files
[SYNAPSE] [PM 7:36:39] [WARN] [v0.3.30] Harvest rejected: Invalid clientUsername format 'undefined'
[SYNAPSE] [PM 7:36:39] [INFO] [v0.3.30] Harvest complete: 0 files, 0 folders
[SYNAPSE] [PM 7:36:39] [WARN] [v0.3.30] HarvestSession transition failed: expected Executing, current is Harvesting
[SYNAPSE] [PM 7:36:39] [INFO] [v0.3.30] HarvestSession state change: Harvesting -> Unlocked
SyntaxError: Unexpected token 'n', "null" is not valid JSON
    at JSON.parse (<anonymous>)
    at createStrictSyntaxError (/home/dogsinatas/TypeScript_project/antigravity-extension-vis/node_modules/body-parser/lib/types/json.js:109:10)
    at parse (/home/dogsinatas/TypeScript_project/antigravity-extension-vis/node_modules/body-parser/lib/types/json.js:66:15)
    at /home/dogsinatas/TypeScript_project/antigravity-extension-vis/node_modules/body-parser/lib/read.js:162:18
    at AsyncResource.runInAsyncScope (node:async_hooks:227:14)
    at invokeCallback (/home/dogsinatas/TypeScript_project/antigravity-extension-vis/node_modules/raw-body/index.js:238:16)
    at done (/home/dogsinatas/TypeScript_project/antigravity-extension-vis/node_modules/raw-body/index.js:227:7)
    at IncomingMessage.onEnd (/home/dogsinatas/TypeScript_project/antigravity-extension-vis/node_modules/raw-body/index.js:287:7)
    at IncomingMessage.emit (node:events:509:28)
    at IncomingMessage.emit (node:domain:489:12)
[SYNAPSE] [PM 7:37:09] [INFO] [v0.3.30] HarvestSession state change: Unlocked -> Locked
[SYNAPSE] [PM 7:37:09] [INFO] [v0.3.30] HarvestSession state change: Locked -> Comparing
[SYNAPSE] [PM 7:37:09] [WARN] [v0.3.30] CompareEngine: Failed to get hashes for soak_client - Client is not connected
[SYNAPSE] [PM 7:37:09] [INFO] [v0.3.30] CompareEngine: Found 0 differences
[SYNAPSE] [PM 7:37:09] [INFO] [v0.3.30] HarvestSession state change: Comparing -> Approving
[SYNAPSE] [PM 7:37:09] [INFO] [v0.3.30] HarvestSession state change: Approving -> Executing
[SYNAPSE] [PM 7:37:09] [INFO] [v0.3.30] HarvestSession state change: Executing -> Harvesting
[SYNAPSE] [PM 7:37:09] [INFO] [v0.3.30] Harvest starting: Processing 1 approved files
[SYNAPSE] [PM 7:37:09] [WARN] [v0.3.30] Harvest rejected: Invalid clientUsername format 'undefined'
[SYNAPSE] [PM 7:37:09] [INFO] [v0.3.30] Harvest complete: 0 files, 0 folders
[SYNAPSE] [PM 7:37:09] [WARN] [v0.3.30] HarvestSession transition failed: expected Executing, current is Harvesting
[SYNAPSE] [PM 7:37:09] [INFO] [v0.3.30] HarvestSession state change: Harvesting -> Unlocked
[SYNAPSE] [PM 7:37:39] [INFO] [v0.3.30] HarvestSession state change: Unlocked -> Locked
[SYNAPSE] [PM 7:37:39] [INFO] [v0.3.30] HarvestSession state change: Locked -> Comparing
[SYNAPSE] [PM 7:37:39] [WARN] [v0.3.30] CompareEngine: Failed to get hashes for soak_client - Client is not connected
[SYNAPSE] [PM 7:37:39] [INFO] [v0.3.30] CompareEngine: Found 0 differences
[SYNAPSE] [PM 7:37:39] [INFO] [v0.3.30] HarvestSession state change: Comparing -> Approving
[SYNAPSE] [PM 7:37:39] [INFO] [v0.3.30] HarvestSession state change: Approving -> Executing
[SYNAPSE] [PM 7:37:39] [INFO] [v0.3.30] HarvestSession state change: Executing -> Harvesting
[SYNAPSE] [PM 7:37:39] [INFO] [v0.3.30] Harvest starting: Processing 1 approved files
[SYNAPSE] [PM 7:37:39] [WARN] [v0.3.30] Harvest rejected: Invalid clientUsername format 'undefined'
[SYNAPSE] [PM 7:37:39] [INFO] [v0.3.30] Harvest complete: 0 files, 0 folders
[SYNAPSE] [PM 7:37:39] [WARN] [v0.3.30] HarvestSession transition failed: expected Executing, current is Harvesting
[SYNAPSE] [PM 7:37:39] [INFO] [v0.3.30] HarvestSession state change: Harvesting -> Unlocked
SyntaxError: Unexpected token 'n', "null" is not valid JSON
    at JSON.parse (<anonymous>)
    at createStrictSyntaxError (/home/dogsinatas/TypeScript_project/antigravity-extension-vis/node_modules/body-parser/lib/types/json.js:109:10)
    at parse (/home/dogsinatas/TypeScript_project/antigravity-extension-vis/node_modules/body-parser/lib/types/json.js:66:15)
    at /home/dogsinatas/TypeScript_project/antigravity-extension-vis/node_modules/body-parser/lib/read.js:162:18
    at AsyncResource.runInAsyncScope (node:async_hooks:227:14)
    at invokeCallback (/home/dogsinatas/TypeScript_project/antigravity-extension-vis/node_modules/raw-body/index.js:238:16)
    at done (/home/dogsinatas/TypeScript_project/antigravity-extension-vis/node_modules/raw-body/index.js:227:7)
    at IncomingMessage.onEnd (/home/dogsinatas/TypeScript_project/antigravity-extension-vis/node_modules/raw-body/index.js:287:7)
    at IncomingMessage.emit (node:events:509:28)
    at IncomingMessage.emit (node:domain:489:12)
[SYNAPSE] [PM 7:38:09] [INFO] [v0.3.30] HarvestSession state change: Unlocked -> Locked
[SYNAPSE] [PM 7:38:09] [INFO] [v0.3.30] HarvestSession state change: Locked -> Comparing
[SYNAPSE] [PM 7:38:09] [WARN] [v0.3.30] CompareEngine: Failed to get hashes for soak_client - Client is not connected
[SYNAPSE] [PM 7:38:09] [INFO] [v0.3.30] CompareEngine: Found 0 differences
[SYNAPSE] [PM 7:38:09] [INFO] [v0.3.30] HarvestSession state change: Comparing -> Approving
[SYNAPSE] [PM 7:38:09] [INFO] [v0.3.30] HarvestSession state change: Approving -> Executing
[SYNAPSE] [PM 7:38:09] [INFO] [v0.3.30] HarvestSession state change: Executing -> Harvesting
[SYNAPSE] [PM 7:38:09] [INFO] [v0.3.30] Harvest starting: Processing 1 approved files
[SYNAPSE] [PM 7:38:09] [WARN] [v0.3.30] Harvest rejected: Invalid clientUsername format 'undefined'
[SYNAPSE] [PM 7:38:09] [INFO] [v0.3.30] Harvest complete: 0 files, 0 folders
[SYNAPSE] [PM 7:38:09] [WARN] [v0.3.30] HarvestSession transition failed: expected Executing, current is Harvesting
[SYNAPSE] [PM 7:38:09] [INFO] [v0.3.30] HarvestSession state change: Harvesting -> Unlocked
[SYNAPSE] [PM 7:38:39] [INFO] [v0.3.30] HarvestSession state change: Unlocked -> Locked
[SYNAPSE] [PM 7:38:39] [INFO] [v0.3.30] HarvestSession state change: Locked -> Comparing
[SYNAPSE] [PM 7:38:39] [WARN] [v0.3.30] CompareEngine: Failed to get hashes for soak_client - Client is not connected
[SYNAPSE] [PM 7:38:39] [INFO] [v0.3.30] CompareEngine: Found 0 differences
[SYNAPSE] [PM 7:38:39] [INFO] [v0.3.30] HarvestSession state change: Comparing -> Approving
[SYNAPSE] [PM 7:38:39] [INFO] [v0.3.30] HarvestSession state change: Approving -> Executing
[SYNAPSE] [PM 7:38:39] [INFO] [v0.3.30] HarvestSession state change: Executing -> Harvesting
[SYNAPSE] [PM 7:38:39] [INFO] [v0.3.30] Harvest starting: Processing 1 approved files
[SYNAPSE] [PM 7:38:39] [WARN] [v0.3.30] Harvest rejected: Invalid clientUsername format 'undefined'
[SYNAPSE] [PM 7:38:39] [INFO] [v0.3.30] Harvest complete: 0 files, 0 folders
[SYNAPSE] [PM 7:38:39] [WARN] [v0.3.30] HarvestSession transition failed: expected Executing, current is Harvesting
[SYNAPSE] [PM 7:38:39] [INFO] [v0.3.30] HarvestSession state change: Harvesting -> Unlocked
SyntaxError: Unexpected token 'n', "null" is not valid JSON
    at JSON.parse (<anonymous>)
    at createStrictSyntaxError (/home/dogsinatas/TypeScript_project/antigravity-extension-vis/node_modules/body-parser/lib/types/json.js:109:10)
    at parse (/home/dogsinatas/TypeScript_project/antigravity-extension-vis/node_modules/body-parser/lib/types/json.js:66:15)
    at /home/dogsinatas/TypeScript_project/antigravity-extension-vis/node_modules/body-parser/lib/read.js:162:18
    at AsyncResource.runInAsyncScope (node:async_hooks:227:14)
    at invokeCallback (/home/dogsinatas/TypeScript_project/antigravity-extension-vis/node_modules/raw-body/index.js:238:16)
    at done (/home/dogsinatas/TypeScript_project/antigravity-extension-vis/node_modules/raw-body/index.js:227:7)
    at IncomingMessage.onEnd (/home/dogsinatas/TypeScript_project/antigravity-extension-vis/node_modules/raw-body/index.js:287:7)
    at IncomingMessage.emit (node:events:509:28)
    at IncomingMessage.emit (node:domain:489:12)
[SYNAPSE] [PM 7:39:09] [INFO] [v0.3.30] HarvestSession state change: Unlocked -> Locked
[SYNAPSE] [PM 7:39:09] [INFO] [v0.3.30] HarvestSession state change: Locked -> Comparing
[SYNAPSE] [PM 7:39:09] [WARN] [v0.3.30] CompareEngine: Failed to get hashes for soak_client - Client is not connected
[SYNAPSE] [PM 7:39:09] [INFO] [v0.3.30] CompareEngine: Found 0 differences
[SYNAPSE] [PM 7:39:09] [INFO] [v0.3.30] HarvestSession state change: Comparing -> Approving
[SYNAPSE] [PM 7:39:09] [INFO] [v0.3.30] HarvestSession state change: Approving -> Executing
[SYNAPSE] [PM 7:39:09] [INFO] [v0.3.30] HarvestSession state change: Executing -> Harvesting
[SYNAPSE] [PM 7:39:09] [INFO] [v0.3.30] Harvest starting: Processing 1 approved files
[SYNAPSE] [PM 7:39:09] [WARN] [v0.3.30] Harvest rejected: Invalid clientUsername format 'undefined'
[SYNAPSE] [PM 7:39:09] [INFO] [v0.3.30] Harvest complete: 0 files, 0 folders
[SYNAPSE] [PM 7:39:09] [WARN] [v0.3.30] HarvestSession transition failed: expected Executing, current is Harvesting
[SYNAPSE] [PM 7:39:09] [INFO] [v0.3.30] HarvestSession state change: Harvesting -> Unlocked
[SYNAPSE] [PM 7:39:39] [INFO] [v0.3.30] HarvestSession state change: Unlocked -> Locked
[SYNAPSE] [PM 7:39:39] [INFO] [v0.3.30] HarvestSession state change: Locked -> Comparing
[SYNAPSE] [PM 7:39:39] [WARN] [v0.3.30] CompareEngine: Failed to get hashes for soak_client - Client is not connected
[SYNAPSE] [PM 7:39:39] [INFO] [v0.3.30] CompareEngine: Found 0 differences
[SYNAPSE] [PM 7:39:39] [INFO] [v0.3.30] HarvestSession state change: Comparing -> Approving
[SYNAPSE] [PM 7:39:39] [INFO] [v0.3.30] HarvestSession state change: Approving -> Executing
[SYNAPSE] [PM 7:39:39] [INFO] [v0.3.30] HarvestSession state change: Executing -> Harvesting
[SYNAPSE] [PM 7:39:39] [INFO] [v0.3.30] Harvest starting: Processing 1 approved files
[SYNAPSE] [PM 7:39:39] [WARN] [v0.3.30] Harvest rejected: Invalid clientUsername format 'undefined'
[SYNAPSE] [PM 7:39:39] [INFO] [v0.3.30] Harvest complete: 0 files, 0 folders
[SYNAPSE] [PM 7:39:39] [WARN] [v0.3.30] HarvestSession transition failed: expected Executing, current is Harvesting
[SYNAPSE] [PM 7:39:39] [INFO] [v0.3.30] HarvestSession state change: Harvesting -> Unlocked
SyntaxError: Unexpected token 'n', "null" is not valid JSON
    at JSON.parse (<anonymous>)
    at createStrictSyntaxError (/home/dogsinatas/TypeScript_project/antigravity-extension-vis/node_modules/body-parser/lib/types/json.js:109:10)
    at parse (/home/dogsinatas/TypeScript_project/antigravity-extension-vis/node_modules/body-parser/lib/types/json.js:66:15)
    at /home/dogsinatas/TypeScript_project/antigravity-extension-vis/node_modules/body-parser/lib/read.js:162:18
    at AsyncResource.runInAsyncScope (node:async_hooks:227:14)
    at invokeCallback (/home/dogsinatas/TypeScript_project/antigravity-extension-vis/node_modules/raw-body/index.js:238:16)
    at done (/home/dogsinatas/TypeScript_project/antigravity-extension-vis/node_modules/raw-body/index.js:227:7)
    at IncomingMessage.onEnd (/home/dogsinatas/TypeScript_project/antigravity-extension-vis/node_modules/raw-body/index.js:287:7)
    at IncomingMessage.emit (node:events:509:28)
    at IncomingMessage.emit (node:domain:489:12)
[SYNAPSE] [PM 7:40:09] [INFO] [v0.3.30] HarvestSession state change: Unlocked -> Locked
[SYNAPSE] [PM 7:40:09] [INFO] [v0.3.30] HarvestSession state change: Locked -> Comparing
[SYNAPSE] [PM 7:40:09] [WARN] [v0.3.30] CompareEngine: Failed to get hashes for soak_client - Client is not connected
[SYNAPSE] [PM 7:40:09] [INFO] [v0.3.30] CompareEngine: Found 0 differences
[SYNAPSE] [PM 7:40:09] [INFO] [v0.3.30] HarvestSession state change: Comparing -> Approving
[SYNAPSE] [PM 7:40:09] [INFO] [v0.3.30] HarvestSession state change: Approving -> Executing
[SYNAPSE] [PM 7:40:09] [INFO] [v0.3.30] HarvestSession state change: Executing -> Harvesting
[SYNAPSE] [PM 7:40:09] [INFO] [v0.3.30] Harvest starting: Processing 1 approved files
[SYNAPSE] [PM 7:40:09] [WARN] [v0.3.30] Harvest rejected: Invalid clientUsername format 'undefined'
[SYNAPSE] [PM 7:40:09] [INFO] [v0.3.30] Harvest complete: 0 files, 0 folders
[SYNAPSE] [PM 7:40:09] [WARN] [v0.3.30] HarvestSession transition failed: expected Executing, current is Harvesting
[SYNAPSE] [PM 7:40:09] [INFO] [v0.3.30] HarvestSession state change: Harvesting -> Unlocked
[SYNAPSE] [PM 7:40:39] [INFO] [v0.3.30] HarvestSession state change: Unlocked -> Locked
[SYNAPSE] [PM 7:40:39] [INFO] [v0.3.30] HarvestSession state change: Locked -> Comparing
[SYNAPSE] [PM 7:40:39] [WARN] [v0.3.30] CompareEngine: Failed to get hashes for soak_client - Client is not connected
[SYNAPSE] [PM 7:40:39] [INFO] [v0.3.30] CompareEngine: Found 0 differences
[SYNAPSE] [PM 7:40:39] [INFO] [v0.3.30] HarvestSession state change: Comparing -> Approving
[SYNAPSE] [PM 7:40:39] [INFO] [v0.3.30] HarvestSession state change: Approving -> Executing
[SYNAPSE] [PM 7:40:39] [INFO] [v0.3.30] HarvestSession state change: Executing -> Harvesting
[SYNAPSE] [PM 7:40:39] [INFO] [v0.3.30] Harvest starting: Processing 1 approved files
[SYNAPSE] [PM 7:40:39] [WARN] [v0.3.30] Harvest rejected: Invalid clientUsername format 'undefined'
[SYNAPSE] [PM 7:40:39] [INFO] [v0.3.30] Harvest complete: 0 files, 0 folders
[SYNAPSE] [PM 7:40:39] [WARN] [v0.3.30] HarvestSession transition failed: expected Executing, current is Harvesting
[SYNAPSE] [PM 7:40:39] [INFO] [v0.3.30] HarvestSession state change: Harvesting -> Unlocked
SyntaxError: Unexpected token 'n', "null" is not valid JSON
    at JSON.parse (<anonymous>)
    at createStrictSyntaxError (/home/dogsinatas/TypeScript_project/antigravity-extension-vis/node_modules/body-parser/lib/types/json.js:109:10)
    at parse (/home/dogsinatas/TypeScript_project/antigravity-extension-vis/node_modules/body-parser/lib/types/json.js:66:15)
    at /home/dogsinatas/TypeScript_project/antigravity-extension-vis/node_modules/body-parser/lib/read.js:162:18
    at AsyncResource.runInAsyncScope (node:async_hooks:227:14)
    at invokeCallback (/home/dogsinatas/TypeScript_project/antigravity-extension-vis/node_modules/raw-body/index.js:238:16)
    at done (/home/dogsinatas/TypeScript_project/antigravity-extension-vis/node_modules/raw-body/index.js:227:7)
    at IncomingMessage.onEnd (/home/dogsinatas/TypeScript_project/antigravity-extension-vis/node_modules/raw-body/index.js:287:7)
    at IncomingMessage.emit (node:events:509:28)
    at IncomingMessage.emit (node:domain:489:12)
[SYNAPSE] [PM 7:41:09] [INFO] [v0.3.30] HarvestSession state change: Unlocked -> Locked
[SYNAPSE] [PM 7:41:09] [INFO] [v0.3.30] HarvestSession state change: Locked -> Comparing
[SYNAPSE] [PM 7:41:09] [WARN] [v0.3.30] CompareEngine: Failed to get hashes for soak_client - Client is not connected
[SYNAPSE] [PM 7:41:09] [INFO] [v0.3.30] CompareEngine: Found 0 differences
[SYNAPSE] [PM 7:41:09] [INFO] [v0.3.30] HarvestSession state change: Comparing -> Approving
[SYNAPSE] [PM 7:41:09] [INFO] [v0.3.30] HarvestSession state change: Approving -> Executing
[SYNAPSE] [PM 7:41:09] [INFO] [v0.3.30] HarvestSession state change: Executing -> Harvesting
[SYNAPSE] [PM 7:41:09] [INFO] [v0.3.30] Harvest starting: Processing 1 approved files
[SYNAPSE] [PM 7:41:09] [WARN] [v0.3.30] Harvest rejected: Invalid clientUsername format 'undefined'
[SYNAPSE] [PM 7:41:09] [INFO] [v0.3.30] Harvest complete: 0 files, 0 folders
[SYNAPSE] [PM 7:41:09] [WARN] [v0.3.30] HarvestSession transition failed: expected Executing, current is Harvesting
[SYNAPSE] [PM 7:41:09] [INFO] [v0.3.30] HarvestSession state change: Harvesting -> Unlocked
[SYNAPSE] [PM 7:41:39] [INFO] [v0.3.30] HarvestSession state change: Unlocked -> Locked
[SYNAPSE] [PM 7:41:39] [INFO] [v0.3.30] HarvestSession state change: Locked -> Comparing
[SYNAPSE] [PM 7:41:39] [WARN] [v0.3.30] CompareEngine: Failed to get hashes for soak_client - Client is not connected
[SYNAPSE] [PM 7:41:39] [INFO] [v0.3.30] CompareEngine: Found 0 differences
[SYNAPSE] [PM 7:41:39] [INFO] [v0.3.30] HarvestSession state change: Comparing -> Approving
[SYNAPSE] [PM 7:41:39] [INFO] [v0.3.30] HarvestSession state change: Approving -> Executing
[SYNAPSE] [PM 7:41:39] [INFO] [v0.3.30] HarvestSession state change: Executing -> Harvesting
[SYNAPSE] [PM 7:41:39] [INFO] [v0.3.30] Harvest starting: Processing 1 approved files
[SYNAPSE] [PM 7:41:39] [WARN] [v0.3.30] Harvest rejected: Invalid clientUsername format 'undefined'
[SYNAPSE] [PM 7:41:39] [INFO] [v0.3.30] Harvest complete: 0 files, 0 folders
[SYNAPSE] [PM 7:41:39] [WARN] [v0.3.30] HarvestSession transition failed: expected Executing, current is Harvesting
[SYNAPSE] [PM 7:41:39] [INFO] [v0.3.30] HarvestSession state change: Harvesting -> Unlocked
SyntaxError: Unexpected token 'n', "null" is not valid JSON
    at JSON.parse (<anonymous>)
    at createStrictSyntaxError (/home/dogsinatas/TypeScript_project/antigravity-extension-vis/node_modules/body-parser/lib/types/json.js:109:10)
    at parse (/home/dogsinatas/TypeScript_project/antigravity-extension-vis/node_modules/body-parser/lib/types/json.js:66:15)
    at /home/dogsinatas/TypeScript_project/antigravity-extension-vis/node_modules/body-parser/lib/read.js:162:18
    at AsyncResource.runInAsyncScope (node:async_hooks:227:14)
    at invokeCallback (/home/dogsinatas/TypeScript_project/antigravity-extension-vis/node_modules/raw-body/index.js:238:16)
    at done (/home/dogsinatas/TypeScript_project/antigravity-extension-vis/node_modules/raw-body/index.js:227:7)
    at IncomingMessage.onEnd (/home/dogsinatas/TypeScript_project/antigravity-extension-vis/node_modules/raw-body/index.js:287:7)
    at IncomingMessage.emit (node:events:509:28)
    at IncomingMessage.emit (node:domain:489:12)
[SYNAPSE] [PM 7:42:09] [INFO] [v0.3.30] HarvestSession state change: Unlocked -> Locked
[SYNAPSE] [PM 7:42:09] [INFO] [v0.3.30] HarvestSession state change: Locked -> Comparing
[SYNAPSE] [PM 7:42:09] [WARN] [v0.3.30] CompareEngine: Failed to get hashes for soak_client - Client is not connected
[SYNAPSE] [PM 7:42:09] [INFO] [v0.3.30] CompareEngine: Found 0 differences
[SYNAPSE] [PM 7:42:09] [INFO] [v0.3.30] HarvestSession state change: Comparing -> Approving
[SYNAPSE] [PM 7:42:09] [INFO] [v0.3.30] HarvestSession state change: Approving -> Executing
[SYNAPSE] [PM 7:42:09] [INFO] [v0.3.30] HarvestSession state change: Executing -> Harvesting
[SYNAPSE] [PM 7:42:09] [INFO] [v0.3.30] Harvest starting: Processing 1 approved files
[SYNAPSE] [PM 7:42:09] [WARN] [v0.3.30] Harvest rejected: Invalid clientUsername format 'undefined'
[SYNAPSE] [PM 7:42:09] [INFO] [v0.3.30] Harvest complete: 0 files, 0 folders
[SYNAPSE] [PM 7:42:09] [WARN] [v0.3.30] HarvestSession transition failed: expected Executing, current is Harvesting
[SYNAPSE] [PM 7:42:09] [INFO] [v0.3.30] HarvestSession state change: Harvesting -> Unlocked
[SYNAPSE] [PM 7:42:39] [INFO] [v0.3.30] HarvestSession state change: Unlocked -> Locked
[SYNAPSE] [PM 7:42:39] [INFO] [v0.3.30] HarvestSession state change: Locked -> Comparing
[SYNAPSE] [PM 7:42:39] [WARN] [v0.3.30] CompareEngine: Failed to get hashes for soak_client - Client is not connected
[SYNAPSE] [PM 7:42:39] [INFO] [v0.3.30] CompareEngine: Found 0 differences
[SYNAPSE] [PM 7:42:39] [INFO] [v0.3.30] HarvestSession state change: Comparing -> Approving
[SYNAPSE] [PM 7:42:39] [INFO] [v0.3.30] HarvestSession state change: Approving -> Executing
[SYNAPSE] [PM 7:42:39] [INFO] [v0.3.30] HarvestSession state change: Executing -> Harvesting
[SYNAPSE] [PM 7:42:39] [INFO] [v0.3.30] Harvest starting: Processing 1 approved files
[SYNAPSE] [PM 7:42:39] [WARN] [v0.3.30] Harvest rejected: Invalid clientUsername format 'undefined'
[SYNAPSE] [PM 7:42:39] [INFO] [v0.3.30] Harvest complete: 0 files, 0 folders
[SYNAPSE] [PM 7:42:39] [WARN] [v0.3.30] HarvestSession transition failed: expected Executing, current is Harvesting
[SYNAPSE] [PM 7:42:39] [INFO] [v0.3.30] HarvestSession state change: Harvesting -> Unlocked
SyntaxError: Unexpected token 'n', "null" is not valid JSON
    at JSON.parse (<anonymous>)
    at createStrictSyntaxError (/home/dogsinatas/TypeScript_project/antigravity-extension-vis/node_modules/body-parser/lib/types/json.js:109:10)
    at parse (/home/dogsinatas/TypeScript_project/antigravity-extension-vis/node_modules/body-parser/lib/types/json.js:66:15)
    at /home/dogsinatas/TypeScript_project/antigravity-extension-vis/node_modules/body-parser/lib/read.js:162:18
    at AsyncResource.runInAsyncScope (node:async_hooks:227:14)
    at invokeCallback (/home/dogsinatas/TypeScript_project/antigravity-extension-vis/node_modules/raw-body/index.js:238:16)
    at done (/home/dogsinatas/TypeScript_project/antigravity-extension-vis/node_modules/raw-body/index.js:227:7)
    at IncomingMessage.onEnd (/home/dogsinatas/TypeScript_project/antigravity-extension-vis/node_modules/raw-body/index.js:287:7)
    at IncomingMessage.emit (node:events:509:28)
    at IncomingMessage.emit (node:domain:489:12)
[SYNAPSE] [PM 7:43:09] [INFO] [v0.3.30] HarvestSession state change: Unlocked -> Locked
[SYNAPSE] [PM 7:43:09] [INFO] [v0.3.30] HarvestSession state change: Locked -> Comparing
[SYNAPSE] [PM 7:43:09] [WARN] [v0.3.30] CompareEngine: Failed to get hashes for soak_client - Client is not connected
[SYNAPSE] [PM 7:43:09] [INFO] [v0.3.30] CompareEngine: Found 0 differences
[SYNAPSE] [PM 7:43:09] [INFO] [v0.3.30] HarvestSession state change: Comparing -> Approving
[SYNAPSE] [PM 7:43:09] [INFO] [v0.3.30] HarvestSession state change: Approving -> Executing
[SYNAPSE] [PM 7:43:09] [INFO] [v0.3.30] HarvestSession state change: Executing -> Harvesting
[SYNAPSE] [PM 7:43:09] [INFO] [v0.3.30] Harvest starting: Processing 1 approved files
[SYNAPSE] [PM 7:43:09] [WARN] [v0.3.30] Harvest rejected: Invalid clientUsername format 'undefined'
[SYNAPSE] [PM 7:43:09] [INFO] [v0.3.30] Harvest complete: 0 files, 0 folders
[SYNAPSE] [PM 7:43:09] [WARN] [v0.3.30] HarvestSession transition failed: expected Executing, current is Harvesting
[SYNAPSE] [PM 7:43:09] [INFO] [v0.3.30] HarvestSession state change: Harvesting -> Unlocked
[SYNAPSE] [PM 7:43:39] [INFO] [v0.3.30] HarvestSession state change: Unlocked -> Locked
[SYNAPSE] [PM 7:43:39] [INFO] [v0.3.30] HarvestSession state change: Locked -> Comparing
[SYNAPSE] [PM 7:43:39] [WARN] [v0.3.30] CompareEngine: Failed to get hashes for soak_client - Client is not connected
[SYNAPSE] [PM 7:43:39] [INFO] [v0.3.30] CompareEngine: Found 0 differences
[SYNAPSE] [PM 7:43:39] [INFO] [v0.3.30] HarvestSession state change: Comparing -> Approving
[SYNAPSE] [PM 7:43:39] [INFO] [v0.3.30] HarvestSession state change: Approving -> Executing
[SYNAPSE] [PM 7:43:39] [INFO] [v0.3.30] HarvestSession state change: Executing -> Harvesting
[SYNAPSE] [PM 7:43:39] [INFO] [v0.3.30] Harvest starting: Processing 1 approved files
[SYNAPSE] [PM 7:43:39] [WARN] [v0.3.30] Harvest rejected: Invalid clientUsername format 'undefined'
[SYNAPSE] [PM 7:43:39] [INFO] [v0.3.30] Harvest complete: 0 files, 0 folders
[SYNAPSE] [PM 7:43:39] [WARN] [v0.3.30] HarvestSession transition failed: expected Executing, current is Harvesting
[SYNAPSE] [PM 7:43:39] [INFO] [v0.3.30] HarvestSession state change: Harvesting -> Unlocked
SyntaxError: Unexpected token 'n', "null" is not valid JSON
    at JSON.parse (<anonymous>)
    at createStrictSyntaxError (/home/dogsinatas/TypeScript_project/antigravity-extension-vis/node_modules/body-parser/lib/types/json.js:109:10)
    at parse (/home/dogsinatas/TypeScript_project/antigravity-extension-vis/node_modules/body-parser/lib/types/json.js:66:15)
    at /home/dogsinatas/TypeScript_project/antigravity-extension-vis/node_modules/body-parser/lib/read.js:162:18
    at AsyncResource.runInAsyncScope (node:async_hooks:227:14)
    at invokeCallback (/home/dogsinatas/TypeScript_project/antigravity-extension-vis/node_modules/raw-body/index.js:238:16)
    at done (/home/dogsinatas/TypeScript_project/antigravity-extension-vis/node_modules/raw-body/index.js:227:7)
    at IncomingMessage.onEnd (/home/dogsinatas/TypeScript_project/antigravity-extension-vis/node_modules/raw-body/index.js:287:7)
    at IncomingMessage.emit (node:events:509:28)
    at IncomingMessage.emit (node:domain:489:12)
[SYNAPSE] [PM 7:44:09] [INFO] [v0.3.30] HarvestSession state change: Unlocked -> Locked
[SYNAPSE] [PM 7:44:09] [INFO] [v0.3.30] HarvestSession state change: Locked -> Comparing
[SYNAPSE] [PM 7:44:09] [WARN] [v0.3.30] CompareEngine: Failed to get hashes for soak_client - Client is not connected
[SYNAPSE] [PM 7:44:09] [INFO] [v0.3.30] CompareEngine: Found 0 differences
[SYNAPSE] [PM 7:44:09] [INFO] [v0.3.30] HarvestSession state change: Comparing -> Approving
[SYNAPSE] [PM 7:44:09] [INFO] [v0.3.30] HarvestSession state change: Approving -> Executing
[SYNAPSE] [PM 7:44:09] [INFO] [v0.3.30] HarvestSession state change: Executing -> Harvesting
[SYNAPSE] [PM 7:44:09] [INFO] [v0.3.30] Harvest starting: Processing 1 approved files
[SYNAPSE] [PM 7:44:09] [WARN] [v0.3.30] Harvest rejected: Invalid clientUsername format 'undefined'
[SYNAPSE] [PM 7:44:09] [INFO] [v0.3.30] Harvest complete: 0 files, 0 folders
[SYNAPSE] [PM 7:44:09] [WARN] [v0.3.30] HarvestSession transition failed: expected Executing, current is Harvesting
[SYNAPSE] [PM 7:44:09] [INFO] [v0.3.30] HarvestSession state change: Harvesting -> Unlocked
[SYNAPSE] [PM 7:44:39] [INFO] [v0.3.30] HarvestSession state change: Unlocked -> Locked
[SYNAPSE] [PM 7:44:39] [INFO] [v0.3.30] HarvestSession state change: Locked -> Comparing
[SYNAPSE] [PM 7:44:39] [WARN] [v0.3.30] CompareEngine: Failed to get hashes for soak_client - Client is not connected
[SYNAPSE] [PM 7:44:39] [INFO] [v0.3.30] CompareEngine: Found 0 differences
[SYNAPSE] [PM 7:44:39] [INFO] [v0.3.30] HarvestSession state change: Comparing -> Approving
[SYNAPSE] [PM 7:44:39] [INFO] [v0.3.30] HarvestSession state change: Approving -> Executing
[SYNAPSE] [PM 7:44:39] [INFO] [v0.3.30] HarvestSession state change: Executing -> Harvesting
[SYNAPSE] [PM 7:44:39] [INFO] [v0.3.30] Harvest starting: Processing 1 approved files
[SYNAPSE] [PM 7:44:39] [WARN] [v0.3.30] Harvest rejected: Invalid clientUsername format 'undefined'
[SYNAPSE] [PM 7:44:39] [INFO] [v0.3.30] Harvest complete: 0 files, 0 folders
[SYNAPSE] [PM 7:44:39] [WARN] [v0.3.30] HarvestSession transition failed: expected Executing, current is Harvesting
[SYNAPSE] [PM 7:44:39] [INFO] [v0.3.30] HarvestSession state change: Harvesting -> Unlocked
SyntaxError: Unexpected token 'n', "null" is not valid JSON
    at JSON.parse (<anonymous>)
    at createStrictSyntaxError (/home/dogsinatas/TypeScript_project/antigravity-extension-vis/node_modules/body-parser/lib/types/json.js:109:10)
    at parse (/home/dogsinatas/TypeScript_project/antigravity-extension-vis/node_modules/body-parser/lib/types/json.js:66:15)
    at /home/dogsinatas/TypeScript_project/antigravity-extension-vis/node_modules/body-parser/lib/read.js:162:18
    at AsyncResource.runInAsyncScope (node:async_hooks:227:14)
    at invokeCallback (/home/dogsinatas/TypeScript_project/antigravity-extension-vis/node_modules/raw-body/index.js:238:16)
    at done (/home/dogsinatas/TypeScript_project/antigravity-extension-vis/node_modules/raw-body/index.js:227:7)
    at IncomingMessage.onEnd (/home/dogsinatas/TypeScript_project/antigravity-extension-vis/node_modules/raw-body/index.js:287:7)
    at IncomingMessage.emit (node:events:509:28)
    at IncomingMessage.emit (node:domain:489:12)
[SYNAPSE] [PM 7:45:09] [INFO] [v0.3.30] HarvestSession state change: Unlocked -> Locked
[SYNAPSE] [PM 7:45:09] [INFO] [v0.3.30] HarvestSession state change: Locked -> Comparing
[SYNAPSE] [PM 7:45:09] [WARN] [v0.3.30] CompareEngine: Failed to get hashes for soak_client - Client is not connected
[SYNAPSE] [PM 7:45:09] [INFO] [v0.3.30] CompareEngine: Found 0 differences
[SYNAPSE] [PM 7:45:09] [INFO] [v0.3.30] HarvestSession state change: Comparing -> Approving
[SYNAPSE] [PM 7:45:09] [INFO] [v0.3.30] HarvestSession state change: Approving -> Executing
[SYNAPSE] [PM 7:45:09] [INFO] [v0.3.30] HarvestSession state change: Executing -> Harvesting
[SYNAPSE] [PM 7:45:09] [INFO] [v0.3.30] Harvest starting: Processing 1 approved files
[SYNAPSE] [PM 7:45:09] [WARN] [v0.3.30] Harvest rejected: Invalid clientUsername format 'undefined'
[SYNAPSE] [PM 7:45:09] [INFO] [v0.3.30] Harvest complete: 0 files, 0 folders
[SYNAPSE] [PM 7:45:09] [WARN] [v0.3.30] HarvestSession transition failed: expected Executing, current is Harvesting
[SYNAPSE] [PM 7:45:09] [INFO] [v0.3.30] HarvestSession state change: Harvesting -> Unlocked
[SYNAPSE] [PM 7:45:39] [INFO] [v0.3.30] HarvestSession state change: Unlocked -> Locked
[SYNAPSE] [PM 7:45:39] [INFO] [v0.3.30] HarvestSession state change: Locked -> Comparing
[SYNAPSE] [PM 7:45:39] [WARN] [v0.3.30] CompareEngine: Failed to get hashes for soak_client - Client is not connected
[SYNAPSE] [PM 7:45:39] [INFO] [v0.3.30] CompareEngine: Found 0 differences
[SYNAPSE] [PM 7:45:39] [INFO] [v0.3.30] HarvestSession state change: Comparing -> Approving
[SYNAPSE] [PM 7:45:39] [INFO] [v0.3.30] HarvestSession state change: Approving -> Executing
[SYNAPSE] [PM 7:45:39] [INFO] [v0.3.30] HarvestSession state change: Executing -> Harvesting
[SYNAPSE] [PM 7:45:39] [INFO] [v0.3.30] Harvest starting: Processing 1 approved files
[SYNAPSE] [PM 7:45:39] [WARN] [v0.3.30] Harvest rejected: Invalid clientUsername format 'undefined'
[SYNAPSE] [PM 7:45:39] [INFO] [v0.3.30] Harvest complete: 0 files, 0 folders
[SYNAPSE] [PM 7:45:39] [WARN] [v0.3.30] HarvestSession transition failed: expected Executing, current is Harvesting
[SYNAPSE] [PM 7:45:39] [INFO] [v0.3.30] HarvestSession state change: Harvesting -> Unlocked
SyntaxError: Unexpected token 'n', "null" is not valid JSON
    at JSON.parse (<anonymous>)
    at createStrictSyntaxError (/home/dogsinatas/TypeScript_project/antigravity-extension-vis/node_modules/body-parser/lib/types/json.js:109:10)
    at parse (/home/dogsinatas/TypeScript_project/antigravity-extension-vis/node_modules/body-parser/lib/types/json.js:66:15)
    at /home/dogsinatas/TypeScript_project/antigravity-extension-vis/node_modules/body-parser/lib/read.js:162:18
    at AsyncResource.runInAsyncScope (node:async_hooks:227:14)
    at invokeCallback (/home/dogsinatas/TypeScript_project/antigravity-extension-vis/node_modules/raw-body/index.js:238:16)
    at done (/home/dogsinatas/TypeScript_project/antigravity-extension-vis/node_modules/raw-body/index.js:227:7)
    at IncomingMessage.onEnd (/home/dogsinatas/TypeScript_project/antigravity-extension-vis/node_modules/raw-body/index.js:287:7)
    at IncomingMessage.emit (node:events:509:28)
    at IncomingMessage.emit (node:domain:489:12)
[SYNAPSE] [PM 7:46:09] [INFO] [v0.3.30] HarvestSession state change: Unlocked -> Locked
[SYNAPSE] [PM 7:46:09] [INFO] [v0.3.30] HarvestSession state change: Locked -> Comparing
[SYNAPSE] [PM 7:46:09] [WARN] [v0.3.30] CompareEngine: Failed to get hashes for soak_client - Client is not connected
[SYNAPSE] [PM 7:46:09] [INFO] [v0.3.30] CompareEngine: Found 0 differences
[SYNAPSE] [PM 7:46:09] [INFO] [v0.3.30] HarvestSession state change: Comparing -> Approving
[SYNAPSE] [PM 7:46:09] [INFO] [v0.3.30] HarvestSession state change: Approving -> Executing
[SYNAPSE] [PM 7:46:09] [INFO] [v0.3.30] HarvestSession state change: Executing -> Harvesting
[SYNAPSE] [PM 7:46:09] [INFO] [v0.3.30] Harvest starting: Processing 1 approved files
[SYNAPSE] [PM 7:46:09] [WARN] [v0.3.30] Harvest rejected: Invalid clientUsername format 'undefined'
[SYNAPSE] [PM 7:46:09] [INFO] [v0.3.30] Harvest complete: 0 files, 0 folders
[SYNAPSE] [PM 7:46:09] [WARN] [v0.3.30] HarvestSession transition failed: expected Executing, current is Harvesting
[SYNAPSE] [PM 7:46:09] [INFO] [v0.3.30] HarvestSession state change: Harvesting -> Unlocked
[SYNAPSE] [PM 7:46:39] [INFO] [v0.3.30] HarvestSession state change: Unlocked -> Locked
[SYNAPSE] [PM 7:46:39] [INFO] [v0.3.30] HarvestSession state change: Locked -> Comparing
[SYNAPSE] [PM 7:46:39] [WARN] [v0.3.30] CompareEngine: Failed to get hashes for soak_client - Client is not connected
[SYNAPSE] [PM 7:46:39] [INFO] [v0.3.30] CompareEngine: Found 0 differences
[SYNAPSE] [PM 7:46:39] [INFO] [v0.3.30] HarvestSession state change: Comparing -> Approving
[SYNAPSE] [PM 7:46:39] [INFO] [v0.3.30] HarvestSession state change: Approving -> Executing
[SYNAPSE] [PM 7:46:39] [INFO] [v0.3.30] HarvestSession state change: Executing -> Harvesting
[SYNAPSE] [PM 7:46:39] [INFO] [v0.3.30] Harvest starting: Processing 1 approved files
[SYNAPSE] [PM 7:46:39] [WARN] [v0.3.30] Harvest rejected: Invalid clientUsername format 'undefined'
[SYNAPSE] [PM 7:46:39] [INFO] [v0.3.30] Harvest complete: 0 files, 0 folders
[SYNAPSE] [PM 7:46:39] [WARN] [v0.3.30] HarvestSession transition failed: expected Executing, current is Harvesting
[SYNAPSE] [PM 7:46:39] [INFO] [v0.3.30] HarvestSession state change: Harvesting -> Unlocked
SyntaxError: Unexpected token 'n', "null" is not valid JSON
    at JSON.parse (<anonymous>)
    at createStrictSyntaxError (/home/dogsinatas/TypeScript_project/antigravity-extension-vis/node_modules/body-parser/lib/types/json.js:109:10)
    at parse (/home/dogsinatas/TypeScript_project/antigravity-extension-vis/node_modules/body-parser/lib/types/json.js:66:15)
    at /home/dogsinatas/TypeScript_project/antigravity-extension-vis/node_modules/body-parser/lib/read.js:162:18
    at AsyncResource.runInAsyncScope (node:async_hooks:227:14)
    at invokeCallback (/home/dogsinatas/TypeScript_project/antigravity-extension-vis/node_modules/raw-body/index.js:238:16)
    at done (/home/dogsinatas/TypeScript_project/antigravity-extension-vis/node_modules/raw-body/index.js:227:7)
    at IncomingMessage.onEnd (/home/dogsinatas/TypeScript_project/antigravity-extension-vis/node_modules/raw-body/index.js:287:7)
    at IncomingMessage.emit (node:events:509:28)
    at IncomingMessage.emit (node:domain:489:12)
[SYNAPSE] [PM 7:47:09] [INFO] [v0.3.30] HarvestSession state change: Unlocked -> Locked
[SYNAPSE] [PM 7:47:09] [INFO] [v0.3.30] HarvestSession state change: Locked -> Comparing
[SYNAPSE] [PM 7:47:09] [WARN] [v0.3.30] CompareEngine: Failed to get hashes for soak_client - Client is not connected
[SYNAPSE] [PM 7:47:09] [INFO] [v0.3.30] CompareEngine: Found 0 differences
[SYNAPSE] [PM 7:47:09] [INFO] [v0.3.30] HarvestSession state change: Comparing -> Approving
[SYNAPSE] [PM 7:47:09] [INFO] [v0.3.30] HarvestSession state change: Approving -> Executing
[SYNAPSE] [PM 7:47:09] [INFO] [v0.3.30] HarvestSession state change: Executing -> Harvesting
[SYNAPSE] [PM 7:47:09] [INFO] [v0.3.30] Harvest starting: Processing 1 approved files
[SYNAPSE] [PM 7:47:09] [WARN] [v0.3.30] Harvest rejected: Invalid clientUsername format 'undefined'
[SYNAPSE] [PM 7:47:09] [INFO] [v0.3.30] Harvest complete: 0 files, 0 folders
[SYNAPSE] [PM 7:47:09] [WARN] [v0.3.30] HarvestSession transition failed: expected Executing, current is Harvesting
[SYNAPSE] [PM 7:47:09] [INFO] [v0.3.30] HarvestSession state change: Harvesting -> Unlocked
[SYNAPSE] [PM 7:47:39] [INFO] [v0.3.30] HarvestSession state change: Unlocked -> Locked
[SYNAPSE] [PM 7:47:39] [INFO] [v0.3.30] HarvestSession state change: Locked -> Comparing
[SYNAPSE] [PM 7:47:39] [WARN] [v0.3.30] CompareEngine: Failed to get hashes for soak_client - Client is not connected
[SYNAPSE] [PM 7:47:39] [INFO] [v0.3.30] CompareEngine: Found 0 differences
[SYNAPSE] [PM 7:47:39] [INFO] [v0.3.30] HarvestSession state change: Comparing -> Approving
[SYNAPSE] [PM 7:47:39] [INFO] [v0.3.30] HarvestSession state change: Approving -> Executing
[SYNAPSE] [PM 7:47:39] [INFO] [v0.3.30] HarvestSession state change: Executing -> Harvesting
[SYNAPSE] [PM 7:47:39] [INFO] [v0.3.30] Harvest starting: Processing 1 approved files
[SYNAPSE] [PM 7:47:39] [WARN] [v0.3.30] Harvest rejected: Invalid clientUsername format 'undefined'
[SYNAPSE] [PM 7:47:39] [INFO] [v0.3.30] Harvest complete: 0 files, 0 folders
[SYNAPSE] [PM 7:47:39] [WARN] [v0.3.30] HarvestSession transition failed: expected Executing, current is Harvesting
[SYNAPSE] [PM 7:47:39] [INFO] [v0.3.30] HarvestSession state change: Harvesting -> Unlocked
SyntaxError: Unexpected token 'n', "null" is not valid JSON
    at JSON.parse (<anonymous>)
    at createStrictSyntaxError (/home/dogsinatas/TypeScript_project/antigravity-extension-vis/node_modules/body-parser/lib/types/json.js:109:10)
    at parse (/home/dogsinatas/TypeScript_project/antigravity-extension-vis/node_modules/body-parser/lib/types/json.js:66:15)
    at /home/dogsinatas/TypeScript_project/antigravity-extension-vis/node_modules/body-parser/lib/read.js:162:18
    at AsyncResource.runInAsyncScope (node:async_hooks:227:14)
    at invokeCallback (/home/dogsinatas/TypeScript_project/antigravity-extension-vis/node_modules/raw-body/index.js:238:16)
    at done (/home/dogsinatas/TypeScript_project/antigravity-extension-vis/node_modules/raw-body/index.js:227:7)
    at IncomingMessage.onEnd (/home/dogsinatas/TypeScript_project/antigravity-extension-vis/node_modules/raw-body/index.js:287:7)
    at IncomingMessage.emit (node:events:509:28)
    at IncomingMessage.emit (node:domain:489:12)
[SYNAPSE] [PM 7:48:09] [INFO] [v0.3.30] HarvestSession state change: Unlocked -> Locked
[SYNAPSE] [PM 7:48:09] [INFO] [v0.3.30] HarvestSession state change: Locked -> Comparing
[SYNAPSE] [PM 7:48:09] [WARN] [v0.3.30] CompareEngine: Failed to get hashes for soak_client - Client is not connected
[SYNAPSE] [PM 7:48:09] [INFO] [v0.3.30] CompareEngine: Found 0 differences
[SYNAPSE] [PM 7:48:09] [INFO] [v0.3.30] HarvestSession state change: Comparing -> Approving
[SYNAPSE] [PM 7:48:09] [INFO] [v0.3.30] HarvestSession state change: Approving -> Executing
[SYNAPSE] [PM 7:48:09] [INFO] [v0.3.30] HarvestSession state change: Executing -> Harvesting
[SYNAPSE] [PM 7:48:09] [INFO] [v0.3.30] Harvest starting: Processing 1 approved files
[SYNAPSE] [PM 7:48:09] [WARN] [v0.3.30] Harvest rejected: Invalid clientUsername format 'undefined'
[SYNAPSE] [PM 7:48:09] [INFO] [v0.3.30] Harvest complete: 0 files, 0 folders
[SYNAPSE] [PM 7:48:09] [WARN] [v0.3.30] HarvestSession transition failed: expected Executing, current is Harvesting
[SYNAPSE] [PM 7:48:09] [INFO] [v0.3.30] HarvestSession state change: Harvesting -> Unlocked
[SYNAPSE] [PM 7:48:39] [INFO] [v0.3.30] HarvestSession state change: Unlocked -> Locked
[SYNAPSE] [PM 7:48:39] [INFO] [v0.3.30] HarvestSession state change: Locked -> Comparing
[SYNAPSE] [PM 7:48:39] [WARN] [v0.3.30] CompareEngine: Failed to get hashes for soak_client - Client is not connected
[SYNAPSE] [PM 7:48:39] [INFO] [v0.3.30] CompareEngine: Found 0 differences
[SYNAPSE] [PM 7:48:39] [INFO] [v0.3.30] HarvestSession state change: Comparing -> Approving
[SYNAPSE] [PM 7:48:39] [INFO] [v0.3.30] HarvestSession state change: Approving -> Executing
[SYNAPSE] [PM 7:48:39] [INFO] [v0.3.30] HarvestSession state change: Executing -> Harvesting
[SYNAPSE] [PM 7:48:39] [INFO] [v0.3.30] Harvest starting: Processing 1 approved files
[SYNAPSE] [PM 7:48:39] [WARN] [v0.3.30] Harvest rejected: Invalid clientUsername format 'undefined'
[SYNAPSE] [PM 7:48:39] [INFO] [v0.3.30] Harvest complete: 0 files, 0 folders
[SYNAPSE] [PM 7:48:39] [WARN] [v0.3.30] HarvestSession transition failed: expected Executing, current is Harvesting
[SYNAPSE] [PM 7:48:39] [INFO] [v0.3.30] HarvestSession state change: Harvesting -> Unlocked
SyntaxError: Unexpected token 'n', "null" is not valid JSON
    at JSON.parse (<anonymous>)
    at createStrictSyntaxError (/home/dogsinatas/TypeScript_project/antigravity-extension-vis/node_modules/body-parser/lib/types/json.js:109:10)
    at parse (/home/dogsinatas/TypeScript_project/antigravity-extension-vis/node_modules/body-parser/lib/types/json.js:66:15)
    at /home/dogsinatas/TypeScript_project/antigravity-extension-vis/node_modules/body-parser/lib/read.js:162:18
    at AsyncResource.runInAsyncScope (node:async_hooks:227:14)
    at invokeCallback (/home/dogsinatas/TypeScript_project/antigravity-extension-vis/node_modules/raw-body/index.js:238:16)
    at done (/home/dogsinatas/TypeScript_project/antigravity-extension-vis/node_modules/raw-body/index.js:227:7)
    at IncomingMessage.onEnd (/home/dogsinatas/TypeScript_project/antigravity-extension-vis/node_modules/raw-body/index.js:287:7)
    at IncomingMessage.emit (node:events:509:28)
    at IncomingMessage.emit (node:domain:489:12)
[SYNAPSE] [PM 7:49:09] [INFO] [v0.3.30] HarvestSession state change: Unlocked -> Locked
[SYNAPSE] [PM 7:49:09] [INFO] [v0.3.30] HarvestSession state change: Locked -> Comparing
[SYNAPSE] [PM 7:49:09] [WARN] [v0.3.30] CompareEngine: Failed to get hashes for soak_client - Client is not connected
[SYNAPSE] [PM 7:49:09] [INFO] [v0.3.30] CompareEngine: Found 0 differences
[SYNAPSE] [PM 7:49:09] [INFO] [v0.3.30] HarvestSession state change: Comparing -> Approving
[SYNAPSE] [PM 7:49:09] [INFO] [v0.3.30] HarvestSession state change: Approving -> Executing
[SYNAPSE] [PM 7:49:09] [INFO] [v0.3.30] HarvestSession state change: Executing -> Harvesting
[SYNAPSE] [PM 7:49:09] [INFO] [v0.3.30] Harvest starting: Processing 1 approved files
[SYNAPSE] [PM 7:49:09] [WARN] [v0.3.30] Harvest rejected: Invalid clientUsername format 'undefined'
[SYNAPSE] [PM 7:49:09] [INFO] [v0.3.30] Harvest complete: 0 files, 0 folders
[SYNAPSE] [PM 7:49:09] [WARN] [v0.3.30] HarvestSession transition failed: expected Executing, current is Harvesting
[SYNAPSE] [PM 7:49:09] [INFO] [v0.3.30] HarvestSession state change: Harvesting -> Unlocked
[SYNAPSE] [PM 7:49:39] [INFO] [v0.3.30] HarvestSession state change: Unlocked -> Locked
[SYNAPSE] [PM 7:49:39] [INFO] [v0.3.30] HarvestSession state change: Locked -> Comparing
[SYNAPSE] [PM 7:49:39] [WARN] [v0.3.30] CompareEngine: Failed to get hashes for soak_client - Client is not connected
[SYNAPSE] [PM 7:49:39] [INFO] [v0.3.30] CompareEngine: Found 0 differences
[SYNAPSE] [PM 7:49:39] [INFO] [v0.3.30] HarvestSession state change: Comparing -> Approving
[SYNAPSE] [PM 7:49:39] [INFO] [v0.3.30] HarvestSession state change: Approving -> Executing
[SYNAPSE] [PM 7:49:39] [INFO] [v0.3.30] HarvestSession state change: Executing -> Harvesting
[SYNAPSE] [PM 7:49:39] [INFO] [v0.3.30] Harvest starting: Processing 1 approved files
[SYNAPSE] [PM 7:49:39] [WARN] [v0.3.30] Harvest rejected: Invalid clientUsername format 'undefined'
[SYNAPSE] [PM 7:49:39] [INFO] [v0.3.30] Harvest complete: 0 files, 0 folders
[SYNAPSE] [PM 7:49:39] [WARN] [v0.3.30] HarvestSession transition failed: expected Executing, current is Harvesting
[SYNAPSE] [PM 7:49:39] [INFO] [v0.3.30] HarvestSession state change: Harvesting -> Unlocked
SyntaxError: Unexpected token 'n', "null" is not valid JSON
    at JSON.parse (<anonymous>)
    at createStrictSyntaxError (/home/dogsinatas/TypeScript_project/antigravity-extension-vis/node_modules/body-parser/lib/types/json.js:109:10)
    at parse (/home/dogsinatas/TypeScript_project/antigravity-extension-vis/node_modules/body-parser/lib/types/json.js:66:15)
    at /home/dogsinatas/TypeScript_project/antigravity-extension-vis/node_modules/body-parser/lib/read.js:162:18
    at AsyncResource.runInAsyncScope (node:async_hooks:227:14)
    at invokeCallback (/home/dogsinatas/TypeScript_project/antigravity-extension-vis/node_modules/raw-body/index.js:238:16)
    at done (/home/dogsinatas/TypeScript_project/antigravity-extension-vis/node_modules/raw-body/index.js:227:7)
    at IncomingMessage.onEnd (/home/dogsinatas/TypeScript_project/antigravity-extension-vis/node_modules/raw-body/index.js:287:7)
    at IncomingMessage.emit (node:events:509:28)
    at IncomingMessage.emit (node:domain:489:12)
[SYNAPSE] [PM 7:50:09] [INFO] [v0.3.30] HarvestSession state change: Unlocked -> Locked
[SYNAPSE] [PM 7:50:09] [INFO] [v0.3.30] HarvestSession state change: Locked -> Comparing
[SYNAPSE] [PM 7:50:09] [WARN] [v0.3.30] CompareEngine: Failed to get hashes for soak_client - Client is not connected
[SYNAPSE] [PM 7:50:09] [INFO] [v0.3.30] CompareEngine: Found 0 differences
[SYNAPSE] [PM 7:50:09] [INFO] [v0.3.30] HarvestSession state change: Comparing -> Approving
[SYNAPSE] [PM 7:50:09] [INFO] [v0.3.30] HarvestSession state change: Approving -> Executing
[SYNAPSE] [PM 7:50:09] [INFO] [v0.3.30] HarvestSession state change: Executing -> Harvesting
[SYNAPSE] [PM 7:50:09] [INFO] [v0.3.30] Harvest starting: Processing 1 approved files
[SYNAPSE] [PM 7:50:09] [WARN] [v0.3.30] Harvest rejected: Invalid clientUsername format 'undefined'
[SYNAPSE] [PM 7:50:09] [INFO] [v0.3.30] Harvest complete: 0 files, 0 folders
[SYNAPSE] [PM 7:50:09] [WARN] [v0.3.30] HarvestSession transition failed: expected Executing, current is Harvesting
[SYNAPSE] [PM 7:50:09] [INFO] [v0.3.30] HarvestSession state change: Harvesting -> Unlocked
[SYNAPSE] [PM 7:50:39] [INFO] [v0.3.30] HarvestSession state change: Unlocked -> Locked
[SYNAPSE] [PM 7:50:39] [INFO] [v0.3.30] HarvestSession state change: Locked -> Comparing
[SYNAPSE] [PM 7:50:39] [WARN] [v0.3.30] CompareEngine: Failed to get hashes for soak_client - Client is not connected
[SYNAPSE] [PM 7:50:39] [INFO] [v0.3.30] CompareEngine: Found 0 differences
[SYNAPSE] [PM 7:50:39] [INFO] [v0.3.30] HarvestSession state change: Comparing -> Approving
[SYNAPSE] [PM 7:50:39] [INFO] [v0.3.30] HarvestSession state change: Approving -> Executing
[SYNAPSE] [PM 7:50:39] [INFO] [v0.3.30] HarvestSession state change: Executing -> Harvesting
[SYNAPSE] [PM 7:50:39] [INFO] [v0.3.30] Harvest starting: Processing 1 approved files
[SYNAPSE] [PM 7:50:39] [WARN] [v0.3.30] Harvest rejected: Invalid clientUsername format 'undefined'
[SYNAPSE] [PM 7:50:39] [INFO] [v0.3.30] Harvest complete: 0 files, 0 folders
[SYNAPSE] [PM 7:50:39] [WARN] [v0.3.30] HarvestSession transition failed: expected Executing, current is Harvesting
[SYNAPSE] [PM 7:50:39] [INFO] [v0.3.30] HarvestSession state change: Harvesting -> Unlocked
SyntaxError: Unexpected token 'n', "null" is not valid JSON
    at JSON.parse (<anonymous>)
    at createStrictSyntaxError (/home/dogsinatas/TypeScript_project/antigravity-extension-vis/node_modules/body-parser/lib/types/json.js:109:10)
    at parse (/home/dogsinatas/TypeScript_project/antigravity-extension-vis/node_modules/body-parser/lib/types/json.js:66:15)
    at /home/dogsinatas/TypeScript_project/antigravity-extension-vis/node_modules/body-parser/lib/read.js:162:18
    at AsyncResource.runInAsyncScope (node:async_hooks:227:14)
    at invokeCallback (/home/dogsinatas/TypeScript_project/antigravity-extension-vis/node_modules/raw-body/index.js:238:16)
    at done (/home/dogsinatas/TypeScript_project/antigravity-extension-vis/node_modules/raw-body/index.js:227:7)
    at IncomingMessage.onEnd (/home/dogsinatas/TypeScript_project/antigravity-extension-vis/node_modules/raw-body/index.js:287:7)
    at IncomingMessage.emit (node:events:509:28)
    at IncomingMessage.emit (node:domain:489:12)
[SYNAPSE] [PM 7:51:09] [INFO] [v0.3.30] HarvestSession state change: Unlocked -> Locked
[SYNAPSE] [PM 7:51:09] [INFO] [v0.3.30] HarvestSession state change: Locked -> Comparing
[SYNAPSE] [PM 7:51:09] [WARN] [v0.3.30] CompareEngine: Failed to get hashes for soak_client - Client is not connected
[SYNAPSE] [PM 7:51:09] [INFO] [v0.3.30] CompareEngine: Found 0 differences
[SYNAPSE] [PM 7:51:09] [INFO] [v0.3.30] HarvestSession state change: Comparing -> Approving
[SYNAPSE] [PM 7:51:09] [INFO] [v0.3.30] HarvestSession state change: Approving -> Executing
[SYNAPSE] [PM 7:51:09] [INFO] [v0.3.30] HarvestSession state change: Executing -> Harvesting
[SYNAPSE] [PM 7:51:09] [INFO] [v0.3.30] Harvest starting: Processing 1 approved files
[SYNAPSE] [PM 7:51:09] [WARN] [v0.3.30] Harvest rejected: Invalid clientUsername format 'undefined'
[SYNAPSE] [PM 7:51:09] [INFO] [v0.3.30] Harvest complete: 0 files, 0 folders
[SYNAPSE] [PM 7:51:09] [WARN] [v0.3.30] HarvestSession transition failed: expected Executing, current is Harvesting
[SYNAPSE] [PM 7:51:09] [INFO] [v0.3.30] HarvestSession state change: Harvesting -> Unlocked
[SYNAPSE] [PM 7:51:39] [INFO] [v0.3.30] HarvestSession state change: Unlocked -> Locked
[SYNAPSE] [PM 7:51:39] [INFO] [v0.3.30] HarvestSession state change: Locked -> Comparing
[SYNAPSE] [PM 7:51:39] [WARN] [v0.3.30] CompareEngine: Failed to get hashes for soak_client - Client is not connected
[SYNAPSE] [PM 7:51:39] [INFO] [v0.3.30] CompareEngine: Found 0 differences
[SYNAPSE] [PM 7:51:39] [INFO] [v0.3.30] HarvestSession state change: Comparing -> Approving
[SYNAPSE] [PM 7:51:39] [INFO] [v0.3.30] HarvestSession state change: Approving -> Executing
[SYNAPSE] [PM 7:51:39] [INFO] [v0.3.30] HarvestSession state change: Executing -> Harvesting
[SYNAPSE] [PM 7:51:39] [INFO] [v0.3.30] Harvest starting: Processing 1 approved files
[SYNAPSE] [PM 7:51:39] [WARN] [v0.3.30] Harvest rejected: Invalid clientUsername format 'undefined'
[SYNAPSE] [PM 7:51:39] [INFO] [v0.3.30] Harvest complete: 0 files, 0 folders
[SYNAPSE] [PM 7:51:39] [WARN] [v0.3.30] HarvestSession transition failed: expected Executing, current is Harvesting
[SYNAPSE] [PM 7:51:39] [INFO] [v0.3.30] HarvestSession state change: Harvesting -> Unlocked
SyntaxError: Unexpected token 'n', "null" is not valid JSON
    at JSON.parse (<anonymous>)
    at createStrictSyntaxError (/home/dogsinatas/TypeScript_project/antigravity-extension-vis/node_modules/body-parser/lib/types/json.js:109:10)
    at parse (/home/dogsinatas/TypeScript_project/antigravity-extension-vis/node_modules/body-parser/lib/types/json.js:66:15)
    at /home/dogsinatas/TypeScript_project/antigravity-extension-vis/node_modules/body-parser/lib/read.js:162:18
    at AsyncResource.runInAsyncScope (node:async_hooks:227:14)
    at invokeCallback (/home/dogsinatas/TypeScript_project/antigravity-extension-vis/node_modules/raw-body/index.js:238:16)
    at done (/home/dogsinatas/TypeScript_project/antigravity-extension-vis/node_modules/raw-body/index.js:227:7)
    at IncomingMessage.onEnd (/home/dogsinatas/TypeScript_project/antigravity-extension-vis/node_modules/raw-body/index.js:287:7)
    at IncomingMessage.emit (node:events:509:28)
    at IncomingMessage.emit (node:domain:489:12)
[SYNAPSE] [PM 7:52:09] [INFO] [v0.3.30] HarvestSession state change: Unlocked -> Locked
[SYNAPSE] [PM 7:52:09] [INFO] [v0.3.30] HarvestSession state change: Locked -> Comparing
[SYNAPSE] [PM 7:52:09] [WARN] [v0.3.30] CompareEngine: Failed to get hashes for soak_client - Client is not connected
[SYNAPSE] [PM 7:52:09] [INFO] [v0.3.30] CompareEngine: Found 0 differences
[SYNAPSE] [PM 7:52:09] [INFO] [v0.3.30] HarvestSession state change: Comparing -> Approving
[SYNAPSE] [PM 7:52:09] [INFO] [v0.3.30] HarvestSession state change: Approving -> Executing
[SYNAPSE] [PM 7:52:09] [INFO] [v0.3.30] HarvestSession state change: Executing -> Harvesting
[SYNAPSE] [PM 7:52:09] [INFO] [v0.3.30] Harvest starting: Processing 1 approved files
[SYNAPSE] [PM 7:52:09] [WARN] [v0.3.30] Harvest rejected: Invalid clientUsername format 'undefined'
[SYNAPSE] [PM 7:52:09] [INFO] [v0.3.30] Harvest complete: 0 files, 0 folders
[SYNAPSE] [PM 7:52:09] [WARN] [v0.3.30] HarvestSession transition failed: expected Executing, current is Harvesting
[SYNAPSE] [PM 7:52:09] [INFO] [v0.3.30] HarvestSession state change: Harvesting -> Unlocked
[SYNAPSE] [PM 7:52:39] [INFO] [v0.3.30] HarvestSession state change: Unlocked -> Locked
[SYNAPSE] [PM 7:52:39] [INFO] [v0.3.30] HarvestSession state change: Locked -> Comparing
[SYNAPSE] [PM 7:52:39] [WARN] [v0.3.30] CompareEngine: Failed to get hashes for soak_client - Client is not connected
[SYNAPSE] [PM 7:52:39] [INFO] [v0.3.30] CompareEngine: Found 0 differences
[SYNAPSE] [PM 7:52:39] [INFO] [v0.3.30] HarvestSession state change: Comparing -> Approving
[SYNAPSE] [PM 7:52:39] [INFO] [v0.3.30] HarvestSession state change: Approving -> Executing
[SYNAPSE] [PM 7:52:39] [INFO] [v0.3.30] HarvestSession state change: Executing -> Harvesting
[SYNAPSE] [PM 7:52:39] [INFO] [v0.3.30] Harvest starting: Processing 1 approved files
[SYNAPSE] [PM 7:52:39] [WARN] [v0.3.30] Harvest rejected: Invalid clientUsername format 'undefined'
[SYNAPSE] [PM 7:52:39] [INFO] [v0.3.30] Harvest complete: 0 files, 0 folders
[SYNAPSE] [PM 7:52:39] [WARN] [v0.3.30] HarvestSession transition failed: expected Executing, current is Harvesting
[SYNAPSE] [PM 7:52:39] [INFO] [v0.3.30] HarvestSession state change: Harvesting -> Unlocked
SyntaxError: Unexpected token 'n', "null" is not valid JSON
    at JSON.parse (<anonymous>)
    at createStrictSyntaxError (/home/dogsinatas/TypeScript_project/antigravity-extension-vis/node_modules/body-parser/lib/types/json.js:109:10)
    at parse (/home/dogsinatas/TypeScript_project/antigravity-extension-vis/node_modules/body-parser/lib/types/json.js:66:15)
    at /home/dogsinatas/TypeScript_project/antigravity-extension-vis/node_modules/body-parser/lib/read.js:162:18
    at AsyncResource.runInAsyncScope (node:async_hooks:227:14)
    at invokeCallback (/home/dogsinatas/TypeScript_project/antigravity-extension-vis/node_modules/raw-body/index.js:238:16)
    at done (/home/dogsinatas/TypeScript_project/antigravity-extension-vis/node_modules/raw-body/index.js:227:7)
    at IncomingMessage.onEnd (/home/dogsinatas/TypeScript_project/antigravity-extension-vis/node_modules/raw-body/index.js:287:7)
    at IncomingMessage.emit (node:events:509:28)
    at IncomingMessage.emit (node:domain:489:12)
[SYNAPSE] [PM 7:53:09] [INFO] [v0.3.30] HarvestSession state change: Unlocked -> Locked
[SYNAPSE] [PM 7:53:09] [INFO] [v0.3.30] HarvestSession state change: Locked -> Comparing
[SYNAPSE] [PM 7:53:09] [WARN] [v0.3.30] CompareEngine: Failed to get hashes for soak_client - Client is not connected
[SYNAPSE] [PM 7:53:09] [INFO] [v0.3.30] CompareEngine: Found 0 differences
[SYNAPSE] [PM 7:53:09] [INFO] [v0.3.30] HarvestSession state change: Comparing -> Approving
[SYNAPSE] [PM 7:53:09] [INFO] [v0.3.30] HarvestSession state change: Approving -> Executing
[SYNAPSE] [PM 7:53:09] [INFO] [v0.3.30] HarvestSession state change: Executing -> Harvesting
[SYNAPSE] [PM 7:53:09] [INFO] [v0.3.30] Harvest starting: Processing 1 approved files
[SYNAPSE] [PM 7:53:09] [WARN] [v0.3.30] Harvest rejected: Invalid clientUsername format 'undefined'
[SYNAPSE] [PM 7:53:09] [INFO] [v0.3.30] Harvest complete: 0 files, 0 folders
[SYNAPSE] [PM 7:53:09] [WARN] [v0.3.30] HarvestSession transition failed: expected Executing, current is Harvesting
[SYNAPSE] [PM 7:53:09] [INFO] [v0.3.30] HarvestSession state change: Harvesting -> Unlocked
[SYNAPSE] [PM 7:53:39] [INFO] [v0.3.30] HarvestSession state change: Unlocked -> Locked
[SYNAPSE] [PM 7:53:39] [INFO] [v0.3.30] HarvestSession state change: Locked -> Comparing
[SYNAPSE] [PM 7:53:39] [WARN] [v0.3.30] CompareEngine: Failed to get hashes for soak_client - Client is not connected
[SYNAPSE] [PM 7:53:39] [INFO] [v0.3.30] CompareEngine: Found 0 differences
[SYNAPSE] [PM 7:53:39] [INFO] [v0.3.30] HarvestSession state change: Comparing -> Approving
[SYNAPSE] [PM 7:53:39] [INFO] [v0.3.30] HarvestSession state change: Approving -> Executing
[SYNAPSE] [PM 7:53:39] [INFO] [v0.3.30] HarvestSession state change: Executing -> Harvesting
[SYNAPSE] [PM 7:53:39] [INFO] [v0.3.30] Harvest starting: Processing 1 approved files
[SYNAPSE] [PM 7:53:39] [WARN] [v0.3.30] Harvest rejected: Invalid clientUsername format 'undefined'
[SYNAPSE] [PM 7:53:39] [INFO] [v0.3.30] Harvest complete: 0 files, 0 folders
[SYNAPSE] [PM 7:53:39] [WARN] [v0.3.30] HarvestSession transition failed: expected Executing, current is Harvesting
[SYNAPSE] [PM 7:53:39] [INFO] [v0.3.30] HarvestSession state change: Harvesting -> Unlocked
SyntaxError: Unexpected token 'n', "null" is not valid JSON
    at JSON.parse (<anonymous>)
    at createStrictSyntaxError (/home/dogsinatas/TypeScript_project/antigravity-extension-vis/node_modules/body-parser/lib/types/json.js:109:10)
    at parse (/home/dogsinatas/TypeScript_project/antigravity-extension-vis/node_modules/body-parser/lib/types/json.js:66:15)
    at /home/dogsinatas/TypeScript_project/antigravity-extension-vis/node_modules/body-parser/lib/read.js:162:18
    at AsyncResource.runInAsyncScope (node:async_hooks:227:14)
    at invokeCallback (/home/dogsinatas/TypeScript_project/antigravity-extension-vis/node_modules/raw-body/index.js:238:16)
    at done (/home/dogsinatas/TypeScript_project/antigravity-extension-vis/node_modules/raw-body/index.js:227:7)
    at IncomingMessage.onEnd (/home/dogsinatas/TypeScript_project/antigravity-extension-vis/node_modules/raw-body/index.js:287:7)
    at IncomingMessage.emit (node:events:509:28)
    at IncomingMessage.emit (node:domain:489:12)
[SYNAPSE] [PM 7:54:09] [INFO] [v0.3.30] HarvestSession state change: Unlocked -> Locked
[SYNAPSE] [PM 7:54:09] [INFO] [v0.3.30] HarvestSession state change: Locked -> Comparing
[SYNAPSE] [PM 7:54:09] [WARN] [v0.3.30] CompareEngine: Failed to get hashes for soak_client - Client is not connected
[SYNAPSE] [PM 7:54:09] [INFO] [v0.3.30] CompareEngine: Found 0 differences
[SYNAPSE] [PM 7:54:09] [INFO] [v0.3.30] HarvestSession state change: Comparing -> Approving
[SYNAPSE] [PM 7:54:09] [INFO] [v0.3.30] HarvestSession state change: Approving -> Executing
[SYNAPSE] [PM 7:54:09] [INFO] [v0.3.30] HarvestSession state change: Executing -> Harvesting
[SYNAPSE] [PM 7:54:09] [INFO] [v0.3.30] Harvest starting: Processing 1 approved files
[SYNAPSE] [PM 7:54:09] [WARN] [v0.3.30] Harvest rejected: Invalid clientUsername format 'undefined'
[SYNAPSE] [PM 7:54:09] [INFO] [v0.3.30] Harvest complete: 0 files, 0 folders
[SYNAPSE] [PM 7:54:09] [WARN] [v0.3.30] HarvestSession transition failed: expected Executing, current is Harvesting
[SYNAPSE] [PM 7:54:09] [INFO] [v0.3.30] HarvestSession state change: Harvesting -> Unlocked
[SYNAPSE] [PM 7:54:39] [INFO] [v0.3.30] HarvestSession state change: Unlocked -> Locked
[SYNAPSE] [PM 7:54:39] [INFO] [v0.3.30] HarvestSession state change: Locked -> Comparing
[SYNAPSE] [PM 7:54:39] [WARN] [v0.3.30] CompareEngine: Failed to get hashes for soak_client - Client is not connected
[SYNAPSE] [PM 7:54:39] [INFO] [v0.3.30] CompareEngine: Found 0 differences
[SYNAPSE] [PM 7:54:39] [INFO] [v0.3.30] HarvestSession state change: Comparing -> Approving
[SYNAPSE] [PM 7:54:39] [INFO] [v0.3.30] HarvestSession state change: Approving -> Executing
[SYNAPSE] [PM 7:54:39] [INFO] [v0.3.30] HarvestSession state change: Executing -> Harvesting
[SYNAPSE] [PM 7:54:39] [INFO] [v0.3.30] Harvest starting: Processing 1 approved files
[SYNAPSE] [PM 7:54:39] [WARN] [v0.3.30] Harvest rejected: Invalid clientUsername format 'undefined'
[SYNAPSE] [PM 7:54:39] [INFO] [v0.3.30] Harvest complete: 0 files, 0 folders
[SYNAPSE] [PM 7:54:39] [WARN] [v0.3.30] HarvestSession transition failed: expected Executing, current is Harvesting
[SYNAPSE] [PM 7:54:39] [INFO] [v0.3.30] HarvestSession state change: Harvesting -> Unlocked
SyntaxError: Unexpected token 'n', "null" is not valid JSON
    at JSON.parse (<anonymous>)
    at createStrictSyntaxError (/home/dogsinatas/TypeScript_project/antigravity-extension-vis/node_modules/body-parser/lib/types/json.js:109:10)
    at parse (/home/dogsinatas/TypeScript_project/antigravity-extension-vis/node_modules/body-parser/lib/types/json.js:66:15)
    at /home/dogsinatas/TypeScript_project/antigravity-extension-vis/node_modules/body-parser/lib/read.js:162:18
    at AsyncResource.runInAsyncScope (node:async_hooks:227:14)
    at invokeCallback (/home/dogsinatas/TypeScript_project/antigravity-extension-vis/node_modules/raw-body/index.js:238:16)
    at done (/home/dogsinatas/TypeScript_project/antigravity-extension-vis/node_modules/raw-body/index.js:227:7)
    at IncomingMessage.onEnd (/home/dogsinatas/TypeScript_project/antigravity-extension-vis/node_modules/raw-body/index.js:287:7)
    at IncomingMessage.emit (node:events:509:28)
    at IncomingMessage.emit (node:domain:489:12)
[SYNAPSE] [PM 7:55:09] [INFO] [v0.3.30] HarvestSession state change: Unlocked -> Locked
[SYNAPSE] [PM 7:55:09] [INFO] [v0.3.30] HarvestSession state change: Locked -> Comparing
[SYNAPSE] [PM 7:55:09] [WARN] [v0.3.30] CompareEngine: Failed to get hashes for soak_client - Client is not connected
[SYNAPSE] [PM 7:55:09] [INFO] [v0.3.30] CompareEngine: Found 0 differences
[SYNAPSE] [PM 7:55:09] [INFO] [v0.3.30] HarvestSession state change: Comparing -> Approving
[SYNAPSE] [PM 7:55:09] [INFO] [v0.3.30] HarvestSession state change: Approving -> Executing
[SYNAPSE] [PM 7:55:09] [INFO] [v0.3.30] HarvestSession state change: Executing -> Harvesting
[SYNAPSE] [PM 7:55:09] [INFO] [v0.3.30] Harvest starting: Processing 1 approved files
[SYNAPSE] [PM 7:55:09] [WARN] [v0.3.30] Harvest rejected: Invalid clientUsername format 'undefined'
[SYNAPSE] [PM 7:55:09] [INFO] [v0.3.30] Harvest complete: 0 files, 0 folders
[SYNAPSE] [PM 7:55:09] [WARN] [v0.3.30] HarvestSession transition failed: expected Executing, current is Harvesting
[SYNAPSE] [PM 7:55:09] [INFO] [v0.3.30] HarvestSession state change: Harvesting -> Unlocked
[SYNAPSE] [PM 7:55:39] [INFO] [v0.3.30] HarvestSession state change: Unlocked -> Locked
[SYNAPSE] [PM 7:55:39] [INFO] [v0.3.30] HarvestSession state change: Locked -> Comparing
[SYNAPSE] [PM 7:55:39] [WARN] [v0.3.30] CompareEngine: Failed to get hashes for soak_client - Client is not connected
[SYNAPSE] [PM 7:55:39] [INFO] [v0.3.30] CompareEngine: Found 0 differences
[SYNAPSE] [PM 7:55:39] [INFO] [v0.3.30] HarvestSession state change: Comparing -> Approving
[SYNAPSE] [PM 7:55:39] [INFO] [v0.3.30] HarvestSession state change: Approving -> Executing
[SYNAPSE] [PM 7:55:39] [INFO] [v0.3.30] HarvestSession state change: Executing -> Harvesting
[SYNAPSE] [PM 7:55:39] [INFO] [v0.3.30] Harvest starting: Processing 1 approved files
[SYNAPSE] [PM 7:55:39] [WARN] [v0.3.30] Harvest rejected: Invalid clientUsername format 'undefined'
[SYNAPSE] [PM 7:55:39] [INFO] [v0.3.30] Harvest complete: 0 files, 0 folders
[SYNAPSE] [PM 7:55:39] [WARN] [v0.3.30] HarvestSession transition failed: expected Executing, current is Harvesting
[SYNAPSE] [PM 7:55:39] [INFO] [v0.3.30] HarvestSession state change: Harvesting -> Unlocked
SyntaxError: Unexpected token 'n', "null" is not valid JSON
    at JSON.parse (<anonymous>)
    at createStrictSyntaxError (/home/dogsinatas/TypeScript_project/antigravity-extension-vis/node_modules/body-parser/lib/types/json.js:109:10)
    at parse (/home/dogsinatas/TypeScript_project/antigravity-extension-vis/node_modules/body-parser/lib/types/json.js:66:15)
    at /home/dogsinatas/TypeScript_project/antigravity-extension-vis/node_modules/body-parser/lib/read.js:162:18
    at AsyncResource.runInAsyncScope (node:async_hooks:227:14)
    at invokeCallback (/home/dogsinatas/TypeScript_project/antigravity-extension-vis/node_modules/raw-body/index.js:238:16)
    at done (/home/dogsinatas/TypeScript_project/antigravity-extension-vis/node_modules/raw-body/index.js:227:7)
    at IncomingMessage.onEnd (/home/dogsinatas/TypeScript_project/antigravity-extension-vis/node_modules/raw-body/index.js:287:7)
    at IncomingMessage.emit (node:events:509:28)
    at IncomingMessage.emit (node:domain:489:12)
[SYNAPSE] [PM 7:56:09] [INFO] [v0.3.30] HarvestSession state change: Unlocked -> Locked
[SYNAPSE] [PM 7:56:09] [INFO] [v0.3.30] HarvestSession state change: Locked -> Comparing
[SYNAPSE] [PM 7:56:09] [WARN] [v0.3.30] CompareEngine: Failed to get hashes for soak_client - Client is not connected
[SYNAPSE] [PM 7:56:09] [INFO] [v0.3.30] CompareEngine: Found 0 differences
[SYNAPSE] [PM 7:56:09] [INFO] [v0.3.30] HarvestSession state change: Comparing -> Approving
[SYNAPSE] [PM 7:56:09] [INFO] [v0.3.30] HarvestSession state change: Approving -> Executing
[SYNAPSE] [PM 7:56:09] [INFO] [v0.3.30] HarvestSession state change: Executing -> Harvesting
[SYNAPSE] [PM 7:56:09] [INFO] [v0.3.30] Harvest starting: Processing 1 approved files
[SYNAPSE] [PM 7:56:09] [WARN] [v0.3.30] Harvest rejected: Invalid clientUsername format 'undefined'
[SYNAPSE] [PM 7:56:09] [INFO] [v0.3.30] Harvest complete: 0 files, 0 folders
[SYNAPSE] [PM 7:56:09] [WARN] [v0.3.30] HarvestSession transition failed: expected Executing, current is Harvesting
[SYNAPSE] [PM 7:56:09] [INFO] [v0.3.30] HarvestSession state change: Harvesting -> Unlocked
[SYNAPSE] [PM 7:56:39] [INFO] [v0.3.30] HarvestSession state change: Unlocked -> Locked
[SYNAPSE] [PM 7:56:39] [INFO] [v0.3.30] HarvestSession state change: Locked -> Comparing
[SYNAPSE] [PM 7:56:39] [WARN] [v0.3.30] CompareEngine: Failed to get hashes for soak_client - Client is not connected
[SYNAPSE] [PM 7:56:39] [INFO] [v0.3.30] CompareEngine: Found 0 differences
[SYNAPSE] [PM 7:56:39] [INFO] [v0.3.30] HarvestSession state change: Comparing -> Approving
[SYNAPSE] [PM 7:56:39] [INFO] [v0.3.30] HarvestSession state change: Approving -> Executing
[SYNAPSE] [PM 7:56:39] [INFO] [v0.3.30] HarvestSession state change: Executing -> Harvesting
[SYNAPSE] [PM 7:56:39] [INFO] [v0.3.30] Harvest starting: Processing 1 approved files
[SYNAPSE] [PM 7:56:39] [WARN] [v0.3.30] Harvest rejected: Invalid clientUsername format 'undefined'
[SYNAPSE] [PM 7:56:39] [INFO] [v0.3.30] Harvest complete: 0 files, 0 folders
[SYNAPSE] [PM 7:56:39] [WARN] [v0.3.30] HarvestSession transition failed: expected Executing, current is Harvesting
[SYNAPSE] [PM 7:56:39] [INFO] [v0.3.30] HarvestSession state change: Harvesting -> Unlocked
SyntaxError: Unexpected token 'n', "null" is not valid JSON
    at JSON.parse (<anonymous>)
    at createStrictSyntaxError (/home/dogsinatas/TypeScript_project/antigravity-extension-vis/node_modules/body-parser/lib/types/json.js:109:10)
    at parse (/home/dogsinatas/TypeScript_project/antigravity-extension-vis/node_modules/body-parser/lib/types/json.js:66:15)
    at /home/dogsinatas/TypeScript_project/antigravity-extension-vis/node_modules/body-parser/lib/read.js:162:18
    at AsyncResource.runInAsyncScope (node:async_hooks:227:14)
    at invokeCallback (/home/dogsinatas/TypeScript_project/antigravity-extension-vis/node_modules/raw-body/index.js:238:16)
    at done (/home/dogsinatas/TypeScript_project/antigravity-extension-vis/node_modules/raw-body/index.js:227:7)
    at IncomingMessage.onEnd (/home/dogsinatas/TypeScript_project/antigravity-extension-vis/node_modules/raw-body/index.js:287:7)
    at IncomingMessage.emit (node:events:509:28)
    at IncomingMessage.emit (node:domain:489:12)
[SYNAPSE] [PM 7:57:09] [INFO] [v0.3.30] HarvestSession state change: Unlocked -> Locked
[SYNAPSE] [PM 7:57:09] [INFO] [v0.3.30] HarvestSession state change: Locked -> Comparing
[SYNAPSE] [PM 7:57:09] [WARN] [v0.3.30] CompareEngine: Failed to get hashes for soak_client - Client is not connected
[SYNAPSE] [PM 7:57:09] [INFO] [v0.3.30] CompareEngine: Found 0 differences
[SYNAPSE] [PM 7:57:09] [INFO] [v0.3.30] HarvestSession state change: Comparing -> Approving
[SYNAPSE] [PM 7:57:09] [INFO] [v0.3.30] HarvestSession state change: Approving -> Executing
[SYNAPSE] [PM 7:57:09] [INFO] [v0.3.30] HarvestSession state change: Executing -> Harvesting
[SYNAPSE] [PM 7:57:09] [INFO] [v0.3.30] Harvest starting: Processing 1 approved files
[SYNAPSE] [PM 7:57:09] [WARN] [v0.3.30] Harvest rejected: Invalid clientUsername format 'undefined'
[SYNAPSE] [PM 7:57:09] [INFO] [v0.3.30] Harvest complete: 0 files, 0 folders
[SYNAPSE] [PM 7:57:09] [WARN] [v0.3.30] HarvestSession transition failed: expected Executing, current is Harvesting
[SYNAPSE] [PM 7:57:09] [INFO] [v0.3.30] HarvestSession state change: Harvesting -> Unlocked
[SYNAPSE] [PM 7:57:39] [INFO] [v0.3.30] HarvestSession state change: Unlocked -> Locked
[SYNAPSE] [PM 7:57:39] [INFO] [v0.3.30] HarvestSession state change: Locked -> Comparing
[SYNAPSE] [PM 7:57:39] [WARN] [v0.3.30] CompareEngine: Failed to get hashes for soak_client - Client is not connected
[SYNAPSE] [PM 7:57:39] [INFO] [v0.3.30] CompareEngine: Found 0 differences
[SYNAPSE] [PM 7:57:39] [INFO] [v0.3.30] HarvestSession state change: Comparing -> Approving
[SYNAPSE] [PM 7:57:39] [INFO] [v0.3.30] HarvestSession state change: Approving -> Executing
[SYNAPSE] [PM 7:57:39] [INFO] [v0.3.30] HarvestSession state change: Executing -> Harvesting
[SYNAPSE] [PM 7:57:39] [INFO] [v0.3.30] Harvest starting: Processing 1 approved files
[SYNAPSE] [PM 7:57:39] [WARN] [v0.3.30] Harvest rejected: Invalid clientUsername format 'undefined'
[SYNAPSE] [PM 7:57:39] [INFO] [v0.3.30] Harvest complete: 0 files, 0 folders
[SYNAPSE] [PM 7:57:39] [WARN] [v0.3.30] HarvestSession transition failed: expected Executing, current is Harvesting
[SYNAPSE] [PM 7:57:39] [INFO] [v0.3.30] HarvestSession state change: Harvesting -> Unlocked
SyntaxError: Unexpected token 'n', "null" is not valid JSON
    at JSON.parse (<anonymous>)
    at createStrictSyntaxError (/home/dogsinatas/TypeScript_project/antigravity-extension-vis/node_modules/body-parser/lib/types/json.js:109:10)
    at parse (/home/dogsinatas/TypeScript_project/antigravity-extension-vis/node_modules/body-parser/lib/types/json.js:66:15)
    at /home/dogsinatas/TypeScript_project/antigravity-extension-vis/node_modules/body-parser/lib/read.js:162:18
    at AsyncResource.runInAsyncScope (node:async_hooks:227:14)
    at invokeCallback (/home/dogsinatas/TypeScript_project/antigravity-extension-vis/node_modules/raw-body/index.js:238:16)
    at done (/home/dogsinatas/TypeScript_project/antigravity-extension-vis/node_modules/raw-body/index.js:227:7)
    at IncomingMessage.onEnd (/home/dogsinatas/TypeScript_project/antigravity-extension-vis/node_modules/raw-body/index.js:287:7)
    at IncomingMessage.emit (node:events:509:28)
    at IncomingMessage.emit (node:domain:489:12)
[SYNAPSE] [PM 7:58:09] [INFO] [v0.3.30] HarvestSession state change: Unlocked -> Locked
[SYNAPSE] [PM 7:58:09] [INFO] [v0.3.30] HarvestSession state change: Locked -> Comparing
[SYNAPSE] [PM 7:58:09] [WARN] [v0.3.30] CompareEngine: Failed to get hashes for soak_client - Client is not connected
[SYNAPSE] [PM 7:58:09] [INFO] [v0.3.30] CompareEngine: Found 0 differences
[SYNAPSE] [PM 7:58:09] [INFO] [v0.3.30] HarvestSession state change: Comparing -> Approving
[SYNAPSE] [PM 7:58:09] [INFO] [v0.3.30] HarvestSession state change: Approving -> Executing
[SYNAPSE] [PM 7:58:09] [INFO] [v0.3.30] HarvestSession state change: Executing -> Harvesting
[SYNAPSE] [PM 7:58:09] [INFO] [v0.3.30] Harvest starting: Processing 1 approved files
[SYNAPSE] [PM 7:58:09] [WARN] [v0.3.30] Harvest rejected: Invalid clientUsername format 'undefined'
[SYNAPSE] [PM 7:58:09] [INFO] [v0.3.30] Harvest complete: 0 files, 0 folders
[SYNAPSE] [PM 7:58:09] [WARN] [v0.3.30] HarvestSession transition failed: expected Executing, current is Harvesting
[SYNAPSE] [PM 7:58:09] [INFO] [v0.3.30] HarvestSession state change: Harvesting -> Unlocked
[SYNAPSE] [PM 7:58:39] [INFO] [v0.3.30] HarvestSession state change: Unlocked -> Locked
[SYNAPSE] [PM 7:58:39] [INFO] [v0.3.30] HarvestSession state change: Locked -> Comparing
[SYNAPSE] [PM 7:58:39] [WARN] [v0.3.30] CompareEngine: Failed to get hashes for soak_client - Client is not connected
[SYNAPSE] [PM 7:58:39] [INFO] [v0.3.30] CompareEngine: Found 0 differences
[SYNAPSE] [PM 7:58:39] [INFO] [v0.3.30] HarvestSession state change: Comparing -> Approving
[SYNAPSE] [PM 7:58:39] [INFO] [v0.3.30] HarvestSession state change: Approving -> Executing
[SYNAPSE] [PM 7:58:39] [INFO] [v0.3.30] HarvestSession state change: Executing -> Harvesting
[SYNAPSE] [PM 7:58:39] [INFO] [v0.3.30] Harvest starting: Processing 1 approved files
[SYNAPSE] [PM 7:58:39] [WARN] [v0.3.30] Harvest rejected: Invalid clientUsername format 'undefined'
[SYNAPSE] [PM 7:58:39] [INFO] [v0.3.30] Harvest complete: 0 files, 0 folders
[SYNAPSE] [PM 7:58:39] [WARN] [v0.3.30] HarvestSession transition failed: expected Executing, current is Harvesting
[SYNAPSE] [PM 7:58:39] [INFO] [v0.3.30] HarvestSession state change: Harvesting -> Unlocked
SyntaxError: Unexpected token 'n', "null" is not valid JSON
    at JSON.parse (<anonymous>)
    at createStrictSyntaxError (/home/dogsinatas/TypeScript_project/antigravity-extension-vis/node_modules/body-parser/lib/types/json.js:109:10)
    at parse (/home/dogsinatas/TypeScript_project/antigravity-extension-vis/node_modules/body-parser/lib/types/json.js:66:15)
    at /home/dogsinatas/TypeScript_project/antigravity-extension-vis/node_modules/body-parser/lib/read.js:162:18
    at AsyncResource.runInAsyncScope (node:async_hooks:227:14)
    at invokeCallback (/home/dogsinatas/TypeScript_project/antigravity-extension-vis/node_modules/raw-body/index.js:238:16)
    at done (/home/dogsinatas/TypeScript_project/antigravity-extension-vis/node_modules/raw-body/index.js:227:7)
    at IncomingMessage.onEnd (/home/dogsinatas/TypeScript_project/antigravity-extension-vis/node_modules/raw-body/index.js:287:7)
    at IncomingMessage.emit (node:events:509:28)
    at IncomingMessage.emit (node:domain:489:12)
[SYNAPSE] [PM 7:59:09] [INFO] [v0.3.30] HarvestSession state change: Unlocked -> Locked
[SYNAPSE] [PM 7:59:09] [INFO] [v0.3.30] HarvestSession state change: Locked -> Comparing
[SYNAPSE] [PM 7:59:09] [WARN] [v0.3.30] CompareEngine: Failed to get hashes for soak_client - Client is not connected
[SYNAPSE] [PM 7:59:09] [INFO] [v0.3.30] CompareEngine: Found 0 differences
[SYNAPSE] [PM 7:59:09] [INFO] [v0.3.30] HarvestSession state change: Comparing -> Approving
[SYNAPSE] [PM 7:59:09] [INFO] [v0.3.30] HarvestSession state change: Approving -> Executing
[SYNAPSE] [PM 7:59:09] [INFO] [v0.3.30] HarvestSession state change: Executing -> Harvesting
[SYNAPSE] [PM 7:59:09] [INFO] [v0.3.30] Harvest starting: Processing 1 approved files
[SYNAPSE] [PM 7:59:09] [WARN] [v0.3.30] Harvest rejected: Invalid clientUsername format 'undefined'
[SYNAPSE] [PM 7:59:09] [INFO] [v0.3.30] Harvest complete: 0 files, 0 folders
[SYNAPSE] [PM 7:59:09] [WARN] [v0.3.30] HarvestSession transition failed: expected Executing, current is Harvesting
[SYNAPSE] [PM 7:59:09] [INFO] [v0.3.30] HarvestSession state change: Harvesting -> Unlocked
[SYNAPSE] [PM 7:59:39] [INFO] [v0.3.30] HarvestSession state change: Unlocked -> Locked
[SYNAPSE] [PM 7:59:39] [INFO] [v0.3.30] HarvestSession state change: Locked -> Comparing
[SYNAPSE] [PM 7:59:39] [WARN] [v0.3.30] CompareEngine: Failed to get hashes for soak_client - Client is not connected
[SYNAPSE] [PM 7:59:39] [INFO] [v0.3.30] CompareEngine: Found 0 differences
[SYNAPSE] [PM 7:59:39] [INFO] [v0.3.30] HarvestSession state change: Comparing -> Approving
[SYNAPSE] [PM 7:59:39] [INFO] [v0.3.30] HarvestSession state change: Approving -> Executing
[SYNAPSE] [PM 7:59:39] [INFO] [v0.3.30] HarvestSession state change: Executing -> Harvesting
[SYNAPSE] [PM 7:59:39] [INFO] [v0.3.30] Harvest starting: Processing 1 approved files
[SYNAPSE] [PM 7:59:39] [WARN] [v0.3.30] Harvest rejected: Invalid clientUsername format 'undefined'
[SYNAPSE] [PM 7:59:39] [INFO] [v0.3.30] Harvest complete: 0 files, 0 folders
[SYNAPSE] [PM 7:59:39] [WARN] [v0.3.30] HarvestSession transition failed: expected Executing, current is Harvesting
[SYNAPSE] [PM 7:59:39] [INFO] [v0.3.30] HarvestSession state change: Harvesting -> Unlocked
SyntaxError: Unexpected token 'n', "null" is not valid JSON
    at JSON.parse (<anonymous>)
    at createStrictSyntaxError (/home/dogsinatas/TypeScript_project/antigravity-extension-vis/node_modules/body-parser/lib/types/json.js:109:10)
    at parse (/home/dogsinatas/TypeScript_project/antigravity-extension-vis/node_modules/body-parser/lib/types/json.js:66:15)
    at /home/dogsinatas/TypeScript_project/antigravity-extension-vis/node_modules/body-parser/lib/read.js:162:18
    at AsyncResource.runInAsyncScope (node:async_hooks:227:14)
    at invokeCallback (/home/dogsinatas/TypeScript_project/antigravity-extension-vis/node_modules/raw-body/index.js:238:16)
    at done (/home/dogsinatas/TypeScript_project/antigravity-extension-vis/node_modules/raw-body/index.js:227:7)
    at IncomingMessage.onEnd (/home/dogsinatas/TypeScript_project/antigravity-extension-vis/node_modules/raw-body/index.js:287:7)
    at IncomingMessage.emit (node:events:509:28)
    at IncomingMessage.emit (node:domain:489:12)
[SYNAPSE] [PM 8:00:09] [INFO] [v0.3.30] HarvestSession state change: Unlocked -> Locked
[SYNAPSE] [PM 8:00:09] [INFO] [v0.3.30] HarvestSession state change: Locked -> Comparing
[SYNAPSE] [PM 8:00:09] [WARN] [v0.3.30] CompareEngine: Failed to get hashes for soak_client - Client is not connected
[SYNAPSE] [PM 8:00:09] [INFO] [v0.3.30] CompareEngine: Found 0 differences
[SYNAPSE] [PM 8:00:09] [INFO] [v0.3.30] HarvestSession state change: Comparing -> Approving
[SYNAPSE] [PM 8:00:09] [INFO] [v0.3.30] HarvestSession state change: Approving -> Executing
[SYNAPSE] [PM 8:00:09] [INFO] [v0.3.30] HarvestSession state change: Executing -> Harvesting
[SYNAPSE] [PM 8:00:09] [INFO] [v0.3.30] Harvest starting: Processing 1 approved files
[SYNAPSE] [PM 8:00:09] [WARN] [v0.3.30] Harvest rejected: Invalid clientUsername format 'undefined'
[SYNAPSE] [PM 8:00:09] [INFO] [v0.3.30] Harvest complete: 0 files, 0 folders
[SYNAPSE] [PM 8:00:09] [WARN] [v0.3.30] HarvestSession transition failed: expected Executing, current is Harvesting
[SYNAPSE] [PM 8:00:09] [INFO] [v0.3.30] HarvestSession state change: Harvesting -> Unlocked
[SYNAPSE] [PM 8:00:39] [INFO] [v0.3.30] HarvestSession state change: Unlocked -> Locked
[SYNAPSE] [PM 8:00:39] [INFO] [v0.3.30] HarvestSession state change: Locked -> Comparing
[SYNAPSE] [PM 8:00:39] [WARN] [v0.3.30] CompareEngine: Failed to get hashes for soak_client - Client is not connected
[SYNAPSE] [PM 8:00:39] [INFO] [v0.3.30] CompareEngine: Found 0 differences
[SYNAPSE] [PM 8:00:39] [INFO] [v0.3.30] HarvestSession state change: Comparing -> Approving
[SYNAPSE] [PM 8:00:39] [INFO] [v0.3.30] HarvestSession state change: Approving -> Executing
[SYNAPSE] [PM 8:00:39] [INFO] [v0.3.30] HarvestSession state change: Executing -> Harvesting
[SYNAPSE] [PM 8:00:39] [INFO] [v0.3.30] Harvest starting: Processing 1 approved files
[SYNAPSE] [PM 8:00:39] [WARN] [v0.3.30] Harvest rejected: Invalid clientUsername format 'undefined'
[SYNAPSE] [PM 8:00:39] [INFO] [v0.3.30] Harvest complete: 0 files, 0 folders
[SYNAPSE] [PM 8:00:39] [WARN] [v0.3.30] HarvestSession transition failed: expected Executing, current is Harvesting
[SYNAPSE] [PM 8:00:39] [INFO] [v0.3.30] HarvestSession state change: Harvesting -> Unlocked
SyntaxError: Unexpected token 'n', "null" is not valid JSON
    at JSON.parse (<anonymous>)
    at createStrictSyntaxError (/home/dogsinatas/TypeScript_project/antigravity-extension-vis/node_modules/body-parser/lib/types/json.js:109:10)
    at parse (/home/dogsinatas/TypeScript_project/antigravity-extension-vis/node_modules/body-parser/lib/types/json.js:66:15)
    at /home/dogsinatas/TypeScript_project/antigravity-extension-vis/node_modules/body-parser/lib/read.js:162:18
    at AsyncResource.runInAsyncScope (node:async_hooks:227:14)
    at invokeCallback (/home/dogsinatas/TypeScript_project/antigravity-extension-vis/node_modules/raw-body/index.js:238:16)
    at done (/home/dogsinatas/TypeScript_project/antigravity-extension-vis/node_modules/raw-body/index.js:227:7)
    at IncomingMessage.onEnd (/home/dogsinatas/TypeScript_project/antigravity-extension-vis/node_modules/raw-body/index.js:287:7)
    at IncomingMessage.emit (node:events:509:28)
    at IncomingMessage.emit (node:domain:489:12)
[SYNAPSE] [PM 8:01:09] [INFO] [v0.3.30] HarvestSession state change: Unlocked -> Locked
[SYNAPSE] [PM 8:01:09] [INFO] [v0.3.30] HarvestSession state change: Locked -> Comparing
[SYNAPSE] [PM 8:01:09] [WARN] [v0.3.30] CompareEngine: Failed to get hashes for soak_client - Client is not connected
[SYNAPSE] [PM 8:01:09] [INFO] [v0.3.30] CompareEngine: Found 0 differences
[SYNAPSE] [PM 8:01:09] [INFO] [v0.3.30] HarvestSession state change: Comparing -> Approving
[SYNAPSE] [PM 8:01:09] [INFO] [v0.3.30] HarvestSession state change: Approving -> Executing
[SYNAPSE] [PM 8:01:09] [INFO] [v0.3.30] HarvestSession state change: Executing -> Harvesting
[SYNAPSE] [PM 8:01:09] [INFO] [v0.3.30] Harvest starting: Processing 1 approved files
[SYNAPSE] [PM 8:01:09] [WARN] [v0.3.30] Harvest rejected: Invalid clientUsername format 'undefined'
[SYNAPSE] [PM 8:01:09] [INFO] [v0.3.30] Harvest complete: 0 files, 0 folders
[SYNAPSE] [PM 8:01:09] [WARN] [v0.3.30] HarvestSession transition failed: expected Executing, current is Harvesting
[SYNAPSE] [PM 8:01:09] [INFO] [v0.3.30] HarvestSession state change: Harvesting -> Unlocked
[SYNAPSE] [PM 8:01:39] [INFO] [v0.3.30] HarvestSession state change: Unlocked -> Locked
[SYNAPSE] [PM 8:01:39] [INFO] [v0.3.30] HarvestSession state change: Locked -> Comparing
[SYNAPSE] [PM 8:01:39] [WARN] [v0.3.30] CompareEngine: Failed to get hashes for soak_client - Client is not connected
[SYNAPSE] [PM 8:01:39] [INFO] [v0.3.30] CompareEngine: Found 0 differences
[SYNAPSE] [PM 8:01:39] [INFO] [v0.3.30] HarvestSession state change: Comparing -> Approving
[SYNAPSE] [PM 8:01:39] [INFO] [v0.3.30] HarvestSession state change: Approving -> Executing
[SYNAPSE] [PM 8:01:39] [INFO] [v0.3.30] HarvestSession state change: Executing -> Harvesting
[SYNAPSE] [PM 8:01:39] [INFO] [v0.3.30] Harvest starting: Processing 1 approved files
[SYNAPSE] [PM 8:01:39] [WARN] [v0.3.30] Harvest rejected: Invalid clientUsername format 'undefined'
[SYNAPSE] [PM 8:01:39] [INFO] [v0.3.30] Harvest complete: 0 files, 0 folders
[SYNAPSE] [PM 8:01:39] [WARN] [v0.3.30] HarvestSession transition failed: expected Executing, current is Harvesting
[SYNAPSE] [PM 8:01:39] [INFO] [v0.3.30] HarvestSession state change: Harvesting -> Unlocked
SyntaxError: Unexpected token 'n', "null" is not valid JSON
    at JSON.parse (<anonymous>)
    at createStrictSyntaxError (/home/dogsinatas/TypeScript_project/antigravity-extension-vis/node_modules/body-parser/lib/types/json.js:109:10)
    at parse (/home/dogsinatas/TypeScript_project/antigravity-extension-vis/node_modules/body-parser/lib/types/json.js:66:15)
    at /home/dogsinatas/TypeScript_project/antigravity-extension-vis/node_modules/body-parser/lib/read.js:162:18
    at AsyncResource.runInAsyncScope (node:async_hooks:227:14)
    at invokeCallback (/home/dogsinatas/TypeScript_project/antigravity-extension-vis/node_modules/raw-body/index.js:238:16)
    at done (/home/dogsinatas/TypeScript_project/antigravity-extension-vis/node_modules/raw-body/index.js:227:7)
    at IncomingMessage.onEnd (/home/dogsinatas/TypeScript_project/antigravity-extension-vis/node_modules/raw-body/index.js:287:7)
    at IncomingMessage.emit (node:events:509:28)
    at IncomingMessage.emit (node:domain:489:12)
[SYNAPSE] [PM 8:02:09] [INFO] [v0.3.30] HarvestSession state change: Unlocked -> Locked
[SYNAPSE] [PM 8:02:09] [INFO] [v0.3.30] HarvestSession state change: Locked -> Comparing
[SYNAPSE] [PM 8:02:09] [WARN] [v0.3.30] CompareEngine: Failed to get hashes for soak_client - Client is not connected
[SYNAPSE] [PM 8:02:09] [INFO] [v0.3.30] CompareEngine: Found 0 differences
[SYNAPSE] [PM 8:02:09] [INFO] [v0.3.30] HarvestSession state change: Comparing -> Approving
[SYNAPSE] [PM 8:02:09] [INFO] [v0.3.30] HarvestSession state change: Approving -> Executing
[SYNAPSE] [PM 8:02:09] [INFO] [v0.3.30] HarvestSession state change: Executing -> Harvesting
[SYNAPSE] [PM 8:02:09] [INFO] [v0.3.30] Harvest starting: Processing 1 approved files
[SYNAPSE] [PM 8:02:09] [WARN] [v0.3.30] Harvest rejected: Invalid clientUsername format 'undefined'
[SYNAPSE] [PM 8:02:09] [INFO] [v0.3.30] Harvest complete: 0 files, 0 folders
[SYNAPSE] [PM 8:02:09] [WARN] [v0.3.30] HarvestSession transition failed: expected Executing, current is Harvesting
[SYNAPSE] [PM 8:02:09] [INFO] [v0.3.30] HarvestSession state change: Harvesting -> Unlocked
[SYNAPSE] [PM 8:02:39] [INFO] [v0.3.30] HarvestSession state change: Unlocked -> Locked
[SYNAPSE] [PM 8:02:39] [INFO] [v0.3.30] HarvestSession state change: Locked -> Comparing
[SYNAPSE] [PM 8:02:39] [WARN] [v0.3.30] CompareEngine: Failed to get hashes for soak_client - Client is not connected
[SYNAPSE] [PM 8:02:39] [INFO] [v0.3.30] CompareEngine: Found 0 differences
[SYNAPSE] [PM 8:02:39] [INFO] [v0.3.30] HarvestSession state change: Comparing -> Approving
[SYNAPSE] [PM 8:02:39] [INFO] [v0.3.30] HarvestSession state change: Approving -> Executing
[SYNAPSE] [PM 8:02:39] [INFO] [v0.3.30] HarvestSession state change: Executing -> Harvesting
[SYNAPSE] [PM 8:02:39] [INFO] [v0.3.30] Harvest starting: Processing 1 approved files
[SYNAPSE] [PM 8:02:39] [WARN] [v0.3.30] Harvest rejected: Invalid clientUsername format 'undefined'
[SYNAPSE] [PM 8:02:39] [INFO] [v0.3.30] Harvest complete: 0 files, 0 folders
[SYNAPSE] [PM 8:02:39] [WARN] [v0.3.30] HarvestSession transition failed: expected Executing, current is Harvesting
[SYNAPSE] [PM 8:02:39] [INFO] [v0.3.30] HarvestSession state change: Harvesting -> Unlocked
SyntaxError: Unexpected token 'n', "null" is not valid JSON
    at JSON.parse (<anonymous>)
    at createStrictSyntaxError (/home/dogsinatas/TypeScript_project/antigravity-extension-vis/node_modules/body-parser/lib/types/json.js:109:10)
    at parse (/home/dogsinatas/TypeScript_project/antigravity-extension-vis/node_modules/body-parser/lib/types/json.js:66:15)
    at /home/dogsinatas/TypeScript_project/antigravity-extension-vis/node_modules/body-parser/lib/read.js:162:18
    at AsyncResource.runInAsyncScope (node:async_hooks:227:14)
    at invokeCallback (/home/dogsinatas/TypeScript_project/antigravity-extension-vis/node_modules/raw-body/index.js:238:16)
    at done (/home/dogsinatas/TypeScript_project/antigravity-extension-vis/node_modules/raw-body/index.js:227:7)
    at IncomingMessage.onEnd (/home/dogsinatas/TypeScript_project/antigravity-extension-vis/node_modules/raw-body/index.js:287:7)
    at IncomingMessage.emit (node:events:509:28)
    at IncomingMessage.emit (node:domain:489:12)
[SYNAPSE] [PM 8:03:09] [INFO] [v0.3.30] HarvestSession state change: Unlocked -> Locked
[SYNAPSE] [PM 8:03:09] [INFO] [v0.3.30] HarvestSession state change: Locked -> Comparing
[SYNAPSE] [PM 8:03:09] [WARN] [v0.3.30] CompareEngine: Failed to get hashes for soak_client - Client is not connected
[SYNAPSE] [PM 8:03:09] [INFO] [v0.3.30] CompareEngine: Found 0 differences
[SYNAPSE] [PM 8:03:09] [INFO] [v0.3.30] HarvestSession state change: Comparing -> Approving
[SYNAPSE] [PM 8:03:09] [INFO] [v0.3.30] HarvestSession state change: Approving -> Executing
[SYNAPSE] [PM 8:03:09] [INFO] [v0.3.30] HarvestSession state change: Executing -> Harvesting
[SYNAPSE] [PM 8:03:09] [INFO] [v0.3.30] Harvest starting: Processing 1 approved files
[SYNAPSE] [PM 8:03:09] [WARN] [v0.3.30] Harvest rejected: Invalid clientUsername format 'undefined'
[SYNAPSE] [PM 8:03:09] [INFO] [v0.3.30] Harvest complete: 0 files, 0 folders
[SYNAPSE] [PM 8:03:09] [WARN] [v0.3.30] HarvestSession transition failed: expected Executing, current is Harvesting
[SYNAPSE] [PM 8:03:09] [INFO] [v0.3.30] HarvestSession state change: Harvesting -> Unlocked
[SYNAPSE] [PM 8:03:39] [INFO] [v0.3.30] HarvestSession state change: Unlocked -> Locked
[SYNAPSE] [PM 8:03:39] [INFO] [v0.3.30] HarvestSession state change: Locked -> Comparing
[SYNAPSE] [PM 8:03:39] [WARN] [v0.3.30] CompareEngine: Failed to get hashes for soak_client - Client is not connected
[SYNAPSE] [PM 8:03:39] [INFO] [v0.3.30] CompareEngine: Found 0 differences
[SYNAPSE] [PM 8:03:39] [INFO] [v0.3.30] HarvestSession state change: Comparing -> Approving
[SYNAPSE] [PM 8:03:39] [INFO] [v0.3.30] HarvestSession state change: Approving -> Executing
[SYNAPSE] [PM 8:03:39] [INFO] [v0.3.30] HarvestSession state change: Executing -> Harvesting
[SYNAPSE] [PM 8:03:39] [INFO] [v0.3.30] Harvest starting: Processing 1 approved files
[SYNAPSE] [PM 8:03:39] [WARN] [v0.3.30] Harvest rejected: Invalid clientUsername format 'undefined'
[SYNAPSE] [PM 8:03:39] [INFO] [v0.3.30] Harvest complete: 0 files, 0 folders
[SYNAPSE] [PM 8:03:39] [WARN] [v0.3.30] HarvestSession transition failed: expected Executing, current is Harvesting
[SYNAPSE] [PM 8:03:39] [INFO] [v0.3.30] HarvestSession state change: Harvesting -> Unlocked
SyntaxError: Unexpected token 'n', "null" is not valid JSON
    at JSON.parse (<anonymous>)
    at createStrictSyntaxError (/home/dogsinatas/TypeScript_project/antigravity-extension-vis/node_modules/body-parser/lib/types/json.js:109:10)
    at parse (/home/dogsinatas/TypeScript_project/antigravity-extension-vis/node_modules/body-parser/lib/types/json.js:66:15)
    at /home/dogsinatas/TypeScript_project/antigravity-extension-vis/node_modules/body-parser/lib/read.js:162:18
    at AsyncResource.runInAsyncScope (node:async_hooks:227:14)
    at invokeCallback (/home/dogsinatas/TypeScript_project/antigravity-extension-vis/node_modules/raw-body/index.js:238:16)
    at done (/home/dogsinatas/TypeScript_project/antigravity-extension-vis/node_modules/raw-body/index.js:227:7)
    at IncomingMessage.onEnd (/home/dogsinatas/TypeScript_project/antigravity-extension-vis/node_modules/raw-body/index.js:287:7)
    at IncomingMessage.emit (node:events:509:28)
    at IncomingMessage.emit (node:domain:489:12)
[SYNAPSE] [PM 8:04:09] [INFO] [v0.3.30] HarvestSession state change: Unlocked -> Locked
[SYNAPSE] [PM 8:04:09] [INFO] [v0.3.30] HarvestSession state change: Locked -> Comparing
[SYNAPSE] [PM 8:04:09] [WARN] [v0.3.30] CompareEngine: Failed to get hashes for soak_client - Client is not connected
[SYNAPSE] [PM 8:04:09] [INFO] [v0.3.30] CompareEngine: Found 0 differences
[SYNAPSE] [PM 8:04:09] [INFO] [v0.3.30] HarvestSession state change: Comparing -> Approving
[SYNAPSE] [PM 8:04:09] [INFO] [v0.3.30] HarvestSession state change: Approving -> Executing
[SYNAPSE] [PM 8:04:09] [INFO] [v0.3.30] HarvestSession state change: Executing -> Harvesting
[SYNAPSE] [PM 8:04:09] [INFO] [v0.3.30] Harvest starting: Processing 1 approved files
[SYNAPSE] [PM 8:04:09] [WARN] [v0.3.30] Harvest rejected: Invalid clientUsername format 'undefined'
[SYNAPSE] [PM 8:04:09] [INFO] [v0.3.30] Harvest complete: 0 files, 0 folders
[SYNAPSE] [PM 8:04:09] [WARN] [v0.3.30] HarvestSession transition failed: expected Executing, current is Harvesting
[SYNAPSE] [PM 8:04:09] [INFO] [v0.3.30] HarvestSession state change: Harvesting -> Unlocked
[SYNAPSE] [PM 8:04:39] [INFO] [v0.3.30] HarvestSession state change: Unlocked -> Locked
[SYNAPSE] [PM 8:04:39] [INFO] [v0.3.30] HarvestSession state change: Locked -> Comparing
[SYNAPSE] [PM 8:04:39] [WARN] [v0.3.30] CompareEngine: Failed to get hashes for soak_client - Client is not connected
[SYNAPSE] [PM 8:04:39] [INFO] [v0.3.30] CompareEngine: Found 0 differences
[SYNAPSE] [PM 8:04:39] [INFO] [v0.3.30] HarvestSession state change: Comparing -> Approving
[SYNAPSE] [PM 8:04:39] [INFO] [v0.3.30] HarvestSession state change: Approving -> Executing
[SYNAPSE] [PM 8:04:39] [INFO] [v0.3.30] HarvestSession state change: Executing -> Harvesting
[SYNAPSE] [PM 8:04:39] [INFO] [v0.3.30] Harvest starting: Processing 1 approved files
[SYNAPSE] [PM 8:04:39] [WARN] [v0.3.30] Harvest rejected: Invalid clientUsername format 'undefined'
[SYNAPSE] [PM 8:04:39] [INFO] [v0.3.30] Harvest complete: 0 files, 0 folders
[SYNAPSE] [PM 8:04:39] [WARN] [v0.3.30] HarvestSession transition failed: expected Executing, current is Harvesting
[SYNAPSE] [PM 8:04:39] [INFO] [v0.3.30] HarvestSession state change: Harvesting -> Unlocked
SyntaxError: Unexpected token 'n', "null" is not valid JSON
    at JSON.parse (<anonymous>)
    at createStrictSyntaxError (/home/dogsinatas/TypeScript_project/antigravity-extension-vis/node_modules/body-parser/lib/types/json.js:109:10)
    at parse (/home/dogsinatas/TypeScript_project/antigravity-extension-vis/node_modules/body-parser/lib/types/json.js:66:15)
    at /home/dogsinatas/TypeScript_project/antigravity-extension-vis/node_modules/body-parser/lib/read.js:162:18
    at AsyncResource.runInAsyncScope (node:async_hooks:227:14)
    at invokeCallback (/home/dogsinatas/TypeScript_project/antigravity-extension-vis/node_modules/raw-body/index.js:238:16)
    at done (/home/dogsinatas/TypeScript_project/antigravity-extension-vis/node_modules/raw-body/index.js:227:7)
    at IncomingMessage.onEnd (/home/dogsinatas/TypeScript_project/antigravity-extension-vis/node_modules/raw-body/index.js:287:7)
    at IncomingMessage.emit (node:events:509:28)
    at IncomingMessage.emit (node:domain:489:12)
[SYNAPSE] [PM 8:05:09] [INFO] [v0.3.30] HarvestSession state change: Unlocked -> Locked
[SYNAPSE] [PM 8:05:09] [INFO] [v0.3.30] HarvestSession state change: Locked -> Comparing
[SYNAPSE] [PM 8:05:09] [WARN] [v0.3.30] CompareEngine: Failed to get hashes for soak_client - Client is not connected
[SYNAPSE] [PM 8:05:09] [INFO] [v0.3.30] CompareEngine: Found 0 differences
[SYNAPSE] [PM 8:05:09] [INFO] [v0.3.30] HarvestSession state change: Comparing -> Approving
[SYNAPSE] [PM 8:05:09] [INFO] [v0.3.30] HarvestSession state change: Approving -> Executing
[SYNAPSE] [PM 8:05:09] [INFO] [v0.3.30] HarvestSession state change: Executing -> Harvesting
[SYNAPSE] [PM 8:05:09] [INFO] [v0.3.30] Harvest starting: Processing 1 approved files
[SYNAPSE] [PM 8:05:09] [WARN] [v0.3.30] Harvest rejected: Invalid clientUsername format 'undefined'
[SYNAPSE] [PM 8:05:09] [INFO] [v0.3.30] Harvest complete: 0 files, 0 folders
[SYNAPSE] [PM 8:05:09] [WARN] [v0.3.30] HarvestSession transition failed: expected Executing, current is Harvesting
[SYNAPSE] [PM 8:05:09] [INFO] [v0.3.30] HarvestSession state change: Harvesting -> Unlocked
[SYNAPSE] [PM 8:05:39] [INFO] [v0.3.30] HarvestSession state change: Unlocked -> Locked
[SYNAPSE] [PM 8:05:39] [INFO] [v0.3.30] HarvestSession state change: Locked -> Comparing
[SYNAPSE] [PM 8:05:39] [WARN] [v0.3.30] CompareEngine: Failed to get hashes for soak_client - Client is not connected
[SYNAPSE] [PM 8:05:39] [INFO] [v0.3.30] CompareEngine: Found 0 differences
[SYNAPSE] [PM 8:05:39] [INFO] [v0.3.30] HarvestSession state change: Comparing -> Approving
[SYNAPSE] [PM 8:05:39] [INFO] [v0.3.30] HarvestSession state change: Approving -> Executing
[SYNAPSE] [PM 8:05:39] [INFO] [v0.3.30] HarvestSession state change: Executing -> Harvesting
[SYNAPSE] [PM 8:05:39] [INFO] [v0.3.30] Harvest starting: Processing 1 approved files
[SYNAPSE] [PM 8:05:39] [WARN] [v0.3.30] Harvest rejected: Invalid clientUsername format 'undefined'
[SYNAPSE] [PM 8:05:39] [INFO] [v0.3.30] Harvest complete: 0 files, 0 folders
[SYNAPSE] [PM 8:05:39] [WARN] [v0.3.30] HarvestSession transition failed: expected Executing, current is Harvesting
[SYNAPSE] [PM 8:05:39] [INFO] [v0.3.30] HarvestSession state change: Harvesting -> Unlocked
SyntaxError: Unexpected token 'n', "null" is not valid JSON
    at JSON.parse (<anonymous>)
    at createStrictSyntaxError (/home/dogsinatas/TypeScript_project/antigravity-extension-vis/node_modules/body-parser/lib/types/json.js:109:10)
    at parse (/home/dogsinatas/TypeScript_project/antigravity-extension-vis/node_modules/body-parser/lib/types/json.js:66:15)
    at /home/dogsinatas/TypeScript_project/antigravity-extension-vis/node_modules/body-parser/lib/read.js:162:18
    at AsyncResource.runInAsyncScope (node:async_hooks:227:14)
    at invokeCallback (/home/dogsinatas/TypeScript_project/antigravity-extension-vis/node_modules/raw-body/index.js:238:16)
    at done (/home/dogsinatas/TypeScript_project/antigravity-extension-vis/node_modules/raw-body/index.js:227:7)
    at IncomingMessage.onEnd (/home/dogsinatas/TypeScript_project/antigravity-extension-vis/node_modules/raw-body/index.js:287:7)
    at IncomingMessage.emit (node:events:509:28)
    at IncomingMessage.emit (node:domain:489:12)
[SYNAPSE] [PM 8:06:09] [INFO] [v0.3.30] HarvestSession state change: Unlocked -> Locked
[SYNAPSE] [PM 8:06:09] [INFO] [v0.3.30] HarvestSession state change: Locked -> Comparing
[SYNAPSE] [PM 8:06:09] [WARN] [v0.3.30] CompareEngine: Failed to get hashes for soak_client - Client is not connected
[SYNAPSE] [PM 8:06:09] [INFO] [v0.3.30] CompareEngine: Found 0 differences
[SYNAPSE] [PM 8:06:09] [INFO] [v0.3.30] HarvestSession state change: Comparing -> Approving
[SYNAPSE] [PM 8:06:09] [INFO] [v0.3.30] HarvestSession state change: Approving -> Executing
[SYNAPSE] [PM 8:06:09] [INFO] [v0.3.30] HarvestSession state change: Executing -> Harvesting
[SYNAPSE] [PM 8:06:09] [INFO] [v0.3.30] Harvest starting: Processing 1 approved files
[SYNAPSE] [PM 8:06:09] [WARN] [v0.3.30] Harvest rejected: Invalid clientUsername format 'undefined'
[SYNAPSE] [PM 8:06:09] [INFO] [v0.3.30] Harvest complete: 0 files, 0 folders
[SYNAPSE] [PM 8:06:09] [WARN] [v0.3.30] HarvestSession transition failed: expected Executing, current is Harvesting
[SYNAPSE] [PM 8:06:09] [INFO] [v0.3.30] HarvestSession state change: Harvesting -> Unlocked
[SYNAPSE] [PM 8:06:39] [INFO] [v0.3.30] HarvestSession state change: Unlocked -> Locked
[SYNAPSE] [PM 8:06:39] [INFO] [v0.3.30] HarvestSession state change: Locked -> Comparing
[SYNAPSE] [PM 8:06:39] [WARN] [v0.3.30] CompareEngine: Failed to get hashes for soak_client - Client is not connected
[SYNAPSE] [PM 8:06:39] [INFO] [v0.3.30] CompareEngine: Found 0 differences
[SYNAPSE] [PM 8:06:39] [INFO] [v0.3.30] HarvestSession state change: Comparing -> Approving
[SYNAPSE] [PM 8:06:39] [INFO] [v0.3.30] HarvestSession state change: Approving -> Executing
[SYNAPSE] [PM 8:06:39] [INFO] [v0.3.30] HarvestSession state change: Executing -> Harvesting
[SYNAPSE] [PM 8:06:39] [INFO] [v0.3.30] Harvest starting: Processing 1 approved files
[SYNAPSE] [PM 8:06:39] [WARN] [v0.3.30] Harvest rejected: Invalid clientUsername format 'undefined'
[SYNAPSE] [PM 8:06:39] [INFO] [v0.3.30] Harvest complete: 0 files, 0 folders
[SYNAPSE] [PM 8:06:39] [WARN] [v0.3.30] HarvestSession transition failed: expected Executing, current is Harvesting
[SYNAPSE] [PM 8:06:39] [INFO] [v0.3.30] HarvestSession state change: Harvesting -> Unlocked
SyntaxError: Unexpected token 'n', "null" is not valid JSON
    at JSON.parse (<anonymous>)
    at createStrictSyntaxError (/home/dogsinatas/TypeScript_project/antigravity-extension-vis/node_modules/body-parser/lib/types/json.js:109:10)
    at parse (/home/dogsinatas/TypeScript_project/antigravity-extension-vis/node_modules/body-parser/lib/types/json.js:66:15)
    at /home/dogsinatas/TypeScript_project/antigravity-extension-vis/node_modules/body-parser/lib/read.js:162:18
    at AsyncResource.runInAsyncScope (node:async_hooks:227:14)
    at invokeCallback (/home/dogsinatas/TypeScript_project/antigravity-extension-vis/node_modules/raw-body/index.js:238:16)
    at done (/home/dogsinatas/TypeScript_project/antigravity-extension-vis/node_modules/raw-body/index.js:227:7)
    at IncomingMessage.onEnd (/home/dogsinatas/TypeScript_project/antigravity-extension-vis/node_modules/raw-body/index.js:287:7)
    at IncomingMessage.emit (node:events:509:28)
    at IncomingMessage.emit (node:domain:489:12)
[SYNAPSE] [PM 8:07:09] [INFO] [v0.3.30] HarvestSession state change: Unlocked -> Locked
[SYNAPSE] [PM 8:07:09] [INFO] [v0.3.30] HarvestSession state change: Locked -> Comparing
[SYNAPSE] [PM 8:07:09] [WARN] [v0.3.30] CompareEngine: Failed to get hashes for soak_client - Client is not connected
[SYNAPSE] [PM 8:07:09] [INFO] [v0.3.30] CompareEngine: Found 0 differences
[SYNAPSE] [PM 8:07:09] [INFO] [v0.3.30] HarvestSession state change: Comparing -> Approving
[SYNAPSE] [PM 8:07:09] [INFO] [v0.3.30] HarvestSession state change: Approving -> Executing
[SYNAPSE] [PM 8:07:09] [INFO] [v0.3.30] HarvestSession state change: Executing -> Harvesting
[SYNAPSE] [PM 8:07:09] [INFO] [v0.3.30] Harvest starting: Processing 1 approved files
[SYNAPSE] [PM 8:07:09] [WARN] [v0.3.30] Harvest rejected: Invalid clientUsername format 'undefined'
[SYNAPSE] [PM 8:07:09] [INFO] [v0.3.30] Harvest complete: 0 files, 0 folders
[SYNAPSE] [PM 8:07:09] [WARN] [v0.3.30] HarvestSession transition failed: expected Executing, current is Harvesting
[SYNAPSE] [PM 8:07:09] [INFO] [v0.3.30] HarvestSession state change: Harvesting -> Unlocked
[SYNAPSE] [PM 8:07:39] [INFO] [v0.3.30] HarvestSession state change: Unlocked -> Locked
[SYNAPSE] [PM 8:07:39] [INFO] [v0.3.30] HarvestSession state change: Locked -> Comparing
[SYNAPSE] [PM 8:07:39] [WARN] [v0.3.30] CompareEngine: Failed to get hashes for soak_client - Client is not connected
[SYNAPSE] [PM 8:07:39] [INFO] [v0.3.30] CompareEngine: Found 0 differences
[SYNAPSE] [PM 8:07:39] [INFO] [v0.3.30] HarvestSession state change: Comparing -> Approving
[SYNAPSE] [PM 8:07:39] [INFO] [v0.3.30] HarvestSession state change: Approving -> Executing
[SYNAPSE] [PM 8:07:39] [INFO] [v0.3.30] HarvestSession state change: Executing -> Harvesting
[SYNAPSE] [PM 8:07:39] [INFO] [v0.3.30] Harvest starting: Processing 1 approved files
[SYNAPSE] [PM 8:07:39] [WARN] [v0.3.30] Harvest rejected: Invalid clientUsername format 'undefined'
[SYNAPSE] [PM 8:07:39] [INFO] [v0.3.30] Harvest complete: 0 files, 0 folders
[SYNAPSE] [PM 8:07:39] [WARN] [v0.3.30] HarvestSession transition failed: expected Executing, current is Harvesting
[SYNAPSE] [PM 8:07:39] [INFO] [v0.3.30] HarvestSession state change: Harvesting -> Unlocked
SyntaxError: Unexpected token 'n', "null" is not valid JSON
    at JSON.parse (<anonymous>)
    at createStrictSyntaxError (/home/dogsinatas/TypeScript_project/antigravity-extension-vis/node_modules/body-parser/lib/types/json.js:109:10)
    at parse (/home/dogsinatas/TypeScript_project/antigravity-extension-vis/node_modules/body-parser/lib/types/json.js:66:15)
    at /home/dogsinatas/TypeScript_project/antigravity-extension-vis/node_modules/body-parser/lib/read.js:162:18
    at AsyncResource.runInAsyncScope (node:async_hooks:227:14)
    at invokeCallback (/home/dogsinatas/TypeScript_project/antigravity-extension-vis/node_modules/raw-body/index.js:238:16)
    at done (/home/dogsinatas/TypeScript_project/antigravity-extension-vis/node_modules/raw-body/index.js:227:7)
    at IncomingMessage.onEnd (/home/dogsinatas/TypeScript_project/antigravity-extension-vis/node_modules/raw-body/index.js:287:7)
    at IncomingMessage.emit (node:events:509:28)
    at IncomingMessage.emit (node:domain:489:12)
[SYNAPSE] [PM 8:08:09] [INFO] [v0.3.30] HarvestSession state change: Unlocked -> Locked
[SYNAPSE] [PM 8:08:09] [INFO] [v0.3.30] HarvestSession state change: Locked -> Comparing
[SYNAPSE] [PM 8:08:09] [WARN] [v0.3.30] CompareEngine: Failed to get hashes for soak_client - Client is not connected
[SYNAPSE] [PM 8:08:09] [INFO] [v0.3.30] CompareEngine: Found 0 differences
[SYNAPSE] [PM 8:08:09] [INFO] [v0.3.30] HarvestSession state change: Comparing -> Approving
[SYNAPSE] [PM 8:08:09] [INFO] [v0.3.30] HarvestSession state change: Approving -> Executing
[SYNAPSE] [PM 8:08:09] [INFO] [v0.3.30] HarvestSession state change: Executing -> Harvesting
[SYNAPSE] [PM 8:08:09] [INFO] [v0.3.30] Harvest starting: Processing 1 approved files
[SYNAPSE] [PM 8:08:09] [WARN] [v0.3.30] Harvest rejected: Invalid clientUsername format 'undefined'
[SYNAPSE] [PM 8:08:09] [INFO] [v0.3.30] Harvest complete: 0 files, 0 folders
[SYNAPSE] [PM 8:08:09] [WARN] [v0.3.30] HarvestSession transition failed: expected Executing, current is Harvesting
[SYNAPSE] [PM 8:08:09] [INFO] [v0.3.30] HarvestSession state change: Harvesting -> Unlocked
[SYNAPSE] [PM 8:08:39] [INFO] [v0.3.30] HarvestSession state change: Unlocked -> Locked
[SYNAPSE] [PM 8:08:39] [INFO] [v0.3.30] HarvestSession state change: Locked -> Comparing
[SYNAPSE] [PM 8:08:39] [WARN] [v0.3.30] CompareEngine: Failed to get hashes for soak_client - Client is not connected
[SYNAPSE] [PM 8:08:39] [INFO] [v0.3.30] CompareEngine: Found 0 differences
[SYNAPSE] [PM 8:08:39] [INFO] [v0.3.30] HarvestSession state change: Comparing -> Approving
[SYNAPSE] [PM 8:08:39] [INFO] [v0.3.30] HarvestSession state change: Approving -> Executing
[SYNAPSE] [PM 8:08:39] [INFO] [v0.3.30] HarvestSession state change: Executing -> Harvesting
[SYNAPSE] [PM 8:08:39] [INFO] [v0.3.30] Harvest starting: Processing 1 approved files
[SYNAPSE] [PM 8:08:39] [WARN] [v0.3.30] Harvest rejected: Invalid clientUsername format 'undefined'
[SYNAPSE] [PM 8:08:39] [INFO] [v0.3.30] Harvest complete: 0 files, 0 folders
[SYNAPSE] [PM 8:08:39] [WARN] [v0.3.30] HarvestSession transition failed: expected Executing, current is Harvesting
[SYNAPSE] [PM 8:08:39] [INFO] [v0.3.30] HarvestSession state change: Harvesting -> Unlocked
SyntaxError: Unexpected token 'n', "null" is not valid JSON
    at JSON.parse (<anonymous>)
    at createStrictSyntaxError (/home/dogsinatas/TypeScript_project/antigravity-extension-vis/node_modules/body-parser/lib/types/json.js:109:10)
    at parse (/home/dogsinatas/TypeScript_project/antigravity-extension-vis/node_modules/body-parser/lib/types/json.js:66:15)
    at /home/dogsinatas/TypeScript_project/antigravity-extension-vis/node_modules/body-parser/lib/read.js:162:18
    at AsyncResource.runInAsyncScope (node:async_hooks:227:14)
    at invokeCallback (/home/dogsinatas/TypeScript_project/antigravity-extension-vis/node_modules/raw-body/index.js:238:16)
    at done (/home/dogsinatas/TypeScript_project/antigravity-extension-vis/node_modules/raw-body/index.js:227:7)
    at IncomingMessage.onEnd (/home/dogsinatas/TypeScript_project/antigravity-extension-vis/node_modules/raw-body/index.js:287:7)
    at IncomingMessage.emit (node:events:509:28)
    at IncomingMessage.emit (node:domain:489:12)
[SYNAPSE] [PM 8:09:09] [INFO] [v0.3.30] HarvestSession state change: Unlocked -> Locked
[SYNAPSE] [PM 8:09:09] [INFO] [v0.3.30] HarvestSession state change: Locked -> Comparing
[SYNAPSE] [PM 8:09:09] [WARN] [v0.3.30] CompareEngine: Failed to get hashes for soak_client - Client is not connected
[SYNAPSE] [PM 8:09:09] [INFO] [v0.3.30] CompareEngine: Found 0 differences
[SYNAPSE] [PM 8:09:09] [INFO] [v0.3.30] HarvestSession state change: Comparing -> Approving
[SYNAPSE] [PM 8:09:09] [INFO] [v0.3.30] HarvestSession state change: Approving -> Executing
[SYNAPSE] [PM 8:09:09] [INFO] [v0.3.30] HarvestSession state change: Executing -> Harvesting
[SYNAPSE] [PM 8:09:09] [INFO] [v0.3.30] Harvest starting: Processing 1 approved files
[SYNAPSE] [PM 8:09:09] [WARN] [v0.3.30] Harvest rejected: Invalid clientUsername format 'undefined'
[SYNAPSE] [PM 8:09:09] [INFO] [v0.3.30] Harvest complete: 0 files, 0 folders
[SYNAPSE] [PM 8:09:09] [WARN] [v0.3.30] HarvestSession transition failed: expected Executing, current is Harvesting
[SYNAPSE] [PM 8:09:09] [INFO] [v0.3.30] HarvestSession state change: Harvesting -> Unlocked
[SYNAPSE] [PM 8:09:39] [INFO] [v0.3.30] HarvestSession state change: Unlocked -> Locked
[SYNAPSE] [PM 8:09:39] [INFO] [v0.3.30] HarvestSession state change: Locked -> Comparing
[SYNAPSE] [PM 8:09:39] [WARN] [v0.3.30] CompareEngine: Failed to get hashes for soak_client - Client is not connected
[SYNAPSE] [PM 8:09:39] [INFO] [v0.3.30] CompareEngine: Found 0 differences
[SYNAPSE] [PM 8:09:39] [INFO] [v0.3.30] HarvestSession state change: Comparing -> Approving
[SYNAPSE] [PM 8:09:39] [INFO] [v0.3.30] HarvestSession state change: Approving -> Executing
[SYNAPSE] [PM 8:09:39] [INFO] [v0.3.30] HarvestSession state change: Executing -> Harvesting
[SYNAPSE] [PM 8:09:39] [INFO] [v0.3.30] Harvest starting: Processing 1 approved files
[SYNAPSE] [PM 8:09:39] [WARN] [v0.3.30] Harvest rejected: Invalid clientUsername format 'undefined'
[SYNAPSE] [PM 8:09:39] [INFO] [v0.3.30] Harvest complete: 0 files, 0 folders
[SYNAPSE] [PM 8:09:39] [WARN] [v0.3.30] HarvestSession transition failed: expected Executing, current is Harvesting
[SYNAPSE] [PM 8:09:39] [INFO] [v0.3.30] HarvestSession state change: Harvesting -> Unlocked
SyntaxError: Unexpected token 'n', "null" is not valid JSON
    at JSON.parse (<anonymous>)
    at createStrictSyntaxError (/home/dogsinatas/TypeScript_project/antigravity-extension-vis/node_modules/body-parser/lib/types/json.js:109:10)
    at parse (/home/dogsinatas/TypeScript_project/antigravity-extension-vis/node_modules/body-parser/lib/types/json.js:66:15)
    at /home/dogsinatas/TypeScript_project/antigravity-extension-vis/node_modules/body-parser/lib/read.js:162:18
    at AsyncResource.runInAsyncScope (node:async_hooks:227:14)
    at invokeCallback (/home/dogsinatas/TypeScript_project/antigravity-extension-vis/node_modules/raw-body/index.js:238:16)
    at done (/home/dogsinatas/TypeScript_project/antigravity-extension-vis/node_modules/raw-body/index.js:227:7)
    at IncomingMessage.onEnd (/home/dogsinatas/TypeScript_project/antigravity-extension-vis/node_modules/raw-body/index.js:287:7)
    at IncomingMessage.emit (node:events:509:28)
    at IncomingMessage.emit (node:domain:489:12)
[SYNAPSE] [PM 8:10:09] [INFO] [v0.3.30] HarvestSession state change: Unlocked -> Locked
[SYNAPSE] [PM 8:10:09] [INFO] [v0.3.30] HarvestSession state change: Locked -> Comparing
[SYNAPSE] [PM 8:10:09] [WARN] [v0.3.30] CompareEngine: Failed to get hashes for soak_client - Client is not connected
[SYNAPSE] [PM 8:10:09] [INFO] [v0.3.30] CompareEngine: Found 0 differences
[SYNAPSE] [PM 8:10:09] [INFO] [v0.3.30] HarvestSession state change: Comparing -> Approving
[SYNAPSE] [PM 8:10:09] [INFO] [v0.3.30] HarvestSession state change: Approving -> Executing
[SYNAPSE] [PM 8:10:09] [INFO] [v0.3.30] HarvestSession state change: Executing -> Harvesting
[SYNAPSE] [PM 8:10:09] [INFO] [v0.3.30] Harvest starting: Processing 1 approved files
[SYNAPSE] [PM 8:10:09] [WARN] [v0.3.30] Harvest rejected: Invalid clientUsername format 'undefined'
[SYNAPSE] [PM 8:10:09] [INFO] [v0.3.30] Harvest complete: 0 files, 0 folders
[SYNAPSE] [PM 8:10:09] [WARN] [v0.3.30] HarvestSession transition failed: expected Executing, current is Harvesting
[SYNAPSE] [PM 8:10:09] [INFO] [v0.3.30] HarvestSession state change: Harvesting -> Unlocked
[SYNAPSE] [PM 8:10:39] [INFO] [v0.3.30] HarvestSession state change: Unlocked -> Locked
[SYNAPSE] [PM 8:10:39] [INFO] [v0.3.30] HarvestSession state change: Locked -> Comparing
[SYNAPSE] [PM 8:10:39] [WARN] [v0.3.30] CompareEngine: Failed to get hashes for soak_client - Client is not connected
[SYNAPSE] [PM 8:10:39] [INFO] [v0.3.30] CompareEngine: Found 0 differences
[SYNAPSE] [PM 8:10:39] [INFO] [v0.3.30] HarvestSession state change: Comparing -> Approving
[SYNAPSE] [PM 8:10:39] [INFO] [v0.3.30] HarvestSession state change: Approving -> Executing
[SYNAPSE] [PM 8:10:39] [INFO] [v0.3.30] HarvestSession state change: Executing -> Harvesting
[SYNAPSE] [PM 8:10:39] [INFO] [v0.3.30] Harvest starting: Processing 1 approved files
[SYNAPSE] [PM 8:10:39] [WARN] [v0.3.30] Harvest rejected: Invalid clientUsername format 'undefined'
[SYNAPSE] [PM 8:10:39] [INFO] [v0.3.30] Harvest complete: 0 files, 0 folders
[SYNAPSE] [PM 8:10:39] [WARN] [v0.3.30] HarvestSession transition failed: expected Executing, current is Harvesting
[SYNAPSE] [PM 8:10:39] [INFO] [v0.3.30] HarvestSession state change: Harvesting -> Unlocked
SyntaxError: Unexpected token 'n', "null" is not valid JSON
    at JSON.parse (<anonymous>)
    at createStrictSyntaxError (/home/dogsinatas/TypeScript_project/antigravity-extension-vis/node_modules/body-parser/lib/types/json.js:109:10)
    at parse (/home/dogsinatas/TypeScript_project/antigravity-extension-vis/node_modules/body-parser/lib/types/json.js:66:15)
    at /home/dogsinatas/TypeScript_project/antigravity-extension-vis/node_modules/body-parser/lib/read.js:162:18
    at AsyncResource.runInAsyncScope (node:async_hooks:227:14)
    at invokeCallback (/home/dogsinatas/TypeScript_project/antigravity-extension-vis/node_modules/raw-body/index.js:238:16)
    at done (/home/dogsinatas/TypeScript_project/antigravity-extension-vis/node_modules/raw-body/index.js:227:7)
    at IncomingMessage.onEnd (/home/dogsinatas/TypeScript_project/antigravity-extension-vis/node_modules/raw-body/index.js:287:7)
    at IncomingMessage.emit (node:events:509:28)
    at IncomingMessage.emit (node:domain:489:12)
[SYNAPSE] [PM 8:11:09] [INFO] [v0.3.30] HarvestSession state change: Unlocked -> Locked
[SYNAPSE] [PM 8:11:09] [INFO] [v0.3.30] HarvestSession state change: Locked -> Comparing
[SYNAPSE] [PM 8:11:09] [WARN] [v0.3.30] CompareEngine: Failed to get hashes for soak_client - Client is not connected
[SYNAPSE] [PM 8:11:09] [INFO] [v0.3.30] CompareEngine: Found 0 differences
[SYNAPSE] [PM 8:11:09] [INFO] [v0.3.30] HarvestSession state change: Comparing -> Approving
[SYNAPSE] [PM 8:11:09] [INFO] [v0.3.30] HarvestSession state change: Approving -> Executing
[SYNAPSE] [PM 8:11:09] [INFO] [v0.3.30] HarvestSession state change: Executing -> Harvesting
[SYNAPSE] [PM 8:11:09] [INFO] [v0.3.30] Harvest starting: Processing 1 approved files
[SYNAPSE] [PM 8:11:09] [WARN] [v0.3.30] Harvest rejected: Invalid clientUsername format 'undefined'
[SYNAPSE] [PM 8:11:09] [INFO] [v0.3.30] Harvest complete: 0 files, 0 folders
[SYNAPSE] [PM 8:11:09] [WARN] [v0.3.30] HarvestSession transition failed: expected Executing, current is Harvesting
[SYNAPSE] [PM 8:11:09] [INFO] [v0.3.30] HarvestSession state change: Harvesting -> Unlocked
[SYNAPSE] [PM 8:11:39] [INFO] [v0.3.30] HarvestSession state change: Unlocked -> Locked
[SYNAPSE] [PM 8:11:39] [INFO] [v0.3.30] HarvestSession state change: Locked -> Comparing
[SYNAPSE] [PM 8:11:39] [WARN] [v0.3.30] CompareEngine: Failed to get hashes for soak_client - Client is not connected
[SYNAPSE] [PM 8:11:39] [INFO] [v0.3.30] CompareEngine: Found 0 differences
[SYNAPSE] [PM 8:11:39] [INFO] [v0.3.30] HarvestSession state change: Comparing -> Approving
[SYNAPSE] [PM 8:11:39] [INFO] [v0.3.30] HarvestSession state change: Approving -> Executing
[SYNAPSE] [PM 8:11:39] [INFO] [v0.3.30] HarvestSession state change: Executing -> Harvesting
[SYNAPSE] [PM 8:11:39] [INFO] [v0.3.30] Harvest starting: Processing 1 approved files
[SYNAPSE] [PM 8:11:39] [WARN] [v0.3.30] Harvest rejected: Invalid clientUsername format 'undefined'
[SYNAPSE] [PM 8:11:39] [INFO] [v0.3.30] Harvest complete: 0 files, 0 folders
[SYNAPSE] [PM 8:11:39] [WARN] [v0.3.30] HarvestSession transition failed: expected Executing, current is Harvesting
[SYNAPSE] [PM 8:11:39] [INFO] [v0.3.30] HarvestSession state change: Harvesting -> Unlocked
SyntaxError: Unexpected token 'n', "null" is not valid JSON
    at JSON.parse (<anonymous>)
    at createStrictSyntaxError (/home/dogsinatas/TypeScript_project/antigravity-extension-vis/node_modules/body-parser/lib/types/json.js:109:10)
    at parse (/home/dogsinatas/TypeScript_project/antigravity-extension-vis/node_modules/body-parser/lib/types/json.js:66:15)
    at /home/dogsinatas/TypeScript_project/antigravity-extension-vis/node_modules/body-parser/lib/read.js:162:18
    at AsyncResource.runInAsyncScope (node:async_hooks:227:14)
    at invokeCallback (/home/dogsinatas/TypeScript_project/antigravity-extension-vis/node_modules/raw-body/index.js:238:16)
    at done (/home/dogsinatas/TypeScript_project/antigravity-extension-vis/node_modules/raw-body/index.js:227:7)
    at IncomingMessage.onEnd (/home/dogsinatas/TypeScript_project/antigravity-extension-vis/node_modules/raw-body/index.js:287:7)
    at IncomingMessage.emit (node:events:509:28)
    at IncomingMessage.emit (node:domain:489:12)
[SYNAPSE] [PM 8:12:09] [INFO] [v0.3.30] HarvestSession state change: Unlocked -> Locked
[SYNAPSE] [PM 8:12:09] [INFO] [v0.3.30] HarvestSession state change: Locked -> Comparing
[SYNAPSE] [PM 8:12:09] [WARN] [v0.3.30] CompareEngine: Failed to get hashes for soak_client - Client is not connected
[SYNAPSE] [PM 8:12:09] [INFO] [v0.3.30] CompareEngine: Found 0 differences
[SYNAPSE] [PM 8:12:09] [INFO] [v0.3.30] HarvestSession state change: Comparing -> Approving
[SYNAPSE] [PM 8:12:09] [INFO] [v0.3.30] HarvestSession state change: Approving -> Executing
[SYNAPSE] [PM 8:12:09] [INFO] [v0.3.30] HarvestSession state change: Executing -> Harvesting
[SYNAPSE] [PM 8:12:09] [INFO] [v0.3.30] Harvest starting: Processing 1 approved files
[SYNAPSE] [PM 8:12:09] [WARN] [v0.3.30] Harvest rejected: Invalid clientUsername format 'undefined'
[SYNAPSE] [PM 8:12:09] [INFO] [v0.3.30] Harvest complete: 0 files, 0 folders
[SYNAPSE] [PM 8:12:09] [WARN] [v0.3.30] HarvestSession transition failed: expected Executing, current is Harvesting
[SYNAPSE] [PM 8:12:09] [INFO] [v0.3.30] HarvestSession state change: Harvesting -> Unlocked
[SYNAPSE] [PM 8:12:39] [INFO] [v0.3.30] HarvestSession state change: Unlocked -> Locked
[SYNAPSE] [PM 8:12:39] [INFO] [v0.3.30] HarvestSession state change: Locked -> Comparing
[SYNAPSE] [PM 8:12:39] [WARN] [v0.3.30] CompareEngine: Failed to get hashes for soak_client - Client is not connected
[SYNAPSE] [PM 8:12:39] [INFO] [v0.3.30] CompareEngine: Found 0 differences
[SYNAPSE] [PM 8:12:39] [INFO] [v0.3.30] HarvestSession state change: Comparing -> Approving
[SYNAPSE] [PM 8:12:39] [INFO] [v0.3.30] HarvestSession state change: Approving -> Executing
[SYNAPSE] [PM 8:12:39] [INFO] [v0.3.30] HarvestSession state change: Executing -> Harvesting
[SYNAPSE] [PM 8:12:39] [INFO] [v0.3.30] Harvest starting: Processing 1 approved files
[SYNAPSE] [PM 8:12:39] [WARN] [v0.3.30] Harvest rejected: Invalid clientUsername format 'undefined'
[SYNAPSE] [PM 8:12:39] [INFO] [v0.3.30] Harvest complete: 0 files, 0 folders
[SYNAPSE] [PM 8:12:39] [WARN] [v0.3.30] HarvestSession transition failed: expected Executing, current is Harvesting
[SYNAPSE] [PM 8:12:39] [INFO] [v0.3.30] HarvestSession state change: Harvesting -> Unlocked
SyntaxError: Unexpected token 'n', "null" is not valid JSON
    at JSON.parse (<anonymous>)
    at createStrictSyntaxError (/home/dogsinatas/TypeScript_project/antigravity-extension-vis/node_modules/body-parser/lib/types/json.js:109:10)
    at parse (/home/dogsinatas/TypeScript_project/antigravity-extension-vis/node_modules/body-parser/lib/types/json.js:66:15)
    at /home/dogsinatas/TypeScript_project/antigravity-extension-vis/node_modules/body-parser/lib/read.js:162:18
    at AsyncResource.runInAsyncScope (node:async_hooks:227:14)
    at invokeCallback (/home/dogsinatas/TypeScript_project/antigravity-extension-vis/node_modules/raw-body/index.js:238:16)
    at done (/home/dogsinatas/TypeScript_project/antigravity-extension-vis/node_modules/raw-body/index.js:227:7)
    at IncomingMessage.onEnd (/home/dogsinatas/TypeScript_project/antigravity-extension-vis/node_modules/raw-body/index.js:287:7)
    at IncomingMessage.emit (node:events:509:28)
    at IncomingMessage.emit (node:domain:489:12)
[SYNAPSE] [PM 8:13:09] [INFO] [v0.3.30] HarvestSession state change: Unlocked -> Locked
[SYNAPSE] [PM 8:13:09] [INFO] [v0.3.30] HarvestSession state change: Locked -> Comparing
[SYNAPSE] [PM 8:13:09] [WARN] [v0.3.30] CompareEngine: Failed to get hashes for soak_client - Client is not connected
[SYNAPSE] [PM 8:13:09] [INFO] [v0.3.30] CompareEngine: Found 0 differences
[SYNAPSE] [PM 8:13:09] [INFO] [v0.3.30] HarvestSession state change: Comparing -> Approving
[SYNAPSE] [PM 8:13:09] [INFO] [v0.3.30] HarvestSession state change: Approving -> Executing
[SYNAPSE] [PM 8:13:09] [INFO] [v0.3.30] HarvestSession state change: Executing -> Harvesting
[SYNAPSE] [PM 8:13:09] [INFO] [v0.3.30] Harvest starting: Processing 1 approved files
[SYNAPSE] [PM 8:13:09] [WARN] [v0.3.30] Harvest rejected: Invalid clientUsername format 'undefined'
[SYNAPSE] [PM 8:13:09] [INFO] [v0.3.30] Harvest complete: 0 files, 0 folders
[SYNAPSE] [PM 8:13:09] [WARN] [v0.3.30] HarvestSession transition failed: expected Executing, current is Harvesting
[SYNAPSE] [PM 8:13:09] [INFO] [v0.3.30] HarvestSession state change: Harvesting -> Unlocked
[SYNAPSE] [PM 8:13:39] [INFO] [v0.3.30] HarvestSession state change: Unlocked -> Locked
[SYNAPSE] [PM 8:13:39] [INFO] [v0.3.30] HarvestSession state change: Locked -> Comparing
[SYNAPSE] [PM 8:13:39] [WARN] [v0.3.30] CompareEngine: Failed to get hashes for soak_client - Client is not connected
[SYNAPSE] [PM 8:13:39] [INFO] [v0.3.30] CompareEngine: Found 0 differences
[SYNAPSE] [PM 8:13:39] [INFO] [v0.3.30] HarvestSession state change: Comparing -> Approving
[SYNAPSE] [PM 8:13:39] [INFO] [v0.3.30] HarvestSession state change: Approving -> Executing
[SYNAPSE] [PM 8:13:39] [INFO] [v0.3.30] HarvestSession state change: Executing -> Harvesting
[SYNAPSE] [PM 8:13:39] [INFO] [v0.3.30] Harvest starting: Processing 1 approved files
[SYNAPSE] [PM 8:13:39] [WARN] [v0.3.30] Harvest rejected: Invalid clientUsername format 'undefined'
[SYNAPSE] [PM 8:13:39] [INFO] [v0.3.30] Harvest complete: 0 files, 0 folders
[SYNAPSE] [PM 8:13:39] [WARN] [v0.3.30] HarvestSession transition failed: expected Executing, current is Harvesting
[SYNAPSE] [PM 8:13:39] [INFO] [v0.3.30] HarvestSession state change: Harvesting -> Unlocked
SyntaxError: Unexpected token 'n', "null" is not valid JSON
    at JSON.parse (<anonymous>)
    at createStrictSyntaxError (/home/dogsinatas/TypeScript_project/antigravity-extension-vis/node_modules/body-parser/lib/types/json.js:109:10)
    at parse (/home/dogsinatas/TypeScript_project/antigravity-extension-vis/node_modules/body-parser/lib/types/json.js:66:15)
    at /home/dogsinatas/TypeScript_project/antigravity-extension-vis/node_modules/body-parser/lib/read.js:162:18
    at AsyncResource.runInAsyncScope (node:async_hooks:227:14)
    at invokeCallback (/home/dogsinatas/TypeScript_project/antigravity-extension-vis/node_modules/raw-body/index.js:238:16)
    at done (/home/dogsinatas/TypeScript_project/antigravity-extension-vis/node_modules/raw-body/index.js:227:7)
    at IncomingMessage.onEnd (/home/dogsinatas/TypeScript_project/antigravity-extension-vis/node_modules/raw-body/index.js:287:7)
    at IncomingMessage.emit (node:events:509:28)
    at IncomingMessage.emit (node:domain:489:12)
[SYNAPSE] [PM 8:14:09] [INFO] [v0.3.30] HarvestSession state change: Unlocked -> Locked
[SYNAPSE] [PM 8:14:09] [INFO] [v0.3.30] HarvestSession state change: Locked -> Comparing
[SYNAPSE] [PM 8:14:09] [WARN] [v0.3.30] CompareEngine: Failed to get hashes for soak_client - Client is not connected
[SYNAPSE] [PM 8:14:09] [INFO] [v0.3.30] CompareEngine: Found 0 differences
[SYNAPSE] [PM 8:14:09] [INFO] [v0.3.30] HarvestSession state change: Comparing -> Approving
[SYNAPSE] [PM 8:14:09] [INFO] [v0.3.30] HarvestSession state change: Approving -> Executing
[SYNAPSE] [PM 8:14:09] [INFO] [v0.3.30] HarvestSession state change: Executing -> Harvesting
[SYNAPSE] [PM 8:14:09] [INFO] [v0.3.30] Harvest starting: Processing 1 approved files
[SYNAPSE] [PM 8:14:09] [WARN] [v0.3.30] Harvest rejected: Invalid clientUsername format 'undefined'
[SYNAPSE] [PM 8:14:09] [INFO] [v0.3.30] Harvest complete: 0 files, 0 folders
[SYNAPSE] [PM 8:14:09] [WARN] [v0.3.30] HarvestSession transition failed: expected Executing, current is Harvesting
[SYNAPSE] [PM 8:14:09] [INFO] [v0.3.30] HarvestSession state change: Harvesting -> Unlocked
[SYNAPSE] [PM 8:14:39] [INFO] [v0.3.30] HarvestSession state change: Unlocked -> Locked
[SYNAPSE] [PM 8:14:39] [INFO] [v0.3.30] HarvestSession state change: Locked -> Comparing
[SYNAPSE] [PM 8:14:39] [WARN] [v0.3.30] CompareEngine: Failed to get hashes for soak_client - Client is not connected
[SYNAPSE] [PM 8:14:39] [INFO] [v0.3.30] CompareEngine: Found 0 differences
[SYNAPSE] [PM 8:14:39] [INFO] [v0.3.30] HarvestSession state change: Comparing -> Approving
[SYNAPSE] [PM 8:14:39] [INFO] [v0.3.30] HarvestSession state change: Approving -> Executing
[SYNAPSE] [PM 8:14:39] [INFO] [v0.3.30] HarvestSession state change: Executing -> Harvesting
[SYNAPSE] [PM 8:14:39] [INFO] [v0.3.30] Harvest starting: Processing 1 approved files
[SYNAPSE] [PM 8:14:39] [WARN] [v0.3.30] Harvest rejected: Invalid clientUsername format 'undefined'
[SYNAPSE] [PM 8:14:39] [INFO] [v0.3.30] Harvest complete: 0 files, 0 folders
[SYNAPSE] [PM 8:14:39] [WARN] [v0.3.30] HarvestSession transition failed: expected Executing, current is Harvesting
[SYNAPSE] [PM 8:14:39] [INFO] [v0.3.30] HarvestSession state change: Harvesting -> Unlocked
SyntaxError: Unexpected token 'n', "null" is not valid JSON
    at JSON.parse (<anonymous>)
    at createStrictSyntaxError (/home/dogsinatas/TypeScript_project/antigravity-extension-vis/node_modules/body-parser/lib/types/json.js:109:10)
    at parse (/home/dogsinatas/TypeScript_project/antigravity-extension-vis/node_modules/body-parser/lib/types/json.js:66:15)
    at /home/dogsinatas/TypeScript_project/antigravity-extension-vis/node_modules/body-parser/lib/read.js:162:18
    at AsyncResource.runInAsyncScope (node:async_hooks:227:14)
    at invokeCallback (/home/dogsinatas/TypeScript_project/antigravity-extension-vis/node_modules/raw-body/index.js:238:16)
    at done (/home/dogsinatas/TypeScript_project/antigravity-extension-vis/node_modules/raw-body/index.js:227:7)
    at IncomingMessage.onEnd (/home/dogsinatas/TypeScript_project/antigravity-extension-vis/node_modules/raw-body/index.js:287:7)
    at IncomingMessage.emit (node:events:509:28)
    at IncomingMessage.emit (node:domain:489:12)
[SYNAPSE] [PM 8:15:09] [INFO] [v0.3.30] HarvestSession state change: Unlocked -> Locked
[SYNAPSE] [PM 8:15:09] [INFO] [v0.3.30] HarvestSession state change: Locked -> Comparing
[SYNAPSE] [PM 8:15:09] [WARN] [v0.3.30] CompareEngine: Failed to get hashes for soak_client - Client is not connected
[SYNAPSE] [PM 8:15:09] [INFO] [v0.3.30] CompareEngine: Found 0 differences
[SYNAPSE] [PM 8:15:09] [INFO] [v0.3.30] HarvestSession state change: Comparing -> Approving
[SYNAPSE] [PM 8:15:09] [INFO] [v0.3.30] HarvestSession state change: Approving -> Executing
[SYNAPSE] [PM 8:15:09] [INFO] [v0.3.30] HarvestSession state change: Executing -> Harvesting
[SYNAPSE] [PM 8:15:09] [INFO] [v0.3.30] Harvest starting: Processing 1 approved files
[SYNAPSE] [PM 8:15:09] [WARN] [v0.3.30] Harvest rejected: Invalid clientUsername format 'undefined'
[SYNAPSE] [PM 8:15:09] [INFO] [v0.3.30] Harvest complete: 0 files, 0 folders
[SYNAPSE] [PM 8:15:09] [WARN] [v0.3.30] HarvestSession transition failed: expected Executing, current is Harvesting
[SYNAPSE] [PM 8:15:09] [INFO] [v0.3.30] HarvestSession state change: Harvesting -> Unlocked
[SYNAPSE] [PM 8:15:39] [INFO] [v0.3.30] HarvestSession state change: Unlocked -> Locked
[SYNAPSE] [PM 8:15:39] [INFO] [v0.3.30] HarvestSession state change: Locked -> Comparing
[SYNAPSE] [PM 8:15:39] [WARN] [v0.3.30] CompareEngine: Failed to get hashes for soak_client - Client is not connected
[SYNAPSE] [PM 8:15:39] [INFO] [v0.3.30] CompareEngine: Found 0 differences
[SYNAPSE] [PM 8:15:39] [INFO] [v0.3.30] HarvestSession state change: Comparing -> Approving
[SYNAPSE] [PM 8:15:39] [INFO] [v0.3.30] HarvestSession state change: Approving -> Executing
[SYNAPSE] [PM 8:15:39] [INFO] [v0.3.30] HarvestSession state change: Executing -> Harvesting
[SYNAPSE] [PM 8:15:39] [INFO] [v0.3.30] Harvest starting: Processing 1 approved files
[SYNAPSE] [PM 8:15:39] [WARN] [v0.3.30] Harvest rejected: Invalid clientUsername format 'undefined'
[SYNAPSE] [PM 8:15:39] [INFO] [v0.3.30] Harvest complete: 0 files, 0 folders
[SYNAPSE] [PM 8:15:39] [WARN] [v0.3.30] HarvestSession transition failed: expected Executing, current is Harvesting
[SYNAPSE] [PM 8:15:39] [INFO] [v0.3.30] HarvestSession state change: Harvesting -> Unlocked
SyntaxError: Unexpected token 'n', "null" is not valid JSON
    at JSON.parse (<anonymous>)
    at createStrictSyntaxError (/home/dogsinatas/TypeScript_project/antigravity-extension-vis/node_modules/body-parser/lib/types/json.js:109:10)
    at parse (/home/dogsinatas/TypeScript_project/antigravity-extension-vis/node_modules/body-parser/lib/types/json.js:66:15)
    at /home/dogsinatas/TypeScript_project/antigravity-extension-vis/node_modules/body-parser/lib/read.js:162:18
    at AsyncResource.runInAsyncScope (node:async_hooks:227:14)
    at invokeCallback (/home/dogsinatas/TypeScript_project/antigravity-extension-vis/node_modules/raw-body/index.js:238:16)
    at done (/home/dogsinatas/TypeScript_project/antigravity-extension-vis/node_modules/raw-body/index.js:227:7)
    at IncomingMessage.onEnd (/home/dogsinatas/TypeScript_project/antigravity-extension-vis/node_modules/raw-body/index.js:287:7)
    at IncomingMessage.emit (node:events:509:28)
    at IncomingMessage.emit (node:domain:489:12)
[SYNAPSE] [PM 8:16:09] [INFO] [v0.3.30] HarvestSession state change: Unlocked -> Locked
[SYNAPSE] [PM 8:16:09] [INFO] [v0.3.30] HarvestSession state change: Locked -> Comparing
[SYNAPSE] [PM 8:16:09] [WARN] [v0.3.30] CompareEngine: Failed to get hashes for soak_client - Client is not connected
[SYNAPSE] [PM 8:16:09] [INFO] [v0.3.30] CompareEngine: Found 0 differences
[SYNAPSE] [PM 8:16:09] [INFO] [v0.3.30] HarvestSession state change: Comparing -> Approving
[SYNAPSE] [PM 8:16:09] [INFO] [v0.3.30] HarvestSession state change: Approving -> Executing
[SYNAPSE] [PM 8:16:09] [INFO] [v0.3.30] HarvestSession state change: Executing -> Harvesting
[SYNAPSE] [PM 8:16:09] [INFO] [v0.3.30] Harvest starting: Processing 1 approved files
[SYNAPSE] [PM 8:16:09] [WARN] [v0.3.30] Harvest rejected: Invalid clientUsername format 'undefined'
[SYNAPSE] [PM 8:16:09] [INFO] [v0.3.30] Harvest complete: 0 files, 0 folders
[SYNAPSE] [PM 8:16:09] [WARN] [v0.3.30] HarvestSession transition failed: expected Executing, current is Harvesting
[SYNAPSE] [PM 8:16:09] [INFO] [v0.3.30] HarvestSession state change: Harvesting -> Unlocked
[SYNAPSE] [PM 8:16:39] [INFO] [v0.3.30] HarvestSession state change: Unlocked -> Locked
[SYNAPSE] [PM 8:16:39] [INFO] [v0.3.30] HarvestSession state change: Locked -> Comparing
[SYNAPSE] [PM 8:16:39] [WARN] [v0.3.30] CompareEngine: Failed to get hashes for soak_client - Client is not connected
[SYNAPSE] [PM 8:16:39] [INFO] [v0.3.30] CompareEngine: Found 0 differences
[SYNAPSE] [PM 8:16:39] [INFO] [v0.3.30] HarvestSession state change: Comparing -> Approving
[SYNAPSE] [PM 8:16:39] [INFO] [v0.3.30] HarvestSession state change: Approving -> Executing
[SYNAPSE] [PM 8:16:39] [INFO] [v0.3.30] HarvestSession state change: Executing -> Harvesting
[SYNAPSE] [PM 8:16:39] [INFO] [v0.3.30] Harvest starting: Processing 1 approved files
[SYNAPSE] [PM 8:16:39] [WARN] [v0.3.30] Harvest rejected: Invalid clientUsername format 'undefined'
[SYNAPSE] [PM 8:16:39] [INFO] [v0.3.30] Harvest complete: 0 files, 0 folders
[SYNAPSE] [PM 8:16:39] [WARN] [v0.3.30] HarvestSession transition failed: expected Executing, current is Harvesting
[SYNAPSE] [PM 8:16:39] [INFO] [v0.3.30] HarvestSession state change: Harvesting -> Unlocked
SyntaxError: Unexpected token 'n', "null" is not valid JSON
    at JSON.parse (<anonymous>)
    at createStrictSyntaxError (/home/dogsinatas/TypeScript_project/antigravity-extension-vis/node_modules/body-parser/lib/types/json.js:109:10)
    at parse (/home/dogsinatas/TypeScript_project/antigravity-extension-vis/node_modules/body-parser/lib/types/json.js:66:15)
    at /home/dogsinatas/TypeScript_project/antigravity-extension-vis/node_modules/body-parser/lib/read.js:162:18
    at AsyncResource.runInAsyncScope (node:async_hooks:227:14)
    at invokeCallback (/home/dogsinatas/TypeScript_project/antigravity-extension-vis/node_modules/raw-body/index.js:238:16)
    at done (/home/dogsinatas/TypeScript_project/antigravity-extension-vis/node_modules/raw-body/index.js:227:7)
    at IncomingMessage.onEnd (/home/dogsinatas/TypeScript_project/antigravity-extension-vis/node_modules/raw-body/index.js:287:7)
    at IncomingMessage.emit (node:events:509:28)
    at IncomingMessage.emit (node:domain:489:12)
[SYNAPSE] [PM 8:17:09] [INFO] [v0.3.30] HarvestSession state change: Unlocked -> Locked
[SYNAPSE] [PM 8:17:09] [INFO] [v0.3.30] HarvestSession state change: Locked -> Comparing
[SYNAPSE] [PM 8:17:09] [WARN] [v0.3.30] CompareEngine: Failed to get hashes for soak_client - Client is not connected
[SYNAPSE] [PM 8:17:09] [INFO] [v0.3.30] CompareEngine: Found 0 differences
[SYNAPSE] [PM 8:17:09] [INFO] [v0.3.30] HarvestSession state change: Comparing -> Approving
[SYNAPSE] [PM 8:17:09] [INFO] [v0.3.30] HarvestSession state change: Approving -> Executing
[SYNAPSE] [PM 8:17:09] [INFO] [v0.3.30] HarvestSession state change: Executing -> Harvesting
[SYNAPSE] [PM 8:17:09] [INFO] [v0.3.30] Harvest starting: Processing 1 approved files
[SYNAPSE] [PM 8:17:09] [WARN] [v0.3.30] Harvest rejected: Invalid clientUsername format 'undefined'
[SYNAPSE] [PM 8:17:09] [INFO] [v0.3.30] Harvest complete: 0 files, 0 folders
[SYNAPSE] [PM 8:17:09] [WARN] [v0.3.30] HarvestSession transition failed: expected Executing, current is Harvesting
[SYNAPSE] [PM 8:17:09] [INFO] [v0.3.30] HarvestSession state change: Harvesting -> Unlocked
[SYNAPSE] [PM 8:17:39] [INFO] [v0.3.30] HarvestSession state change: Unlocked -> Locked
[SYNAPSE] [PM 8:17:39] [INFO] [v0.3.30] HarvestSession state change: Locked -> Comparing
[SYNAPSE] [PM 8:17:39] [WARN] [v0.3.30] CompareEngine: Failed to get hashes for soak_client - Client is not connected
[SYNAPSE] [PM 8:17:39] [INFO] [v0.3.30] CompareEngine: Found 0 differences
[SYNAPSE] [PM 8:17:39] [INFO] [v0.3.30] HarvestSession state change: Comparing -> Approving
[SYNAPSE] [PM 8:17:39] [INFO] [v0.3.30] HarvestSession state change: Approving -> Executing
[SYNAPSE] [PM 8:17:39] [INFO] [v0.3.30] HarvestSession state change: Executing -> Harvesting
[SYNAPSE] [PM 8:17:39] [INFO] [v0.3.30] Harvest starting: Processing 1 approved files
[SYNAPSE] [PM 8:17:39] [WARN] [v0.3.30] Harvest rejected: Invalid clientUsername format 'undefined'
[SYNAPSE] [PM 8:17:39] [INFO] [v0.3.30] Harvest complete: 0 files, 0 folders
[SYNAPSE] [PM 8:17:39] [WARN] [v0.3.30] HarvestSession transition failed: expected Executing, current is Harvesting
[SYNAPSE] [PM 8:17:39] [INFO] [v0.3.30] HarvestSession state change: Harvesting -> Unlocked
SyntaxError: Unexpected token 'n', "null" is not valid JSON
    at JSON.parse (<anonymous>)
    at createStrictSyntaxError (/home/dogsinatas/TypeScript_project/antigravity-extension-vis/node_modules/body-parser/lib/types/json.js:109:10)
    at parse (/home/dogsinatas/TypeScript_project/antigravity-extension-vis/node_modules/body-parser/lib/types/json.js:66:15)
    at /home/dogsinatas/TypeScript_project/antigravity-extension-vis/node_modules/body-parser/lib/read.js:162:18
    at AsyncResource.runInAsyncScope (node:async_hooks:227:14)
    at invokeCallback (/home/dogsinatas/TypeScript_project/antigravity-extension-vis/node_modules/raw-body/index.js:238:16)
    at done (/home/dogsinatas/TypeScript_project/antigravity-extension-vis/node_modules/raw-body/index.js:227:7)
    at IncomingMessage.onEnd (/home/dogsinatas/TypeScript_project/antigravity-extension-vis/node_modules/raw-body/index.js:287:7)
    at IncomingMessage.emit (node:events:509:28)
    at IncomingMessage.emit (node:domain:489:12)
[SYNAPSE] [PM 8:18:09] [INFO] [v0.3.30] HarvestSession state change: Unlocked -> Locked
[SYNAPSE] [PM 8:18:09] [INFO] [v0.3.30] HarvestSession state change: Locked -> Comparing
[SYNAPSE] [PM 8:18:09] [WARN] [v0.3.30] CompareEngine: Failed to get hashes for soak_client - Client is not connected
[SYNAPSE] [PM 8:18:09] [INFO] [v0.3.30] CompareEngine: Found 0 differences
[SYNAPSE] [PM 8:18:09] [INFO] [v0.3.30] HarvestSession state change: Comparing -> Approving
[SYNAPSE] [PM 8:18:09] [INFO] [v0.3.30] HarvestSession state change: Approving -> Executing
[SYNAPSE] [PM 8:18:09] [INFO] [v0.3.30] HarvestSession state change: Executing -> Harvesting
[SYNAPSE] [PM 8:18:09] [INFO] [v0.3.30] Harvest starting: Processing 1 approved files
[SYNAPSE] [PM 8:18:09] [WARN] [v0.3.30] Harvest rejected: Invalid clientUsername format 'undefined'
[SYNAPSE] [PM 8:18:09] [INFO] [v0.3.30] Harvest complete: 0 files, 0 folders
[SYNAPSE] [PM 8:18:09] [WARN] [v0.3.30] HarvestSession transition failed: expected Executing, current is Harvesting
[SYNAPSE] [PM 8:18:09] [INFO] [v0.3.30] HarvestSession state change: Harvesting -> Unlocked
[SYNAPSE] [PM 8:18:39] [INFO] [v0.3.30] HarvestSession state change: Unlocked -> Locked
[SYNAPSE] [PM 8:18:39] [INFO] [v0.3.30] HarvestSession state change: Locked -> Comparing
[SYNAPSE] [PM 8:18:39] [WARN] [v0.3.30] CompareEngine: Failed to get hashes for soak_client - Client is not connected
[SYNAPSE] [PM 8:18:39] [INFO] [v0.3.30] CompareEngine: Found 0 differences
[SYNAPSE] [PM 8:18:39] [INFO] [v0.3.30] HarvestSession state change: Comparing -> Approving
[SYNAPSE] [PM 8:18:39] [INFO] [v0.3.30] HarvestSession state change: Approving -> Executing
[SYNAPSE] [PM 8:18:39] [INFO] [v0.3.30] HarvestSession state change: Executing -> Harvesting
[SYNAPSE] [PM 8:18:39] [INFO] [v0.3.30] Harvest starting: Processing 1 approved files
[SYNAPSE] [PM 8:18:39] [WARN] [v0.3.30] Harvest rejected: Invalid clientUsername format 'undefined'
[SYNAPSE] [PM 8:18:39] [INFO] [v0.3.30] Harvest complete: 0 files, 0 folders
[SYNAPSE] [PM 8:18:39] [WARN] [v0.3.30] HarvestSession transition failed: expected Executing, current is Harvesting
[SYNAPSE] [PM 8:18:39] [INFO] [v0.3.30] HarvestSession state change: Harvesting -> Unlocked
SyntaxError: Unexpected token 'n', "null" is not valid JSON
    at JSON.parse (<anonymous>)
    at createStrictSyntaxError (/home/dogsinatas/TypeScript_project/antigravity-extension-vis/node_modules/body-parser/lib/types/json.js:109:10)
    at parse (/home/dogsinatas/TypeScript_project/antigravity-extension-vis/node_modules/body-parser/lib/types/json.js:66:15)
    at /home/dogsinatas/TypeScript_project/antigravity-extension-vis/node_modules/body-parser/lib/read.js:162:18
    at AsyncResource.runInAsyncScope (node:async_hooks:227:14)
    at invokeCallback (/home/dogsinatas/TypeScript_project/antigravity-extension-vis/node_modules/raw-body/index.js:238:16)
    at done (/home/dogsinatas/TypeScript_project/antigravity-extension-vis/node_modules/raw-body/index.js:227:7)
    at IncomingMessage.onEnd (/home/dogsinatas/TypeScript_project/antigravity-extension-vis/node_modules/raw-body/index.js:287:7)
    at IncomingMessage.emit (node:events:509:28)
    at IncomingMessage.emit (node:domain:489:12)
[SYNAPSE] [PM 8:19:09] [INFO] [v0.3.30] HarvestSession state change: Unlocked -> Locked
[SYNAPSE] [PM 8:19:09] [INFO] [v0.3.30] HarvestSession state change: Locked -> Comparing
[SYNAPSE] [PM 8:19:09] [WARN] [v0.3.30] CompareEngine: Failed to get hashes for soak_client - Client is not connected
[SYNAPSE] [PM 8:19:09] [INFO] [v0.3.30] CompareEngine: Found 0 differences
[SYNAPSE] [PM 8:19:09] [INFO] [v0.3.30] HarvestSession state change: Comparing -> Approving
[SYNAPSE] [PM 8:19:09] [INFO] [v0.3.30] HarvestSession state change: Approving -> Executing
[SYNAPSE] [PM 8:19:09] [INFO] [v0.3.30] HarvestSession state change: Executing -> Harvesting
[SYNAPSE] [PM 8:19:09] [INFO] [v0.3.30] Harvest starting: Processing 1 approved files
[SYNAPSE] [PM 8:19:09] [WARN] [v0.3.30] Harvest rejected: Invalid clientUsername format 'undefined'
[SYNAPSE] [PM 8:19:09] [INFO] [v0.3.30] Harvest complete: 0 files, 0 folders
[SYNAPSE] [PM 8:19:09] [WARN] [v0.3.30] HarvestSession transition failed: expected Executing, current is Harvesting
[SYNAPSE] [PM 8:19:09] [INFO] [v0.3.30] HarvestSession state change: Harvesting -> Unlocked
[SYNAPSE] [PM 8:19:39] [INFO] [v0.3.30] HarvestSession state change: Unlocked -> Locked
[SYNAPSE] [PM 8:19:39] [INFO] [v0.3.30] HarvestSession state change: Locked -> Comparing
[SYNAPSE] [PM 8:19:39] [WARN] [v0.3.30] CompareEngine: Failed to get hashes for soak_client - Client is not connected
[SYNAPSE] [PM 8:19:39] [INFO] [v0.3.30] CompareEngine: Found 0 differences
[SYNAPSE] [PM 8:19:39] [INFO] [v0.3.30] HarvestSession state change: Comparing -> Approving
[SYNAPSE] [PM 8:19:39] [INFO] [v0.3.30] HarvestSession state change: Approving -> Executing
[SYNAPSE] [PM 8:19:39] [INFO] [v0.3.30] HarvestSession state change: Executing -> Harvesting
[SYNAPSE] [PM 8:19:39] [INFO] [v0.3.30] Harvest starting: Processing 1 approved files
[SYNAPSE] [PM 8:19:39] [WARN] [v0.3.30] Harvest rejected: Invalid clientUsername format 'undefined'
[SYNAPSE] [PM 8:19:39] [INFO] [v0.3.30] Harvest complete: 0 files, 0 folders
[SYNAPSE] [PM 8:19:39] [WARN] [v0.3.30] HarvestSession transition failed: expected Executing, current is Harvesting
[SYNAPSE] [PM 8:19:39] [INFO] [v0.3.30] HarvestSession state change: Harvesting -> Unlocked
SyntaxError: Unexpected token 'n', "null" is not valid JSON
    at JSON.parse (<anonymous>)
    at createStrictSyntaxError (/home/dogsinatas/TypeScript_project/antigravity-extension-vis/node_modules/body-parser/lib/types/json.js:109:10)
    at parse (/home/dogsinatas/TypeScript_project/antigravity-extension-vis/node_modules/body-parser/lib/types/json.js:66:15)
    at /home/dogsinatas/TypeScript_project/antigravity-extension-vis/node_modules/body-parser/lib/read.js:162:18
    at AsyncResource.runInAsyncScope (node:async_hooks:227:14)
    at invokeCallback (/home/dogsinatas/TypeScript_project/antigravity-extension-vis/node_modules/raw-body/index.js:238:16)
    at done (/home/dogsinatas/TypeScript_project/antigravity-extension-vis/node_modules/raw-body/index.js:227:7)
    at IncomingMessage.onEnd (/home/dogsinatas/TypeScript_project/antigravity-extension-vis/node_modules/raw-body/index.js:287:7)
    at IncomingMessage.emit (node:events:509:28)
    at IncomingMessage.emit (node:domain:489:12)
[SYNAPSE] [PM 8:20:09] [INFO] [v0.3.30] HarvestSession state change: Unlocked -> Locked
[SYNAPSE] [PM 8:20:09] [INFO] [v0.3.30] HarvestSession state change: Locked -> Comparing
[SYNAPSE] [PM 8:20:09] [WARN] [v0.3.30] CompareEngine: Failed to get hashes for soak_client - Client is not connected
[SYNAPSE] [PM 8:20:09] [INFO] [v0.3.30] CompareEngine: Found 0 differences
[SYNAPSE] [PM 8:20:09] [INFO] [v0.3.30] HarvestSession state change: Comparing -> Approving
[SYNAPSE] [PM 8:20:09] [INFO] [v0.3.30] HarvestSession state change: Approving -> Executing
[SYNAPSE] [PM 8:20:09] [INFO] [v0.3.30] HarvestSession state change: Executing -> Harvesting
[SYNAPSE] [PM 8:20:09] [INFO] [v0.3.30] Harvest starting: Processing 1 approved files
[SYNAPSE] [PM 8:20:09] [WARN] [v0.3.30] Harvest rejected: Invalid clientUsername format 'undefined'
[SYNAPSE] [PM 8:20:09] [INFO] [v0.3.30] Harvest complete: 0 files, 0 folders
[SYNAPSE] [PM 8:20:09] [WARN] [v0.3.30] HarvestSession transition failed: expected Executing, current is Harvesting
[SYNAPSE] [PM 8:20:09] [INFO] [v0.3.30] HarvestSession state change: Harvesting -> Unlocked
[SYNAPSE] [PM 8:20:39] [INFO] [v0.3.30] HarvestSession state change: Unlocked -> Locked
[SYNAPSE] [PM 8:20:39] [INFO] [v0.3.30] HarvestSession state change: Locked -> Comparing
[SYNAPSE] [PM 8:20:39] [WARN] [v0.3.30] CompareEngine: Failed to get hashes for soak_client - Client is not connected
[SYNAPSE] [PM 8:20:39] [INFO] [v0.3.30] CompareEngine: Found 0 differences
[SYNAPSE] [PM 8:20:39] [INFO] [v0.3.30] HarvestSession state change: Comparing -> Approving
[SYNAPSE] [PM 8:20:39] [INFO] [v0.3.30] HarvestSession state change: Approving -> Executing
[SYNAPSE] [PM 8:20:39] [INFO] [v0.3.30] HarvestSession state change: Executing -> Harvesting
[SYNAPSE] [PM 8:20:39] [INFO] [v0.3.30] Harvest starting: Processing 1 approved files
[SYNAPSE] [PM 8:20:39] [WARN] [v0.3.30] Harvest rejected: Invalid clientUsername format 'undefined'
[SYNAPSE] [PM 8:20:39] [INFO] [v0.3.30] Harvest complete: 0 files, 0 folders
[SYNAPSE] [PM 8:20:39] [WARN] [v0.3.30] HarvestSession transition failed: expected Executing, current is Harvesting
[SYNAPSE] [PM 8:20:39] [INFO] [v0.3.30] HarvestSession state change: Harvesting -> Unlocked
SyntaxError: Unexpected token 'n', "null" is not valid JSON
    at JSON.parse (<anonymous>)
    at createStrictSyntaxError (/home/dogsinatas/TypeScript_project/antigravity-extension-vis/node_modules/body-parser/lib/types/json.js:109:10)
    at parse (/home/dogsinatas/TypeScript_project/antigravity-extension-vis/node_modules/body-parser/lib/types/json.js:66:15)
    at /home/dogsinatas/TypeScript_project/antigravity-extension-vis/node_modules/body-parser/lib/read.js:162:18
    at AsyncResource.runInAsyncScope (node:async_hooks:227:14)
    at invokeCallback (/home/dogsinatas/TypeScript_project/antigravity-extension-vis/node_modules/raw-body/index.js:238:16)
    at done (/home/dogsinatas/TypeScript_project/antigravity-extension-vis/node_modules/raw-body/index.js:227:7)
    at IncomingMessage.onEnd (/home/dogsinatas/TypeScript_project/antigravity-extension-vis/node_modules/raw-body/index.js:287:7)
    at IncomingMessage.emit (node:events:509:28)
    at IncomingMessage.emit (node:domain:489:12)
[SYNAPSE] [PM 8:21:09] [INFO] [v0.3.30] HarvestSession state change: Unlocked -> Locked
[SYNAPSE] [PM 8:21:09] [INFO] [v0.3.30] HarvestSession state change: Locked -> Comparing
[SYNAPSE] [PM 8:21:09] [WARN] [v0.3.30] CompareEngine: Failed to get hashes for soak_client - Client is not connected
[SYNAPSE] [PM 8:21:09] [INFO] [v0.3.30] CompareEngine: Found 0 differences
[SYNAPSE] [PM 8:21:09] [INFO] [v0.3.30] HarvestSession state change: Comparing -> Approving
[SYNAPSE] [PM 8:21:09] [INFO] [v0.3.30] HarvestSession state change: Approving -> Executing
[SYNAPSE] [PM 8:21:09] [INFO] [v0.3.30] HarvestSession state change: Executing -> Harvesting
[SYNAPSE] [PM 8:21:09] [INFO] [v0.3.30] Harvest starting: Processing 1 approved files
[SYNAPSE] [PM 8:21:09] [WARN] [v0.3.30] Harvest rejected: Invalid clientUsername format 'undefined'
[SYNAPSE] [PM 8:21:09] [INFO] [v0.3.30] Harvest complete: 0 files, 0 folders
[SYNAPSE] [PM 8:21:09] [WARN] [v0.3.30] HarvestSession transition failed: expected Executing, current is Harvesting
[SYNAPSE] [PM 8:21:09] [INFO] [v0.3.30] HarvestSession state change: Harvesting -> Unlocked
[SYNAPSE] [PM 8:21:39] [INFO] [v0.3.30] HarvestSession state change: Unlocked -> Locked
[SYNAPSE] [PM 8:21:39] [INFO] [v0.3.30] HarvestSession state change: Locked -> Comparing
[SYNAPSE] [PM 8:21:39] [WARN] [v0.3.30] CompareEngine: Failed to get hashes for soak_client - Client is not connected
[SYNAPSE] [PM 8:21:39] [INFO] [v0.3.30] CompareEngine: Found 0 differences
[SYNAPSE] [PM 8:21:39] [INFO] [v0.3.30] HarvestSession state change: Comparing -> Approving
[SYNAPSE] [PM 8:21:39] [INFO] [v0.3.30] HarvestSession state change: Approving -> Executing
[SYNAPSE] [PM 8:21:39] [INFO] [v0.3.30] HarvestSession state change: Executing -> Harvesting
[SYNAPSE] [PM 8:21:39] [INFO] [v0.3.30] Harvest starting: Processing 1 approved files
[SYNAPSE] [PM 8:21:39] [WARN] [v0.3.30] Harvest rejected: Invalid clientUsername format 'undefined'
[SYNAPSE] [PM 8:21:39] [INFO] [v0.3.30] Harvest complete: 0 files, 0 folders
[SYNAPSE] [PM 8:21:39] [WARN] [v0.3.30] HarvestSession transition failed: expected Executing, current is Harvesting
[SYNAPSE] [PM 8:21:39] [INFO] [v0.3.30] HarvestSession state change: Harvesting -> Unlocked
SyntaxError: Unexpected token 'n', "null" is not valid JSON
    at JSON.parse (<anonymous>)
    at createStrictSyntaxError (/home/dogsinatas/TypeScript_project/antigravity-extension-vis/node_modules/body-parser/lib/types/json.js:109:10)
    at parse (/home/dogsinatas/TypeScript_project/antigravity-extension-vis/node_modules/body-parser/lib/types/json.js:66:15)
    at /home/dogsinatas/TypeScript_project/antigravity-extension-vis/node_modules/body-parser/lib/read.js:162:18
    at AsyncResource.runInAsyncScope (node:async_hooks:227:14)
    at invokeCallback (/home/dogsinatas/TypeScript_project/antigravity-extension-vis/node_modules/raw-body/index.js:238:16)
    at done (/home/dogsinatas/TypeScript_project/antigravity-extension-vis/node_modules/raw-body/index.js:227:7)
    at IncomingMessage.onEnd (/home/dogsinatas/TypeScript_project/antigravity-extension-vis/node_modules/raw-body/index.js:287:7)
    at IncomingMessage.emit (node:events:509:28)
    at IncomingMessage.emit (node:domain:489:12)
[SYNAPSE] [PM 8:22:09] [INFO] [v0.3.30] HarvestSession state change: Unlocked -> Locked
[SYNAPSE] [PM 8:22:09] [INFO] [v0.3.30] HarvestSession state change: Locked -> Comparing
[SYNAPSE] [PM 8:22:09] [WARN] [v0.3.30] CompareEngine: Failed to get hashes for soak_client - Client is not connected
[SYNAPSE] [PM 8:22:09] [INFO] [v0.3.30] CompareEngine: Found 0 differences
[SYNAPSE] [PM 8:22:09] [INFO] [v0.3.30] HarvestSession state change: Comparing -> Approving
[SYNAPSE] [PM 8:22:09] [INFO] [v0.3.30] HarvestSession state change: Approving -> Executing
[SYNAPSE] [PM 8:22:09] [INFO] [v0.3.30] HarvestSession state change: Executing -> Harvesting
[SYNAPSE] [PM 8:22:09] [INFO] [v0.3.30] Harvest starting: Processing 1 approved files
[SYNAPSE] [PM 8:22:09] [WARN] [v0.3.30] Harvest rejected: Invalid clientUsername format 'undefined'
[SYNAPSE] [PM 8:22:09] [INFO] [v0.3.30] Harvest complete: 0 files, 0 folders
[SYNAPSE] [PM 8:22:09] [WARN] [v0.3.30] HarvestSession transition failed: expected Executing, current is Harvesting
[SYNAPSE] [PM 8:22:09] [INFO] [v0.3.30] HarvestSession state change: Harvesting -> Unlocked
[SYNAPSE] [PM 8:22:39] [INFO] [v0.3.30] HarvestSession state change: Unlocked -> Locked
[SYNAPSE] [PM 8:22:39] [INFO] [v0.3.30] HarvestSession state change: Locked -> Comparing
[SYNAPSE] [PM 8:22:39] [WARN] [v0.3.30] CompareEngine: Failed to get hashes for soak_client - Client is not connected
[SYNAPSE] [PM 8:22:39] [INFO] [v0.3.30] CompareEngine: Found 0 differences
[SYNAPSE] [PM 8:22:39] [INFO] [v0.3.30] HarvestSession state change: Comparing -> Approving
[SYNAPSE] [PM 8:22:39] [INFO] [v0.3.30] HarvestSession state change: Approving -> Executing
[SYNAPSE] [PM 8:22:39] [INFO] [v0.3.30] HarvestSession state change: Executing -> Harvesting
[SYNAPSE] [PM 8:22:39] [INFO] [v0.3.30] Harvest starting: Processing 1 approved files
[SYNAPSE] [PM 8:22:39] [WARN] [v0.3.30] Harvest rejected: Invalid clientUsername format 'undefined'
[SYNAPSE] [PM 8:22:39] [INFO] [v0.3.30] Harvest complete: 0 files, 0 folders
[SYNAPSE] [PM 8:22:39] [WARN] [v0.3.30] HarvestSession transition failed: expected Executing, current is Harvesting
[SYNAPSE] [PM 8:22:39] [INFO] [v0.3.30] HarvestSession state change: Harvesting -> Unlocked
SyntaxError: Unexpected token 'n', "null" is not valid JSON
    at JSON.parse (<anonymous>)
    at createStrictSyntaxError (/home/dogsinatas/TypeScript_project/antigravity-extension-vis/node_modules/body-parser/lib/types/json.js:109:10)
    at parse (/home/dogsinatas/TypeScript_project/antigravity-extension-vis/node_modules/body-parser/lib/types/json.js:66:15)
    at /home/dogsinatas/TypeScript_project/antigravity-extension-vis/node_modules/body-parser/lib/read.js:162:18
    at AsyncResource.runInAsyncScope (node:async_hooks:227:14)
    at invokeCallback (/home/dogsinatas/TypeScript_project/antigravity-extension-vis/node_modules/raw-body/index.js:238:16)
    at done (/home/dogsinatas/TypeScript_project/antigravity-extension-vis/node_modules/raw-body/index.js:227:7)
    at IncomingMessage.onEnd (/home/dogsinatas/TypeScript_project/antigravity-extension-vis/node_modules/raw-body/index.js:287:7)
    at IncomingMessage.emit (node:events:509:28)
    at IncomingMessage.emit (node:domain:489:12)
[SYNAPSE] [PM 8:23:09] [INFO] [v0.3.30] HarvestSession state change: Unlocked -> Locked
[SYNAPSE] [PM 8:23:09] [INFO] [v0.3.30] HarvestSession state change: Locked -> Comparing
[SYNAPSE] [PM 8:23:09] [WARN] [v0.3.30] CompareEngine: Failed to get hashes for soak_client - Client is not connected
[SYNAPSE] [PM 8:23:09] [INFO] [v0.3.30] CompareEngine: Found 0 differences
[SYNAPSE] [PM 8:23:09] [INFO] [v0.3.30] HarvestSession state change: Comparing -> Approving
[SYNAPSE] [PM 8:23:09] [INFO] [v0.3.30] HarvestSession state change: Approving -> Executing
[SYNAPSE] [PM 8:23:09] [INFO] [v0.3.30] HarvestSession state change: Executing -> Harvesting
[SYNAPSE] [PM 8:23:09] [INFO] [v0.3.30] Harvest starting: Processing 1 approved files
[SYNAPSE] [PM 8:23:09] [WARN] [v0.3.30] Harvest rejected: Invalid clientUsername format 'undefined'
[SYNAPSE] [PM 8:23:09] [INFO] [v0.3.30] Harvest complete: 0 files, 0 folders
[SYNAPSE] [PM 8:23:09] [WARN] [v0.3.30] HarvestSession transition failed: expected Executing, current is Harvesting
[SYNAPSE] [PM 8:23:09] [INFO] [v0.3.30] HarvestSession state change: Harvesting -> Unlocked
[SYNAPSE] [PM 8:23:39] [INFO] [v0.3.30] HarvestSession state change: Unlocked -> Locked
[SYNAPSE] [PM 8:23:39] [INFO] [v0.3.30] HarvestSession state change: Locked -> Comparing
[SYNAPSE] [PM 8:23:39] [WARN] [v0.3.30] CompareEngine: Failed to get hashes for soak_client - Client is not connected
[SYNAPSE] [PM 8:23:39] [INFO] [v0.3.30] CompareEngine: Found 0 differences
[SYNAPSE] [PM 8:23:39] [INFO] [v0.3.30] HarvestSession state change: Comparing -> Approving
[SYNAPSE] [PM 8:23:39] [INFO] [v0.3.30] HarvestSession state change: Approving -> Executing
[SYNAPSE] [PM 8:23:39] [INFO] [v0.3.30] HarvestSession state change: Executing -> Harvesting
[SYNAPSE] [PM 8:23:39] [INFO] [v0.3.30] Harvest starting: Processing 1 approved files
[SYNAPSE] [PM 8:23:39] [WARN] [v0.3.30] Harvest rejected: Invalid clientUsername format 'undefined'
[SYNAPSE] [PM 8:23:39] [INFO] [v0.3.30] Harvest complete: 0 files, 0 folders
[SYNAPSE] [PM 8:23:39] [WARN] [v0.3.30] HarvestSession transition failed: expected Executing, current is Harvesting
[SYNAPSE] [PM 8:23:39] [INFO] [v0.3.30] HarvestSession state change: Harvesting -> Unlocked
SyntaxError: Unexpected token 'n', "null" is not valid JSON
    at JSON.parse (<anonymous>)
    at createStrictSyntaxError (/home/dogsinatas/TypeScript_project/antigravity-extension-vis/node_modules/body-parser/lib/types/json.js:109:10)
    at parse (/home/dogsinatas/TypeScript_project/antigravity-extension-vis/node_modules/body-parser/lib/types/json.js:66:15)
    at /home/dogsinatas/TypeScript_project/antigravity-extension-vis/node_modules/body-parser/lib/read.js:162:18
    at AsyncResource.runInAsyncScope (node:async_hooks:227:14)
    at invokeCallback (/home/dogsinatas/TypeScript_project/antigravity-extension-vis/node_modules/raw-body/index.js:238:16)
    at done (/home/dogsinatas/TypeScript_project/antigravity-extension-vis/node_modules/raw-body/index.js:227:7)
    at IncomingMessage.onEnd (/home/dogsinatas/TypeScript_project/antigravity-extension-vis/node_modules/raw-body/index.js:287:7)
    at IncomingMessage.emit (node:events:509:28)
    at IncomingMessage.emit (node:domain:489:12)
[SYNAPSE] [PM 8:24:09] [INFO] [v0.3.30] HarvestSession state change: Unlocked -> Locked
[SYNAPSE] [PM 8:24:09] [INFO] [v0.3.30] HarvestSession state change: Locked -> Comparing
[SYNAPSE] [PM 8:24:09] [WARN] [v0.3.30] CompareEngine: Failed to get hashes for soak_client - Client is not connected
[SYNAPSE] [PM 8:24:09] [INFO] [v0.3.30] CompareEngine: Found 0 differences
[SYNAPSE] [PM 8:24:09] [INFO] [v0.3.30] HarvestSession state change: Comparing -> Approving
[SYNAPSE] [PM 8:24:09] [INFO] [v0.3.30] HarvestSession state change: Approving -> Executing
[SYNAPSE] [PM 8:24:09] [INFO] [v0.3.30] HarvestSession state change: Executing -> Harvesting
[SYNAPSE] [PM 8:24:09] [INFO] [v0.3.30] Harvest starting: Processing 1 approved files
[SYNAPSE] [PM 8:24:09] [WARN] [v0.3.30] Harvest rejected: Invalid clientUsername format 'undefined'
[SYNAPSE] [PM 8:24:09] [INFO] [v0.3.30] Harvest complete: 0 files, 0 folders
[SYNAPSE] [PM 8:24:09] [WARN] [v0.3.30] HarvestSession transition failed: expected Executing, current is Harvesting
[SYNAPSE] [PM 8:24:09] [INFO] [v0.3.30] HarvestSession state change: Harvesting -> Unlocked
[SYNAPSE] [PM 8:24:39] [INFO] [v0.3.30] HarvestSession state change: Unlocked -> Locked
[SYNAPSE] [PM 8:24:39] [INFO] [v0.3.30] HarvestSession state change: Locked -> Comparing
[SYNAPSE] [PM 8:24:39] [WARN] [v0.3.30] CompareEngine: Failed to get hashes for soak_client - Client is not connected
[SYNAPSE] [PM 8:24:39] [INFO] [v0.3.30] CompareEngine: Found 0 differences
[SYNAPSE] [PM 8:24:39] [INFO] [v0.3.30] HarvestSession state change: Comparing -> Approving
[SYNAPSE] [PM 8:24:39] [INFO] [v0.3.30] HarvestSession state change: Approving -> Executing
[SYNAPSE] [PM 8:24:39] [INFO] [v0.3.30] HarvestSession state change: Executing -> Harvesting
[SYNAPSE] [PM 8:24:39] [INFO] [v0.3.30] Harvest starting: Processing 1 approved files
[SYNAPSE] [PM 8:24:39] [WARN] [v0.3.30] Harvest rejected: Invalid clientUsername format 'undefined'
[SYNAPSE] [PM 8:24:39] [INFO] [v0.3.30] Harvest complete: 0 files, 0 folders
[SYNAPSE] [PM 8:24:39] [WARN] [v0.3.30] HarvestSession transition failed: expected Executing, current is Harvesting
[SYNAPSE] [PM 8:24:39] [INFO] [v0.3.30] HarvestSession state change: Harvesting -> Unlocked
SyntaxError: Unexpected token 'n', "null" is not valid JSON
    at JSON.parse (<anonymous>)
    at createStrictSyntaxError (/home/dogsinatas/TypeScript_project/antigravity-extension-vis/node_modules/body-parser/lib/types/json.js:109:10)
    at parse (/home/dogsinatas/TypeScript_project/antigravity-extension-vis/node_modules/body-parser/lib/types/json.js:66:15)
    at /home/dogsinatas/TypeScript_project/antigravity-extension-vis/node_modules/body-parser/lib/read.js:162:18
    at AsyncResource.runInAsyncScope (node:async_hooks:227:14)
    at invokeCallback (/home/dogsinatas/TypeScript_project/antigravity-extension-vis/node_modules/raw-body/index.js:238:16)
    at done (/home/dogsinatas/TypeScript_project/antigravity-extension-vis/node_modules/raw-body/index.js:227:7)
    at IncomingMessage.onEnd (/home/dogsinatas/TypeScript_project/antigravity-extension-vis/node_modules/raw-body/index.js:287:7)
    at IncomingMessage.emit (node:events:509:28)
    at IncomingMessage.emit (node:domain:489:12)
[SYNAPSE] [PM 8:25:09] [INFO] [v0.3.30] HarvestSession state change: Unlocked -> Locked
[SYNAPSE] [PM 8:25:09] [INFO] [v0.3.30] HarvestSession state change: Locked -> Comparing
[SYNAPSE] [PM 8:25:09] [WARN] [v0.3.30] CompareEngine: Failed to get hashes for soak_client - Client is not connected
[SYNAPSE] [PM 8:25:09] [INFO] [v0.3.30] CompareEngine: Found 0 differences
[SYNAPSE] [PM 8:25:09] [INFO] [v0.3.30] HarvestSession state change: Comparing -> Approving
[SYNAPSE] [PM 8:25:09] [INFO] [v0.3.30] HarvestSession state change: Approving -> Executing
[SYNAPSE] [PM 8:25:09] [INFO] [v0.3.30] HarvestSession state change: Executing -> Harvesting
[SYNAPSE] [PM 8:25:09] [INFO] [v0.3.30] Harvest starting: Processing 1 approved files
[SYNAPSE] [PM 8:25:09] [WARN] [v0.3.30] Harvest rejected: Invalid clientUsername format 'undefined'
[SYNAPSE] [PM 8:25:09] [INFO] [v0.3.30] Harvest complete: 0 files, 0 folders
[SYNAPSE] [PM 8:25:09] [WARN] [v0.3.30] HarvestSession transition failed: expected Executing, current is Harvesting
[SYNAPSE] [PM 8:25:09] [INFO] [v0.3.30] HarvestSession state change: Harvesting -> Unlocked
[SYNAPSE] [PM 8:25:39] [INFO] [v0.3.30] HarvestSession state change: Unlocked -> Locked
[SYNAPSE] [PM 8:25:39] [INFO] [v0.3.30] HarvestSession state change: Locked -> Comparing
[SYNAPSE] [PM 8:25:39] [WARN] [v0.3.30] CompareEngine: Failed to get hashes for soak_client - Client is not connected
[SYNAPSE] [PM 8:25:39] [INFO] [v0.3.30] CompareEngine: Found 0 differences
[SYNAPSE] [PM 8:25:39] [INFO] [v0.3.30] HarvestSession state change: Comparing -> Approving
[SYNAPSE] [PM 8:25:39] [INFO] [v0.3.30] HarvestSession state change: Approving -> Executing
[SYNAPSE] [PM 8:25:39] [INFO] [v0.3.30] HarvestSession state change: Executing -> Harvesting
[SYNAPSE] [PM 8:25:39] [INFO] [v0.3.30] Harvest starting: Processing 1 approved files
[SYNAPSE] [PM 8:25:39] [WARN] [v0.3.30] Harvest rejected: Invalid clientUsername format 'undefined'
[SYNAPSE] [PM 8:25:39] [INFO] [v0.3.30] Harvest complete: 0 files, 0 folders
[SYNAPSE] [PM 8:25:39] [WARN] [v0.3.30] HarvestSession transition failed: expected Executing, current is Harvesting
[SYNAPSE] [PM 8:25:39] [INFO] [v0.3.30] HarvestSession state change: Harvesting -> Unlocked
SyntaxError: Unexpected token 'n', "null" is not valid JSON
    at JSON.parse (<anonymous>)
    at createStrictSyntaxError (/home/dogsinatas/TypeScript_project/antigravity-extension-vis/node_modules/body-parser/lib/types/json.js:109:10)
    at parse (/home/dogsinatas/TypeScript_project/antigravity-extension-vis/node_modules/body-parser/lib/types/json.js:66:15)
    at /home/dogsinatas/TypeScript_project/antigravity-extension-vis/node_modules/body-parser/lib/read.js:162:18
    at AsyncResource.runInAsyncScope (node:async_hooks:227:14)
    at invokeCallback (/home/dogsinatas/TypeScript_project/antigravity-extension-vis/node_modules/raw-body/index.js:238:16)
    at done (/home/dogsinatas/TypeScript_project/antigravity-extension-vis/node_modules/raw-body/index.js:227:7)
    at IncomingMessage.onEnd (/home/dogsinatas/TypeScript_project/antigravity-extension-vis/node_modules/raw-body/index.js:287:7)
    at IncomingMessage.emit (node:events:509:28)
    at IncomingMessage.emit (node:domain:489:12)
[SYNAPSE] [PM 8:26:09] [INFO] [v0.3.30] HarvestSession state change: Unlocked -> Locked
[SYNAPSE] [PM 8:26:09] [INFO] [v0.3.30] HarvestSession state change: Locked -> Comparing
[SYNAPSE] [PM 8:26:09] [WARN] [v0.3.30] CompareEngine: Failed to get hashes for soak_client - Client is not connected
[SYNAPSE] [PM 8:26:09] [INFO] [v0.3.30] CompareEngine: Found 0 differences
[SYNAPSE] [PM 8:26:09] [INFO] [v0.3.30] HarvestSession state change: Comparing -> Approving
[SYNAPSE] [PM 8:26:09] [INFO] [v0.3.30] HarvestSession state change: Approving -> Executing
[SYNAPSE] [PM 8:26:09] [INFO] [v0.3.30] HarvestSession state change: Executing -> Harvesting
[SYNAPSE] [PM 8:26:09] [INFO] [v0.3.30] Harvest starting: Processing 1 approved files
[SYNAPSE] [PM 8:26:09] [WARN] [v0.3.30] Harvest rejected: Invalid clientUsername format 'undefined'
[SYNAPSE] [PM 8:26:09] [INFO] [v0.3.30] Harvest complete: 0 files, 0 folders
[SYNAPSE] [PM 8:26:09] [WARN] [v0.3.30] HarvestSession transition failed: expected Executing, current is Harvesting
[SYNAPSE] [PM 8:26:09] [INFO] [v0.3.30] HarvestSession state change: Harvesting -> Unlocked
[SYNAPSE] [PM 8:26:39] [INFO] [v0.3.30] HarvestSession state change: Unlocked -> Locked
[SYNAPSE] [PM 8:26:39] [INFO] [v0.3.30] HarvestSession state change: Locked -> Comparing
[SYNAPSE] [PM 8:26:39] [WARN] [v0.3.30] CompareEngine: Failed to get hashes for soak_client - Client is not connected
[SYNAPSE] [PM 8:26:39] [INFO] [v0.3.30] CompareEngine: Found 0 differences
[SYNAPSE] [PM 8:26:39] [INFO] [v0.3.30] HarvestSession state change: Comparing -> Approving
[SYNAPSE] [PM 8:26:39] [INFO] [v0.3.30] HarvestSession state change: Approving -> Executing
[SYNAPSE] [PM 8:26:39] [INFO] [v0.3.30] HarvestSession state change: Executing -> Harvesting
[SYNAPSE] [PM 8:26:39] [INFO] [v0.3.30] Harvest starting: Processing 1 approved files
[SYNAPSE] [PM 8:26:39] [WARN] [v0.3.30] Harvest rejected: Invalid clientUsername format 'undefined'
[SYNAPSE] [PM 8:26:39] [INFO] [v0.3.30] Harvest complete: 0 files, 0 folders
[SYNAPSE] [PM 8:26:39] [WARN] [v0.3.30] HarvestSession transition failed: expected Executing, current is Harvesting
[SYNAPSE] [PM 8:26:39] [INFO] [v0.3.30] HarvestSession state change: Harvesting -> Unlocked
SyntaxError: Unexpected token 'n', "null" is not valid JSON
    at JSON.parse (<anonymous>)
    at createStrictSyntaxError (/home/dogsinatas/TypeScript_project/antigravity-extension-vis/node_modules/body-parser/lib/types/json.js:109:10)
    at parse (/home/dogsinatas/TypeScript_project/antigravity-extension-vis/node_modules/body-parser/lib/types/json.js:66:15)
    at /home/dogsinatas/TypeScript_project/antigravity-extension-vis/node_modules/body-parser/lib/read.js:162:18
    at AsyncResource.runInAsyncScope (node:async_hooks:227:14)
    at invokeCallback (/home/dogsinatas/TypeScript_project/antigravity-extension-vis/node_modules/raw-body/index.js:238:16)
    at done (/home/dogsinatas/TypeScript_project/antigravity-extension-vis/node_modules/raw-body/index.js:227:7)
    at IncomingMessage.onEnd (/home/dogsinatas/TypeScript_project/antigravity-extension-vis/node_modules/raw-body/index.js:287:7)
    at IncomingMessage.emit (node:events:509:28)
    at IncomingMessage.emit (node:domain:489:12)
[SYNAPSE] [PM 8:27:09] [INFO] [v0.3.30] HarvestSession state change: Unlocked -> Locked
[SYNAPSE] [PM 8:27:09] [INFO] [v0.3.30] HarvestSession state change: Locked -> Comparing
[SYNAPSE] [PM 8:27:09] [WARN] [v0.3.30] CompareEngine: Failed to get hashes for soak_client - Client is not connected
[SYNAPSE] [PM 8:27:09] [INFO] [v0.3.30] CompareEngine: Found 0 differences
[SYNAPSE] [PM 8:27:09] [INFO] [v0.3.30] HarvestSession state change: Comparing -> Approving
[SYNAPSE] [PM 8:27:09] [INFO] [v0.3.30] HarvestSession state change: Approving -> Executing
[SYNAPSE] [PM 8:27:09] [INFO] [v0.3.30] HarvestSession state change: Executing -> Harvesting
[SYNAPSE] [PM 8:27:09] [INFO] [v0.3.30] Harvest starting: Processing 1 approved files
[SYNAPSE] [PM 8:27:09] [WARN] [v0.3.30] Harvest rejected: Invalid clientUsername format 'undefined'
[SYNAPSE] [PM 8:27:09] [INFO] [v0.3.30] Harvest complete: 0 files, 0 folders
[SYNAPSE] [PM 8:27:09] [WARN] [v0.3.30] HarvestSession transition failed: expected Executing, current is Harvesting
[SYNAPSE] [PM 8:27:09] [INFO] [v0.3.30] HarvestSession state change: Harvesting -> Unlocked
[SYNAPSE] [PM 8:27:39] [INFO] [v0.3.30] HarvestSession state change: Unlocked -> Locked
[SYNAPSE] [PM 8:27:39] [INFO] [v0.3.30] HarvestSession state change: Locked -> Comparing
[SYNAPSE] [PM 8:27:39] [WARN] [v0.3.30] CompareEngine: Failed to get hashes for soak_client - Client is not connected
[SYNAPSE] [PM 8:27:39] [INFO] [v0.3.30] CompareEngine: Found 0 differences
[SYNAPSE] [PM 8:27:39] [INFO] [v0.3.30] HarvestSession state change: Comparing -> Approving
[SYNAPSE] [PM 8:27:39] [INFO] [v0.3.30] HarvestSession state change: Approving -> Executing
[SYNAPSE] [PM 8:27:39] [INFO] [v0.3.30] HarvestSession state change: Executing -> Harvesting
[SYNAPSE] [PM 8:27:39] [INFO] [v0.3.30] Harvest starting: Processing 1 approved files
[SYNAPSE] [PM 8:27:39] [WARN] [v0.3.30] Harvest rejected: Invalid clientUsername format 'undefined'
[SYNAPSE] [PM 8:27:39] [INFO] [v0.3.30] Harvest complete: 0 files, 0 folders
[SYNAPSE] [PM 8:27:39] [WARN] [v0.3.30] HarvestSession transition failed: expected Executing, current is Harvesting
[SYNAPSE] [PM 8:27:39] [INFO] [v0.3.30] HarvestSession state change: Harvesting -> Unlocked
SyntaxError: Unexpected token 'n', "null" is not valid JSON
    at JSON.parse (<anonymous>)
    at createStrictSyntaxError (/home/dogsinatas/TypeScript_project/antigravity-extension-vis/node_modules/body-parser/lib/types/json.js:109:10)
    at parse (/home/dogsinatas/TypeScript_project/antigravity-extension-vis/node_modules/body-parser/lib/types/json.js:66:15)
    at /home/dogsinatas/TypeScript_project/antigravity-extension-vis/node_modules/body-parser/lib/read.js:162:18
    at AsyncResource.runInAsyncScope (node:async_hooks:227:14)
    at invokeCallback (/home/dogsinatas/TypeScript_project/antigravity-extension-vis/node_modules/raw-body/index.js:238:16)
    at done (/home/dogsinatas/TypeScript_project/antigravity-extension-vis/node_modules/raw-body/index.js:227:7)
    at IncomingMessage.onEnd (/home/dogsinatas/TypeScript_project/antigravity-extension-vis/node_modules/raw-body/index.js:287:7)
    at IncomingMessage.emit (node:events:509:28)
    at IncomingMessage.emit (node:domain:489:12)
[SYNAPSE] [PM 8:28:09] [INFO] [v0.3.30] HarvestSession state change: Unlocked -> Locked
[SYNAPSE] [PM 8:28:09] [INFO] [v0.3.30] HarvestSession state change: Locked -> Comparing
[SYNAPSE] [PM 8:28:09] [WARN] [v0.3.30] CompareEngine: Failed to get hashes for soak_client - Client is not connected
[SYNAPSE] [PM 8:28:09] [INFO] [v0.3.30] CompareEngine: Found 0 differences
[SYNAPSE] [PM 8:28:09] [INFO] [v0.3.30] HarvestSession state change: Comparing -> Approving
[SYNAPSE] [PM 8:28:09] [INFO] [v0.3.30] HarvestSession state change: Approving -> Executing
[SYNAPSE] [PM 8:28:09] [INFO] [v0.3.30] HarvestSession state change: Executing -> Harvesting
[SYNAPSE] [PM 8:28:09] [INFO] [v0.3.30] Harvest starting: Processing 1 approved files
[SYNAPSE] [PM 8:28:09] [WARN] [v0.3.30] Harvest rejected: Invalid clientUsername format 'undefined'
[SYNAPSE] [PM 8:28:09] [INFO] [v0.3.30] Harvest complete: 0 files, 0 folders
[SYNAPSE] [PM 8:28:09] [WARN] [v0.3.30] HarvestSession transition failed: expected Executing, current is Harvesting
[SYNAPSE] [PM 8:28:09] [INFO] [v0.3.30] HarvestSession state change: Harvesting -> Unlocked
[SYNAPSE] [PM 8:28:39] [INFO] [v0.3.30] HarvestSession state change: Unlocked -> Locked
[SYNAPSE] [PM 8:28:39] [INFO] [v0.3.30] HarvestSession state change: Locked -> Comparing
[SYNAPSE] [PM 8:28:39] [WARN] [v0.3.30] CompareEngine: Failed to get hashes for soak_client - Client is not connected
[SYNAPSE] [PM 8:28:39] [INFO] [v0.3.30] CompareEngine: Found 0 differences
[SYNAPSE] [PM 8:28:39] [INFO] [v0.3.30] HarvestSession state change: Comparing -> Approving
[SYNAPSE] [PM 8:28:39] [INFO] [v0.3.30] HarvestSession state change: Approving -> Executing
[SYNAPSE] [PM 8:28:39] [INFO] [v0.3.30] HarvestSession state change: Executing -> Harvesting
[SYNAPSE] [PM 8:28:39] [INFO] [v0.3.30] Harvest starting: Processing 1 approved files
[SYNAPSE] [PM 8:28:39] [WARN] [v0.3.30] Harvest rejected: Invalid clientUsername format 'undefined'
[SYNAPSE] [PM 8:28:39] [INFO] [v0.3.30] Harvest complete: 0 files, 0 folders
[SYNAPSE] [PM 8:28:39] [WARN] [v0.3.30] HarvestSession transition failed: expected Executing, current is Harvesting
[SYNAPSE] [PM 8:28:39] [INFO] [v0.3.30] HarvestSession state change: Harvesting -> Unlocked
SyntaxError: Unexpected token 'n', "null" is not valid JSON
    at JSON.parse (<anonymous>)
    at createStrictSyntaxError (/home/dogsinatas/TypeScript_project/antigravity-extension-vis/node_modules/body-parser/lib/types/json.js:109:10)
    at parse (/home/dogsinatas/TypeScript_project/antigravity-extension-vis/node_modules/body-parser/lib/types/json.js:66:15)
    at /home/dogsinatas/TypeScript_project/antigravity-extension-vis/node_modules/body-parser/lib/read.js:162:18
    at AsyncResource.runInAsyncScope (node:async_hooks:227:14)
    at invokeCallback (/home/dogsinatas/TypeScript_project/antigravity-extension-vis/node_modules/raw-body/index.js:238:16)
    at done (/home/dogsinatas/TypeScript_project/antigravity-extension-vis/node_modules/raw-body/index.js:227:7)
    at IncomingMessage.onEnd (/home/dogsinatas/TypeScript_project/antigravity-extension-vis/node_modules/raw-body/index.js:287:7)
    at IncomingMessage.emit (node:events:509:28)
    at IncomingMessage.emit (node:domain:489:12)
[SYNAPSE] [PM 8:29:09] [INFO] [v0.3.30] HarvestSession state change: Unlocked -> Locked
[SYNAPSE] [PM 8:29:09] [INFO] [v0.3.30] HarvestSession state change: Locked -> Comparing
[SYNAPSE] [PM 8:29:09] [WARN] [v0.3.30] CompareEngine: Failed to get hashes for soak_client - Client is not connected
[SYNAPSE] [PM 8:29:09] [INFO] [v0.3.30] CompareEngine: Found 0 differences
[SYNAPSE] [PM 8:29:09] [INFO] [v0.3.30] HarvestSession state change: Comparing -> Approving
[SYNAPSE] [PM 8:29:09] [INFO] [v0.3.30] HarvestSession state change: Approving -> Executing
[SYNAPSE] [PM 8:29:09] [INFO] [v0.3.30] HarvestSession state change: Executing -> Harvesting
[SYNAPSE] [PM 8:29:09] [INFO] [v0.3.30] Harvest starting: Processing 1 approved files
[SYNAPSE] [PM 8:29:09] [WARN] [v0.3.30] Harvest rejected: Invalid clientUsername format 'undefined'
[SYNAPSE] [PM 8:29:09] [INFO] [v0.3.30] Harvest complete: 0 files, 0 folders
[SYNAPSE] [PM 8:29:09] [WARN] [v0.3.30] HarvestSession transition failed: expected Executing, current is Harvesting
[SYNAPSE] [PM 8:29:09] [INFO] [v0.3.30] HarvestSession state change: Harvesting -> Unlocked
[SYNAPSE] [PM 8:29:39] [INFO] [v0.3.30] HarvestSession state change: Unlocked -> Locked
[SYNAPSE] [PM 8:29:39] [INFO] [v0.3.30] HarvestSession state change: Locked -> Comparing
[SYNAPSE] [PM 8:29:39] [WARN] [v0.3.30] CompareEngine: Failed to get hashes for soak_client - Client is not connected
[SYNAPSE] [PM 8:29:39] [INFO] [v0.3.30] CompareEngine: Found 0 differences
[SYNAPSE] [PM 8:29:39] [INFO] [v0.3.30] HarvestSession state change: Comparing -> Approving
[SYNAPSE] [PM 8:29:39] [INFO] [v0.3.30] HarvestSession state change: Approving -> Executing
[SYNAPSE] [PM 8:29:39] [INFO] [v0.3.30] HarvestSession state change: Executing -> Harvesting
[SYNAPSE] [PM 8:29:39] [INFO] [v0.3.30] Harvest starting: Processing 1 approved files
[SYNAPSE] [PM 8:29:39] [WARN] [v0.3.30] Harvest rejected: Invalid clientUsername format 'undefined'
[SYNAPSE] [PM 8:29:39] [INFO] [v0.3.30] Harvest complete: 0 files, 0 folders
[SYNAPSE] [PM 8:29:39] [WARN] [v0.3.30] HarvestSession transition failed: expected Executing, current is Harvesting
[SYNAPSE] [PM 8:29:39] [INFO] [v0.3.30] HarvestSession state change: Harvesting -> Unlocked
SyntaxError: Unexpected token 'n', "null" is not valid JSON
    at JSON.parse (<anonymous>)
    at createStrictSyntaxError (/home/dogsinatas/TypeScript_project/antigravity-extension-vis/node_modules/body-parser/lib/types/json.js:109:10)
    at parse (/home/dogsinatas/TypeScript_project/antigravity-extension-vis/node_modules/body-parser/lib/types/json.js:66:15)
    at /home/dogsinatas/TypeScript_project/antigravity-extension-vis/node_modules/body-parser/lib/read.js:162:18
    at AsyncResource.runInAsyncScope (node:async_hooks:227:14)
    at invokeCallback (/home/dogsinatas/TypeScript_project/antigravity-extension-vis/node_modules/raw-body/index.js:238:16)
    at done (/home/dogsinatas/TypeScript_project/antigravity-extension-vis/node_modules/raw-body/index.js:227:7)
    at IncomingMessage.onEnd (/home/dogsinatas/TypeScript_project/antigravity-extension-vis/node_modules/raw-body/index.js:287:7)
    at IncomingMessage.emit (node:events:509:28)
    at IncomingMessage.emit (node:domain:489:12)
[SYNAPSE] [PM 8:30:09] [INFO] [v0.3.30] HarvestSession state change: Unlocked -> Locked
[SYNAPSE] [PM 8:30:09] [INFO] [v0.3.30] HarvestSession state change: Locked -> Comparing
[SYNAPSE] [PM 8:30:09] [WARN] [v0.3.30] CompareEngine: Failed to get hashes for soak_client - Client is not connected
[SYNAPSE] [PM 8:30:09] [INFO] [v0.3.30] CompareEngine: Found 0 differences
[SYNAPSE] [PM 8:30:09] [INFO] [v0.3.30] HarvestSession state change: Comparing -> Approving
[SYNAPSE] [PM 8:30:09] [INFO] [v0.3.30] HarvestSession state change: Approving -> Executing
[SYNAPSE] [PM 8:30:09] [INFO] [v0.3.30] HarvestSession state change: Executing -> Harvesting
[SYNAPSE] [PM 8:30:09] [INFO] [v0.3.30] Harvest starting: Processing 1 approved files
[SYNAPSE] [PM 8:30:09] [WARN] [v0.3.30] Harvest rejected: Invalid clientUsername format 'undefined'
[SYNAPSE] [PM 8:30:09] [INFO] [v0.3.30] Harvest complete: 0 files, 0 folders
[SYNAPSE] [PM 8:30:09] [WARN] [v0.3.30] HarvestSession transition failed: expected Executing, current is Harvesting
[SYNAPSE] [PM 8:30:09] [INFO] [v0.3.30] HarvestSession state change: Harvesting -> Unlocked
[SYNAPSE] [PM 8:30:39] [INFO] [v0.3.30] HarvestSession state change: Unlocked -> Locked
[SYNAPSE] [PM 8:30:39] [INFO] [v0.3.30] HarvestSession state change: Locked -> Comparing
[SYNAPSE] [PM 8:30:39] [WARN] [v0.3.30] CompareEngine: Failed to get hashes for soak_client - Client is not connected
[SYNAPSE] [PM 8:30:39] [INFO] [v0.3.30] CompareEngine: Found 0 differences
[SYNAPSE] [PM 8:30:39] [INFO] [v0.3.30] HarvestSession state change: Comparing -> Approving
[SYNAPSE] [PM 8:30:39] [INFO] [v0.3.30] HarvestSession state change: Approving -> Executing
[SYNAPSE] [PM 8:30:39] [INFO] [v0.3.30] HarvestSession state change: Executing -> Harvesting
[SYNAPSE] [PM 8:30:39] [INFO] [v0.3.30] Harvest starting: Processing 1 approved files
[SYNAPSE] [PM 8:30:39] [WARN] [v0.3.30] Harvest rejected: Invalid clientUsername format 'undefined'
[SYNAPSE] [PM 8:30:39] [INFO] [v0.3.30] Harvest complete: 0 files, 0 folders
[SYNAPSE] [PM 8:30:39] [WARN] [v0.3.30] HarvestSession transition failed: expected Executing, current is Harvesting
[SYNAPSE] [PM 8:30:39] [INFO] [v0.3.30] HarvestSession state change: Harvesting -> Unlocked
SyntaxError: Unexpected token 'n', "null" is not valid JSON
    at JSON.parse (<anonymous>)
    at createStrictSyntaxError (/home/dogsinatas/TypeScript_project/antigravity-extension-vis/node_modules/body-parser/lib/types/json.js:109:10)
    at parse (/home/dogsinatas/TypeScript_project/antigravity-extension-vis/node_modules/body-parser/lib/types/json.js:66:15)
    at /home/dogsinatas/TypeScript_project/antigravity-extension-vis/node_modules/body-parser/lib/read.js:162:18
    at AsyncResource.runInAsyncScope (node:async_hooks:227:14)
    at invokeCallback (/home/dogsinatas/TypeScript_project/antigravity-extension-vis/node_modules/raw-body/index.js:238:16)
    at done (/home/dogsinatas/TypeScript_project/antigravity-extension-vis/node_modules/raw-body/index.js:227:7)
    at IncomingMessage.onEnd (/home/dogsinatas/TypeScript_project/antigravity-extension-vis/node_modules/raw-body/index.js:287:7)
    at IncomingMessage.emit (node:events:509:28)
    at IncomingMessage.emit (node:domain:489:12)
[SYNAPSE] [PM 8:31:09] [INFO] [v0.3.30] HarvestSession state change: Unlocked -> Locked
[SYNAPSE] [PM 8:31:09] [INFO] [v0.3.30] HarvestSession state change: Locked -> Comparing
[SYNAPSE] [PM 8:31:09] [WARN] [v0.3.30] CompareEngine: Failed to get hashes for soak_client - Client is not connected
[SYNAPSE] [PM 8:31:09] [INFO] [v0.3.30] CompareEngine: Found 0 differences
[SYNAPSE] [PM 8:31:09] [INFO] [v0.3.30] HarvestSession state change: Comparing -> Approving
[SYNAPSE] [PM 8:31:09] [INFO] [v0.3.30] HarvestSession state change: Approving -> Executing
[SYNAPSE] [PM 8:31:09] [INFO] [v0.3.30] HarvestSession state change: Executing -> Harvesting
[SYNAPSE] [PM 8:31:09] [INFO] [v0.3.30] Harvest starting: Processing 1 approved files
[SYNAPSE] [PM 8:31:09] [WARN] [v0.3.30] Harvest rejected: Invalid clientUsername format 'undefined'
[SYNAPSE] [PM 8:31:09] [INFO] [v0.3.30] Harvest complete: 0 files, 0 folders
[SYNAPSE] [PM 8:31:09] [WARN] [v0.3.30] HarvestSession transition failed: expected Executing, current is Harvesting
[SYNAPSE] [PM 8:31:09] [INFO] [v0.3.30] HarvestSession state change: Harvesting -> Unlocked
[SYNAPSE] [PM 8:31:39] [INFO] [v0.3.30] HarvestSession state change: Unlocked -> Locked
[SYNAPSE] [PM 8:31:39] [INFO] [v0.3.30] HarvestSession state change: Locked -> Comparing
[SYNAPSE] [PM 8:31:39] [WARN] [v0.3.30] CompareEngine: Failed to get hashes for soak_client - Client is not connected
[SYNAPSE] [PM 8:31:39] [INFO] [v0.3.30] CompareEngine: Found 0 differences
[SYNAPSE] [PM 8:31:39] [INFO] [v0.3.30] HarvestSession state change: Comparing -> Approving
[SYNAPSE] [PM 8:31:39] [INFO] [v0.3.30] HarvestSession state change: Approving -> Executing
[SYNAPSE] [PM 8:31:39] [INFO] [v0.3.30] HarvestSession state change: Executing -> Harvesting
[SYNAPSE] [PM 8:31:39] [INFO] [v0.3.30] Harvest starting: Processing 1 approved files
[SYNAPSE] [PM 8:31:39] [WARN] [v0.3.30] Harvest rejected: Invalid clientUsername format 'undefined'
[SYNAPSE] [PM 8:31:39] [INFO] [v0.3.30] Harvest complete: 0 files, 0 folders
[SYNAPSE] [PM 8:31:39] [WARN] [v0.3.30] HarvestSession transition failed: expected Executing, current is Harvesting
[SYNAPSE] [PM 8:31:39] [INFO] [v0.3.30] HarvestSession state change: Harvesting -> Unlocked
SyntaxError: Unexpected token 'n', "null" is not valid JSON
    at JSON.parse (<anonymous>)
    at createStrictSyntaxError (/home/dogsinatas/TypeScript_project/antigravity-extension-vis/node_modules/body-parser/lib/types/json.js:109:10)
    at parse (/home/dogsinatas/TypeScript_project/antigravity-extension-vis/node_modules/body-parser/lib/types/json.js:66:15)
    at /home/dogsinatas/TypeScript_project/antigravity-extension-vis/node_modules/body-parser/lib/read.js:162:18
    at AsyncResource.runInAsyncScope (node:async_hooks:227:14)
    at invokeCallback (/home/dogsinatas/TypeScript_project/antigravity-extension-vis/node_modules/raw-body/index.js:238:16)
    at done (/home/dogsinatas/TypeScript_project/antigravity-extension-vis/node_modules/raw-body/index.js:227:7)
    at IncomingMessage.onEnd (/home/dogsinatas/TypeScript_project/antigravity-extension-vis/node_modules/raw-body/index.js:287:7)
    at IncomingMessage.emit (node:events:509:28)
    at IncomingMessage.emit (node:domain:489:12)
[SYNAPSE] [PM 8:32:09] [INFO] [v0.3.30] HarvestSession state change: Unlocked -> Locked
[SYNAPSE] [PM 8:32:09] [INFO] [v0.3.30] HarvestSession state change: Locked -> Comparing
[SYNAPSE] [PM 8:32:09] [WARN] [v0.3.30] CompareEngine: Failed to get hashes for soak_client - Client is not connected
[SYNAPSE] [PM 8:32:09] [INFO] [v0.3.30] CompareEngine: Found 0 differences
[SYNAPSE] [PM 8:32:09] [INFO] [v0.3.30] HarvestSession state change: Comparing -> Approving
[SYNAPSE] [PM 8:32:09] [INFO] [v0.3.30] HarvestSession state change: Approving -> Executing
[SYNAPSE] [PM 8:32:09] [INFO] [v0.3.30] HarvestSession state change: Executing -> Harvesting
[SYNAPSE] [PM 8:32:09] [INFO] [v0.3.30] Harvest starting: Processing 1 approved files
[SYNAPSE] [PM 8:32:09] [WARN] [v0.3.30] Harvest rejected: Invalid clientUsername format 'undefined'
[SYNAPSE] [PM 8:32:09] [INFO] [v0.3.30] Harvest complete: 0 files, 0 folders
[SYNAPSE] [PM 8:32:09] [WARN] [v0.3.30] HarvestSession transition failed: expected Executing, current is Harvesting
[SYNAPSE] [PM 8:32:09] [INFO] [v0.3.30] HarvestSession state change: Harvesting -> Unlocked
[SYNAPSE] [PM 8:32:39] [INFO] [v0.3.30] HarvestSession state change: Unlocked -> Locked
[SYNAPSE] [PM 8:32:39] [INFO] [v0.3.30] HarvestSession state change: Locked -> Comparing
[SYNAPSE] [PM 8:32:39] [WARN] [v0.3.30] CompareEngine: Failed to get hashes for soak_client - Client is not connected
[SYNAPSE] [PM 8:32:39] [INFO] [v0.3.30] CompareEngine: Found 0 differences
[SYNAPSE] [PM 8:32:39] [INFO] [v0.3.30] HarvestSession state change: Comparing -> Approving
[SYNAPSE] [PM 8:32:39] [INFO] [v0.3.30] HarvestSession state change: Approving -> Executing
[SYNAPSE] [PM 8:32:39] [INFO] [v0.3.30] HarvestSession state change: Executing -> Harvesting
[SYNAPSE] [PM 8:32:39] [INFO] [v0.3.30] Harvest starting: Processing 1 approved files
[SYNAPSE] [PM 8:32:39] [WARN] [v0.3.30] Harvest rejected: Invalid clientUsername format 'undefined'
[SYNAPSE] [PM 8:32:39] [INFO] [v0.3.30] Harvest complete: 0 files, 0 folders
[SYNAPSE] [PM 8:32:39] [WARN] [v0.3.30] HarvestSession transition failed: expected Executing, current is Harvesting
[SYNAPSE] [PM 8:32:39] [INFO] [v0.3.30] HarvestSession state change: Harvesting -> Unlocked
SyntaxError: Unexpected token 'n', "null" is not valid JSON
    at JSON.parse (<anonymous>)
    at createStrictSyntaxError (/home/dogsinatas/TypeScript_project/antigravity-extension-vis/node_modules/body-parser/lib/types/json.js:109:10)
    at parse (/home/dogsinatas/TypeScript_project/antigravity-extension-vis/node_modules/body-parser/lib/types/json.js:66:15)
    at /home/dogsinatas/TypeScript_project/antigravity-extension-vis/node_modules/body-parser/lib/read.js:162:18
    at AsyncResource.runInAsyncScope (node:async_hooks:227:14)
    at invokeCallback (/home/dogsinatas/TypeScript_project/antigravity-extension-vis/node_modules/raw-body/index.js:238:16)
    at done (/home/dogsinatas/TypeScript_project/antigravity-extension-vis/node_modules/raw-body/index.js:227:7)
    at IncomingMessage.onEnd (/home/dogsinatas/TypeScript_project/antigravity-extension-vis/node_modules/raw-body/index.js:287:7)
    at IncomingMessage.emit (node:events:509:28)
    at IncomingMessage.emit (node:domain:489:12)
[SYNAPSE] [PM 8:33:09] [INFO] [v0.3.30] HarvestSession state change: Unlocked -> Locked
[SYNAPSE] [PM 8:33:09] [INFO] [v0.3.30] HarvestSession state change: Locked -> Comparing
[SYNAPSE] [PM 8:33:09] [WARN] [v0.3.30] CompareEngine: Failed to get hashes for soak_client - Client is not connected
[SYNAPSE] [PM 8:33:09] [INFO] [v0.3.30] CompareEngine: Found 0 differences
[SYNAPSE] [PM 8:33:09] [INFO] [v0.3.30] HarvestSession state change: Comparing -> Approving
[SYNAPSE] [PM 8:33:09] [INFO] [v0.3.30] HarvestSession state change: Approving -> Executing
[SYNAPSE] [PM 8:33:09] [INFO] [v0.3.30] HarvestSession state change: Executing -> Harvesting
[SYNAPSE] [PM 8:33:09] [INFO] [v0.3.30] Harvest starting: Processing 1 approved files
[SYNAPSE] [PM 8:33:09] [WARN] [v0.3.30] Harvest rejected: Invalid clientUsername format 'undefined'
[SYNAPSE] [PM 8:33:09] [INFO] [v0.3.30] Harvest complete: 0 files, 0 folders
[SYNAPSE] [PM 8:33:09] [WARN] [v0.3.30] HarvestSession transition failed: expected Executing, current is Harvesting
[SYNAPSE] [PM 8:33:09] [INFO] [v0.3.30] HarvestSession state change: Harvesting -> Unlocked
[SYNAPSE] [PM 8:33:39] [INFO] [v0.3.30] HarvestSession state change: Unlocked -> Locked
[SYNAPSE] [PM 8:33:39] [INFO] [v0.3.30] HarvestSession state change: Locked -> Comparing
[SYNAPSE] [PM 8:33:39] [WARN] [v0.3.30] CompareEngine: Failed to get hashes for soak_client - Client is not connected
[SYNAPSE] [PM 8:33:39] [INFO] [v0.3.30] CompareEngine: Found 0 differences
[SYNAPSE] [PM 8:33:39] [INFO] [v0.3.30] HarvestSession state change: Comparing -> Approving
[SYNAPSE] [PM 8:33:39] [INFO] [v0.3.30] HarvestSession state change: Approving -> Executing
[SYNAPSE] [PM 8:33:39] [INFO] [v0.3.30] HarvestSession state change: Executing -> Harvesting
[SYNAPSE] [PM 8:33:39] [INFO] [v0.3.30] Harvest starting: Processing 1 approved files
[SYNAPSE] [PM 8:33:39] [WARN] [v0.3.30] Harvest rejected: Invalid clientUsername format 'undefined'
[SYNAPSE] [PM 8:33:39] [INFO] [v0.3.30] Harvest complete: 0 files, 0 folders
[SYNAPSE] [PM 8:33:39] [WARN] [v0.3.30] HarvestSession transition failed: expected Executing, current is Harvesting
[SYNAPSE] [PM 8:33:39] [INFO] [v0.3.30] HarvestSession state change: Harvesting -> Unlocked
SyntaxError: Unexpected token 'n', "null" is not valid JSON
    at JSON.parse (<anonymous>)
    at createStrictSyntaxError (/home/dogsinatas/TypeScript_project/antigravity-extension-vis/node_modules/body-parser/lib/types/json.js:109:10)
    at parse (/home/dogsinatas/TypeScript_project/antigravity-extension-vis/node_modules/body-parser/lib/types/json.js:66:15)
    at /home/dogsinatas/TypeScript_project/antigravity-extension-vis/node_modules/body-parser/lib/read.js:162:18
    at AsyncResource.runInAsyncScope (node:async_hooks:227:14)
    at invokeCallback (/home/dogsinatas/TypeScript_project/antigravity-extension-vis/node_modules/raw-body/index.js:238:16)
    at done (/home/dogsinatas/TypeScript_project/antigravity-extension-vis/node_modules/raw-body/index.js:227:7)
    at IncomingMessage.onEnd (/home/dogsinatas/TypeScript_project/antigravity-extension-vis/node_modules/raw-body/index.js:287:7)
    at IncomingMessage.emit (node:events:509:28)
    at IncomingMessage.emit (node:domain:489:12)
[SYNAPSE] [PM 8:34:09] [INFO] [v0.3.30] HarvestSession state change: Unlocked -> Locked
[SYNAPSE] [PM 8:34:09] [INFO] [v0.3.30] HarvestSession state change: Locked -> Comparing
[SYNAPSE] [PM 8:34:09] [WARN] [v0.3.30] CompareEngine: Failed to get hashes for soak_client - Client is not connected
[SYNAPSE] [PM 8:34:09] [INFO] [v0.3.30] CompareEngine: Found 0 differences
[SYNAPSE] [PM 8:34:09] [INFO] [v0.3.30] HarvestSession state change: Comparing -> Approving
[SYNAPSE] [PM 8:34:09] [INFO] [v0.3.30] HarvestSession state change: Approving -> Executing
[SYNAPSE] [PM 8:34:09] [INFO] [v0.3.30] HarvestSession state change: Executing -> Harvesting
[SYNAPSE] [PM 8:34:09] [INFO] [v0.3.30] Harvest starting: Processing 1 approved files
[SYNAPSE] [PM 8:34:09] [WARN] [v0.3.30] Harvest rejected: Invalid clientUsername format 'undefined'
[SYNAPSE] [PM 8:34:09] [INFO] [v0.3.30] Harvest complete: 0 files, 0 folders
[SYNAPSE] [PM 8:34:09] [WARN] [v0.3.30] HarvestSession transition failed: expected Executing, current is Harvesting
[SYNAPSE] [PM 8:34:09] [INFO] [v0.3.30] HarvestSession state change: Harvesting -> Unlocked
[SYNAPSE] [PM 8:34:39] [INFO] [v0.3.30] HarvestSession state change: Unlocked -> Locked
[SYNAPSE] [PM 8:34:39] [INFO] [v0.3.30] HarvestSession state change: Locked -> Comparing
[SYNAPSE] [PM 8:34:39] [WARN] [v0.3.30] CompareEngine: Failed to get hashes for soak_client - Client is not connected
[SYNAPSE] [PM 8:34:39] [INFO] [v0.3.30] CompareEngine: Found 0 differences
[SYNAPSE] [PM 8:34:39] [INFO] [v0.3.30] HarvestSession state change: Comparing -> Approving
[SYNAPSE] [PM 8:34:39] [INFO] [v0.3.30] HarvestSession state change: Approving -> Executing
[SYNAPSE] [PM 8:34:39] [INFO] [v0.3.30] HarvestSession state change: Executing -> Harvesting
[SYNAPSE] [PM 8:34:39] [INFO] [v0.3.30] Harvest starting: Processing 1 approved files
[SYNAPSE] [PM 8:34:39] [WARN] [v0.3.30] Harvest rejected: Invalid clientUsername format 'undefined'
[SYNAPSE] [PM 8:34:39] [INFO] [v0.3.30] Harvest complete: 0 files, 0 folders
[SYNAPSE] [PM 8:34:39] [WARN] [v0.3.30] HarvestSession transition failed: expected Executing, current is Harvesting
[SYNAPSE] [PM 8:34:39] [INFO] [v0.3.30] HarvestSession state change: Harvesting -> Unlocked
SyntaxError: Unexpected token 'n', "null" is not valid JSON
    at JSON.parse (<anonymous>)
    at createStrictSyntaxError (/home/dogsinatas/TypeScript_project/antigravity-extension-vis/node_modules/body-parser/lib/types/json.js:109:10)
    at parse (/home/dogsinatas/TypeScript_project/antigravity-extension-vis/node_modules/body-parser/lib/types/json.js:66:15)
    at /home/dogsinatas/TypeScript_project/antigravity-extension-vis/node_modules/body-parser/lib/read.js:162:18
    at AsyncResource.runInAsyncScope (node:async_hooks:227:14)
    at invokeCallback (/home/dogsinatas/TypeScript_project/antigravity-extension-vis/node_modules/raw-body/index.js:238:16)
    at done (/home/dogsinatas/TypeScript_project/antigravity-extension-vis/node_modules/raw-body/index.js:227:7)
    at IncomingMessage.onEnd (/home/dogsinatas/TypeScript_project/antigravity-extension-vis/node_modules/raw-body/index.js:287:7)
    at IncomingMessage.emit (node:events:509:28)
    at IncomingMessage.emit (node:domain:489:12)
[SYNAPSE] [PM 8:35:09] [INFO] [v0.3.30] HarvestSession state change: Unlocked -> Locked
[SYNAPSE] [PM 8:35:09] [INFO] [v0.3.30] HarvestSession state change: Locked -> Comparing
[SYNAPSE] [PM 8:35:09] [WARN] [v0.3.30] CompareEngine: Failed to get hashes for soak_client - Client is not connected
[SYNAPSE] [PM 8:35:09] [INFO] [v0.3.30] CompareEngine: Found 0 differences
[SYNAPSE] [PM 8:35:09] [INFO] [v0.3.30] HarvestSession state change: Comparing -> Approving
[SYNAPSE] [PM 8:35:09] [INFO] [v0.3.30] HarvestSession state change: Approving -> Executing
[SYNAPSE] [PM 8:35:09] [INFO] [v0.3.30] HarvestSession state change: Executing -> Harvesting
[SYNAPSE] [PM 8:35:09] [INFO] [v0.3.30] Harvest starting: Processing 1 approved files
[SYNAPSE] [PM 8:35:09] [WARN] [v0.3.30] Harvest rejected: Invalid clientUsername format 'undefined'
[SYNAPSE] [PM 8:35:09] [INFO] [v0.3.30] Harvest complete: 0 files, 0 folders
[SYNAPSE] [PM 8:35:09] [WARN] [v0.3.30] HarvestSession transition failed: expected Executing, current is Harvesting
[SYNAPSE] [PM 8:35:09] [INFO] [v0.3.30] HarvestSession state change: Harvesting -> Unlocked
[SYNAPSE] [PM 8:35:39] [INFO] [v0.3.30] HarvestSession state change: Unlocked -> Locked
[SYNAPSE] [PM 8:35:39] [INFO] [v0.3.30] HarvestSession state change: Locked -> Comparing
[SYNAPSE] [PM 8:35:39] [WARN] [v0.3.30] CompareEngine: Failed to get hashes for soak_client - Client is not connected
[SYNAPSE] [PM 8:35:39] [INFO] [v0.3.30] CompareEngine: Found 0 differences
[SYNAPSE] [PM 8:35:39] [INFO] [v0.3.30] HarvestSession state change: Comparing -> Approving
[SYNAPSE] [PM 8:35:39] [INFO] [v0.3.30] HarvestSession state change: Approving -> Executing
[SYNAPSE] [PM 8:35:39] [INFO] [v0.3.30] HarvestSession state change: Executing -> Harvesting
[SYNAPSE] [PM 8:35:39] [INFO] [v0.3.30] Harvest starting: Processing 1 approved files
[SYNAPSE] [PM 8:35:39] [WARN] [v0.3.30] Harvest rejected: Invalid clientUsername format 'undefined'
[SYNAPSE] [PM 8:35:39] [INFO] [v0.3.30] Harvest complete: 0 files, 0 folders
[SYNAPSE] [PM 8:35:39] [WARN] [v0.3.30] HarvestSession transition failed: expected Executing, current is Harvesting
[SYNAPSE] [PM 8:35:39] [INFO] [v0.3.30] HarvestSession state change: Harvesting -> Unlocked
SyntaxError: Unexpected token 'n', "null" is not valid JSON
    at JSON.parse (<anonymous>)
    at createStrictSyntaxError (/home/dogsinatas/TypeScript_project/antigravity-extension-vis/node_modules/body-parser/lib/types/json.js:109:10)
    at parse (/home/dogsinatas/TypeScript_project/antigravity-extension-vis/node_modules/body-parser/lib/types/json.js:66:15)
    at /home/dogsinatas/TypeScript_project/antigravity-extension-vis/node_modules/body-parser/lib/read.js:162:18
    at AsyncResource.runInAsyncScope (node:async_hooks:227:14)
    at invokeCallback (/home/dogsinatas/TypeScript_project/antigravity-extension-vis/node_modules/raw-body/index.js:238:16)
    at done (/home/dogsinatas/TypeScript_project/antigravity-extension-vis/node_modules/raw-body/index.js:227:7)
    at IncomingMessage.onEnd (/home/dogsinatas/TypeScript_project/antigravity-extension-vis/node_modules/raw-body/index.js:287:7)
    at IncomingMessage.emit (node:events:509:28)
    at IncomingMessage.emit (node:domain:489:12)
[SYNAPSE] [PM 8:36:09] [INFO] [v0.3.30] HarvestSession state change: Unlocked -> Locked
[SYNAPSE] [PM 8:36:09] [INFO] [v0.3.30] HarvestSession state change: Locked -> Comparing
[SYNAPSE] [PM 8:36:09] [WARN] [v0.3.30] CompareEngine: Failed to get hashes for soak_client - Client is not connected
[SYNAPSE] [PM 8:36:09] [INFO] [v0.3.30] CompareEngine: Found 0 differences
[SYNAPSE] [PM 8:36:09] [INFO] [v0.3.30] HarvestSession state change: Comparing -> Approving
[SYNAPSE] [PM 8:36:09] [INFO] [v0.3.30] HarvestSession state change: Approving -> Executing
[SYNAPSE] [PM 8:36:09] [INFO] [v0.3.30] HarvestSession state change: Executing -> Harvesting
[SYNAPSE] [PM 8:36:09] [INFO] [v0.3.30] Harvest starting: Processing 1 approved files
[SYNAPSE] [PM 8:36:09] [WARN] [v0.3.30] Harvest rejected: Invalid clientUsername format 'undefined'
[SYNAPSE] [PM 8:36:09] [INFO] [v0.3.30] Harvest complete: 0 files, 0 folders
[SYNAPSE] [PM 8:36:09] [WARN] [v0.3.30] HarvestSession transition failed: expected Executing, current is Harvesting
[SYNAPSE] [PM 8:36:09] [INFO] [v0.3.30] HarvestSession state change: Harvesting -> Unlocked
[SYNAPSE] [PM 8:36:39] [INFO] [v0.3.30] HarvestSession state change: Unlocked -> Locked
[SYNAPSE] [PM 8:36:39] [INFO] [v0.3.30] HarvestSession state change: Locked -> Comparing
[SYNAPSE] [PM 8:36:39] [WARN] [v0.3.30] CompareEngine: Failed to get hashes for soak_client - Client is not connected
[SYNAPSE] [PM 8:36:39] [INFO] [v0.3.30] CompareEngine: Found 0 differences
[SYNAPSE] [PM 8:36:39] [INFO] [v0.3.30] HarvestSession state change: Comparing -> Approving
[SYNAPSE] [PM 8:36:39] [INFO] [v0.3.30] HarvestSession state change: Approving -> Executing
[SYNAPSE] [PM 8:36:39] [INFO] [v0.3.30] HarvestSession state change: Executing -> Harvesting
[SYNAPSE] [PM 8:36:39] [INFO] [v0.3.30] Harvest starting: Processing 1 approved files
[SYNAPSE] [PM 8:36:39] [WARN] [v0.3.30] Harvest rejected: Invalid clientUsername format 'undefined'
[SYNAPSE] [PM 8:36:39] [INFO] [v0.3.30] Harvest complete: 0 files, 0 folders
[SYNAPSE] [PM 8:36:39] [WARN] [v0.3.30] HarvestSession transition failed: expected Executing, current is Harvesting
[SYNAPSE] [PM 8:36:39] [INFO] [v0.3.30] HarvestSession state change: Harvesting -> Unlocked
SyntaxError: Unexpected token 'n', "null" is not valid JSON
    at JSON.parse (<anonymous>)
    at createStrictSyntaxError (/home/dogsinatas/TypeScript_project/antigravity-extension-vis/node_modules/body-parser/lib/types/json.js:109:10)
    at parse (/home/dogsinatas/TypeScript_project/antigravity-extension-vis/node_modules/body-parser/lib/types/json.js:66:15)
    at /home/dogsinatas/TypeScript_project/antigravity-extension-vis/node_modules/body-parser/lib/read.js:162:18
    at AsyncResource.runInAsyncScope (node:async_hooks:227:14)
    at invokeCallback (/home/dogsinatas/TypeScript_project/antigravity-extension-vis/node_modules/raw-body/index.js:238:16)
    at done (/home/dogsinatas/TypeScript_project/antigravity-extension-vis/node_modules/raw-body/index.js:227:7)
    at IncomingMessage.onEnd (/home/dogsinatas/TypeScript_project/antigravity-extension-vis/node_modules/raw-body/index.js:287:7)
    at IncomingMessage.emit (node:events:509:28)
    at IncomingMessage.emit (node:domain:489:12)
[SYNAPSE] [PM 8:37:09] [INFO] [v0.3.30] HarvestSession state change: Unlocked -> Locked
[SYNAPSE] [PM 8:37:09] [INFO] [v0.3.30] HarvestSession state change: Locked -> Comparing
[SYNAPSE] [PM 8:37:09] [WARN] [v0.3.30] CompareEngine: Failed to get hashes for soak_client - Client is not connected
[SYNAPSE] [PM 8:37:09] [INFO] [v0.3.30] CompareEngine: Found 0 differences
[SYNAPSE] [PM 8:37:09] [INFO] [v0.3.30] HarvestSession state change: Comparing -> Approving
[SYNAPSE] [PM 8:37:09] [INFO] [v0.3.30] HarvestSession state change: Approving -> Executing
[SYNAPSE] [PM 8:37:09] [INFO] [v0.3.30] HarvestSession state change: Executing -> Harvesting
[SYNAPSE] [PM 8:37:09] [INFO] [v0.3.30] Harvest starting: Processing 1 approved files
[SYNAPSE] [PM 8:37:09] [WARN] [v0.3.30] Harvest rejected: Invalid clientUsername format 'undefined'
[SYNAPSE] [PM 8:37:09] [INFO] [v0.3.30] Harvest complete: 0 files, 0 folders
[SYNAPSE] [PM 8:37:09] [WARN] [v0.3.30] HarvestSession transition failed: expected Executing, current is Harvesting
[SYNAPSE] [PM 8:37:09] [INFO] [v0.3.30] HarvestSession state change: Harvesting -> Unlocked
[SYNAPSE] [PM 8:37:39] [INFO] [v0.3.30] HarvestSession state change: Unlocked -> Locked
[SYNAPSE] [PM 8:37:39] [INFO] [v0.3.30] HarvestSession state change: Locked -> Comparing
[SYNAPSE] [PM 8:37:39] [WARN] [v0.3.30] CompareEngine: Failed to get hashes for soak_client - Client is not connected
[SYNAPSE] [PM 8:37:39] [INFO] [v0.3.30] CompareEngine: Found 0 differences
[SYNAPSE] [PM 8:37:39] [INFO] [v0.3.30] HarvestSession state change: Comparing -> Approving
[SYNAPSE] [PM 8:37:39] [INFO] [v0.3.30] HarvestSession state change: Approving -> Executing
[SYNAPSE] [PM 8:37:39] [INFO] [v0.3.30] HarvestSession state change: Executing -> Harvesting
[SYNAPSE] [PM 8:37:39] [INFO] [v0.3.30] Harvest starting: Processing 1 approved files
[SYNAPSE] [PM 8:37:39] [WARN] [v0.3.30] Harvest rejected: Invalid clientUsername format 'undefined'
[SYNAPSE] [PM 8:37:39] [INFO] [v0.3.30] Harvest complete: 0 files, 0 folders
[SYNAPSE] [PM 8:37:39] [WARN] [v0.3.30] HarvestSession transition failed: expected Executing, current is Harvesting
[SYNAPSE] [PM 8:37:39] [INFO] [v0.3.30] HarvestSession state change: Harvesting -> Unlocked
SyntaxError: Unexpected token 'n', "null" is not valid JSON
    at JSON.parse (<anonymous>)
    at createStrictSyntaxError (/home/dogsinatas/TypeScript_project/antigravity-extension-vis/node_modules/body-parser/lib/types/json.js:109:10)
    at parse (/home/dogsinatas/TypeScript_project/antigravity-extension-vis/node_modules/body-parser/lib/types/json.js:66:15)
    at /home/dogsinatas/TypeScript_project/antigravity-extension-vis/node_modules/body-parser/lib/read.js:162:18
    at AsyncResource.runInAsyncScope (node:async_hooks:227:14)
    at invokeCallback (/home/dogsinatas/TypeScript_project/antigravity-extension-vis/node_modules/raw-body/index.js:238:16)
    at done (/home/dogsinatas/TypeScript_project/antigravity-extension-vis/node_modules/raw-body/index.js:227:7)
    at IncomingMessage.onEnd (/home/dogsinatas/TypeScript_project/antigravity-extension-vis/node_modules/raw-body/index.js:287:7)
    at IncomingMessage.emit (node:events:509:28)
    at IncomingMessage.emit (node:domain:489:12)
[SYNAPSE] [PM 8:38:09] [INFO] [v0.3.30] HarvestSession state change: Unlocked -> Locked
[SYNAPSE] [PM 8:38:09] [INFO] [v0.3.30] HarvestSession state change: Locked -> Comparing
[SYNAPSE] [PM 8:38:09] [WARN] [v0.3.30] CompareEngine: Failed to get hashes for soak_client - Client is not connected
[SYNAPSE] [PM 8:38:09] [INFO] [v0.3.30] CompareEngine: Found 0 differences
[SYNAPSE] [PM 8:38:09] [INFO] [v0.3.30] HarvestSession state change: Comparing -> Approving
[SYNAPSE] [PM 8:38:09] [INFO] [v0.3.30] HarvestSession state change: Approving -> Executing
[SYNAPSE] [PM 8:38:09] [INFO] [v0.3.30] HarvestSession state change: Executing -> Harvesting
[SYNAPSE] [PM 8:38:09] [INFO] [v0.3.30] Harvest starting: Processing 1 approved files
[SYNAPSE] [PM 8:38:09] [WARN] [v0.3.30] Harvest rejected: Invalid clientUsername format 'undefined'
[SYNAPSE] [PM 8:38:09] [INFO] [v0.3.30] Harvest complete: 0 files, 0 folders
[SYNAPSE] [PM 8:38:09] [WARN] [v0.3.30] HarvestSession transition failed: expected Executing, current is Harvesting
[SYNAPSE] [PM 8:38:09] [INFO] [v0.3.30] HarvestSession state change: Harvesting -> Unlocked
[SYNAPSE] [PM 8:38:39] [INFO] [v0.3.30] HarvestSession state change: Unlocked -> Locked
[SYNAPSE] [PM 8:38:39] [INFO] [v0.3.30] HarvestSession state change: Locked -> Comparing
[SYNAPSE] [PM 8:38:39] [WARN] [v0.3.30] CompareEngine: Failed to get hashes for soak_client - Client is not connected
[SYNAPSE] [PM 8:38:39] [INFO] [v0.3.30] CompareEngine: Found 0 differences
[SYNAPSE] [PM 8:38:39] [INFO] [v0.3.30] HarvestSession state change: Comparing -> Approving
[SYNAPSE] [PM 8:38:39] [INFO] [v0.3.30] HarvestSession state change: Approving -> Executing
[SYNAPSE] [PM 8:38:39] [INFO] [v0.3.30] HarvestSession state change: Executing -> Harvesting
[SYNAPSE] [PM 8:38:39] [INFO] [v0.3.30] Harvest starting: Processing 1 approved files
[SYNAPSE] [PM 8:38:39] [WARN] [v0.3.30] Harvest rejected: Invalid clientUsername format 'undefined'
[SYNAPSE] [PM 8:38:39] [INFO] [v0.3.30] Harvest complete: 0 files, 0 folders
[SYNAPSE] [PM 8:38:39] [WARN] [v0.3.30] HarvestSession transition failed: expected Executing, current is Harvesting
[SYNAPSE] [PM 8:38:39] [INFO] [v0.3.30] HarvestSession state change: Harvesting -> Unlocked
SyntaxError: Unexpected token 'n', "null" is not valid JSON
    at JSON.parse (<anonymous>)
    at createStrictSyntaxError (/home/dogsinatas/TypeScript_project/antigravity-extension-vis/node_modules/body-parser/lib/types/json.js:109:10)
    at parse (/home/dogsinatas/TypeScript_project/antigravity-extension-vis/node_modules/body-parser/lib/types/json.js:66:15)
    at /home/dogsinatas/TypeScript_project/antigravity-extension-vis/node_modules/body-parser/lib/read.js:162:18
    at AsyncResource.runInAsyncScope (node:async_hooks:227:14)
    at invokeCallback (/home/dogsinatas/TypeScript_project/antigravity-extension-vis/node_modules/raw-body/index.js:238:16)
    at done (/home/dogsinatas/TypeScript_project/antigravity-extension-vis/node_modules/raw-body/index.js:227:7)
    at IncomingMessage.onEnd (/home/dogsinatas/TypeScript_project/antigravity-extension-vis/node_modules/raw-body/index.js:287:7)
    at IncomingMessage.emit (node:events:509:28)
    at IncomingMessage.emit (node:domain:489:12)
[SYNAPSE] [PM 8:39:09] [INFO] [v0.3.30] HarvestSession state change: Unlocked -> Locked
[SYNAPSE] [PM 8:39:09] [INFO] [v0.3.30] HarvestSession state change: Locked -> Comparing
[SYNAPSE] [PM 8:39:09] [WARN] [v0.3.30] CompareEngine: Failed to get hashes for soak_client - Client is not connected
[SYNAPSE] [PM 8:39:09] [INFO] [v0.3.30] CompareEngine: Found 0 differences
[SYNAPSE] [PM 8:39:09] [INFO] [v0.3.30] HarvestSession state change: Comparing -> Approving
[SYNAPSE] [PM 8:39:09] [INFO] [v0.3.30] HarvestSession state change: Approving -> Executing
[SYNAPSE] [PM 8:39:09] [INFO] [v0.3.30] HarvestSession state change: Executing -> Harvesting
[SYNAPSE] [PM 8:39:09] [INFO] [v0.3.30] Harvest starting: Processing 1 approved files
[SYNAPSE] [PM 8:39:09] [WARN] [v0.3.30] Harvest rejected: Invalid clientUsername format 'undefined'
[SYNAPSE] [PM 8:39:09] [INFO] [v0.3.30] Harvest complete: 0 files, 0 folders
[SYNAPSE] [PM 8:39:09] [WARN] [v0.3.30] HarvestSession transition failed: expected Executing, current is Harvesting
[SYNAPSE] [PM 8:39:09] [INFO] [v0.3.30] HarvestSession state change: Harvesting -> Unlocked
[SYNAPSE] [PM 8:39:39] [INFO] [v0.3.30] HarvestSession state change: Unlocked -> Locked
[SYNAPSE] [PM 8:39:39] [INFO] [v0.3.30] HarvestSession state change: Locked -> Comparing
[SYNAPSE] [PM 8:39:39] [WARN] [v0.3.30] CompareEngine: Failed to get hashes for soak_client - Client is not connected
[SYNAPSE] [PM 8:39:39] [INFO] [v0.3.30] CompareEngine: Found 0 differences
[SYNAPSE] [PM 8:39:39] [INFO] [v0.3.30] HarvestSession state change: Comparing -> Approving
[SYNAPSE] [PM 8:39:39] [INFO] [v0.3.30] HarvestSession state change: Approving -> Executing
[SYNAPSE] [PM 8:39:39] [INFO] [v0.3.30] HarvestSession state change: Executing -> Harvesting
[SYNAPSE] [PM 8:39:39] [INFO] [v0.3.30] Harvest starting: Processing 1 approved files
[SYNAPSE] [PM 8:39:39] [WARN] [v0.3.30] Harvest rejected: Invalid clientUsername format 'undefined'
[SYNAPSE] [PM 8:39:39] [INFO] [v0.3.30] Harvest complete: 0 files, 0 folders
[SYNAPSE] [PM 8:39:39] [WARN] [v0.3.30] HarvestSession transition failed: expected Executing, current is Harvesting
[SYNAPSE] [PM 8:39:39] [INFO] [v0.3.30] HarvestSession state change: Harvesting -> Unlocked
SyntaxError: Unexpected token 'n', "null" is not valid JSON
    at JSON.parse (<anonymous>)
    at createStrictSyntaxError (/home/dogsinatas/TypeScript_project/antigravity-extension-vis/node_modules/body-parser/lib/types/json.js:109:10)
    at parse (/home/dogsinatas/TypeScript_project/antigravity-extension-vis/node_modules/body-parser/lib/types/json.js:66:15)
    at /home/dogsinatas/TypeScript_project/antigravity-extension-vis/node_modules/body-parser/lib/read.js:162:18
    at AsyncResource.runInAsyncScope (node:async_hooks:227:14)
    at invokeCallback (/home/dogsinatas/TypeScript_project/antigravity-extension-vis/node_modules/raw-body/index.js:238:16)
    at done (/home/dogsinatas/TypeScript_project/antigravity-extension-vis/node_modules/raw-body/index.js:227:7)
    at IncomingMessage.onEnd (/home/dogsinatas/TypeScript_project/antigravity-extension-vis/node_modules/raw-body/index.js:287:7)
    at IncomingMessage.emit (node:events:509:28)
    at IncomingMessage.emit (node:domain:489:12)
[SYNAPSE] [PM 8:40:09] [INFO] [v0.3.30] HarvestSession state change: Unlocked -> Locked
[SYNAPSE] [PM 8:40:09] [INFO] [v0.3.30] HarvestSession state change: Locked -> Comparing
[SYNAPSE] [PM 8:40:09] [WARN] [v0.3.30] CompareEngine: Failed to get hashes for soak_client - Client is not connected
[SYNAPSE] [PM 8:40:09] [INFO] [v0.3.30] CompareEngine: Found 0 differences
[SYNAPSE] [PM 8:40:09] [INFO] [v0.3.30] HarvestSession state change: Comparing -> Approving
[SYNAPSE] [PM 8:40:09] [INFO] [v0.3.30] HarvestSession state change: Approving -> Executing
[SYNAPSE] [PM 8:40:09] [INFO] [v0.3.30] HarvestSession state change: Executing -> Harvesting
[SYNAPSE] [PM 8:40:09] [INFO] [v0.3.30] Harvest starting: Processing 1 approved files
[SYNAPSE] [PM 8:40:09] [WARN] [v0.3.30] Harvest rejected: Invalid clientUsername format 'undefined'
[SYNAPSE] [PM 8:40:09] [INFO] [v0.3.30] Harvest complete: 0 files, 0 folders
[SYNAPSE] [PM 8:40:09] [WARN] [v0.3.30] HarvestSession transition failed: expected Executing, current is Harvesting
[SYNAPSE] [PM 8:40:09] [INFO] [v0.3.30] HarvestSession state change: Harvesting -> Unlocked
[SYNAPSE] [PM 8:40:39] [INFO] [v0.3.30] HarvestSession state change: Unlocked -> Locked
[SYNAPSE] [PM 8:40:39] [INFO] [v0.3.30] HarvestSession state change: Locked -> Comparing
[SYNAPSE] [PM 8:40:39] [WARN] [v0.3.30] CompareEngine: Failed to get hashes for soak_client - Client is not connected
[SYNAPSE] [PM 8:40:39] [INFO] [v0.3.30] CompareEngine: Found 0 differences
[SYNAPSE] [PM 8:40:39] [INFO] [v0.3.30] HarvestSession state change: Comparing -> Approving
[SYNAPSE] [PM 8:40:39] [INFO] [v0.3.30] HarvestSession state change: Approving -> Executing
[SYNAPSE] [PM 8:40:39] [INFO] [v0.3.30] HarvestSession state change: Executing -> Harvesting
[SYNAPSE] [PM 8:40:39] [INFO] [v0.3.30] Harvest starting: Processing 1 approved files
[SYNAPSE] [PM 8:40:39] [WARN] [v0.3.30] Harvest rejected: Invalid clientUsername format 'undefined'
[SYNAPSE] [PM 8:40:39] [INFO] [v0.3.30] Harvest complete: 0 files, 0 folders
[SYNAPSE] [PM 8:40:39] [WARN] [v0.3.30] HarvestSession transition failed: expected Executing, current is Harvesting
[SYNAPSE] [PM 8:40:39] [INFO] [v0.3.30] HarvestSession state change: Harvesting -> Unlocked
SyntaxError: Unexpected token 'n', "null" is not valid JSON
    at JSON.parse (<anonymous>)
    at createStrictSyntaxError (/home/dogsinatas/TypeScript_project/antigravity-extension-vis/node_modules/body-parser/lib/types/json.js:109:10)
    at parse (/home/dogsinatas/TypeScript_project/antigravity-extension-vis/node_modules/body-parser/lib/types/json.js:66:15)
    at /home/dogsinatas/TypeScript_project/antigravity-extension-vis/node_modules/body-parser/lib/read.js:162:18
    at AsyncResource.runInAsyncScope (node:async_hooks:227:14)
    at invokeCallback (/home/dogsinatas/TypeScript_project/antigravity-extension-vis/node_modules/raw-body/index.js:238:16)
    at done (/home/dogsinatas/TypeScript_project/antigravity-extension-vis/node_modules/raw-body/index.js:227:7)
    at IncomingMessage.onEnd (/home/dogsinatas/TypeScript_project/antigravity-extension-vis/node_modules/raw-body/index.js:287:7)
    at IncomingMessage.emit (node:events:509:28)
    at IncomingMessage.emit (node:domain:489:12)
[SYNAPSE] [PM 8:41:09] [INFO] [v0.3.30] HarvestSession state change: Unlocked -> Locked
[SYNAPSE] [PM 8:41:09] [INFO] [v0.3.30] HarvestSession state change: Locked -> Comparing
[SYNAPSE] [PM 8:41:09] [WARN] [v0.3.30] CompareEngine: Failed to get hashes for soak_client - Client is not connected
[SYNAPSE] [PM 8:41:09] [INFO] [v0.3.30] CompareEngine: Found 0 differences
[SYNAPSE] [PM 8:41:09] [INFO] [v0.3.30] HarvestSession state change: Comparing -> Approving
[SYNAPSE] [PM 8:41:09] [INFO] [v0.3.30] HarvestSession state change: Approving -> Executing
[SYNAPSE] [PM 8:41:09] [INFO] [v0.3.30] HarvestSession state change: Executing -> Harvesting
[SYNAPSE] [PM 8:41:09] [INFO] [v0.3.30] Harvest starting: Processing 1 approved files
[SYNAPSE] [PM 8:41:09] [WARN] [v0.3.30] Harvest rejected: Invalid clientUsername format 'undefined'
[SYNAPSE] [PM 8:41:09] [INFO] [v0.3.30] Harvest complete: 0 files, 0 folders
[SYNAPSE] [PM 8:41:09] [WARN] [v0.3.30] HarvestSession transition failed: expected Executing, current is Harvesting
[SYNAPSE] [PM 8:41:09] [INFO] [v0.3.30] HarvestSession state change: Harvesting -> Unlocked
[SYNAPSE] [PM 8:41:39] [INFO] [v0.3.30] HarvestSession state change: Unlocked -> Locked
[SYNAPSE] [PM 8:41:39] [INFO] [v0.3.30] HarvestSession state change: Locked -> Comparing
[SYNAPSE] [PM 8:41:39] [WARN] [v0.3.30] CompareEngine: Failed to get hashes for soak_client - Client is not connected
[SYNAPSE] [PM 8:41:39] [INFO] [v0.3.30] CompareEngine: Found 0 differences
[SYNAPSE] [PM 8:41:39] [INFO] [v0.3.30] HarvestSession state change: Comparing -> Approving
[SYNAPSE] [PM 8:41:39] [INFO] [v0.3.30] HarvestSession state change: Approving -> Executing
[SYNAPSE] [PM 8:41:39] [INFO] [v0.3.30] HarvestSession state change: Executing -> Harvesting
[SYNAPSE] [PM 8:41:39] [INFO] [v0.3.30] Harvest starting: Processing 1 approved files
[SYNAPSE] [PM 8:41:39] [WARN] [v0.3.30] Harvest rejected: Invalid clientUsername format 'undefined'
[SYNAPSE] [PM 8:41:39] [INFO] [v0.3.30] Harvest complete: 0 files, 0 folders
[SYNAPSE] [PM 8:41:39] [WARN] [v0.3.30] HarvestSession transition failed: expected Executing, current is Harvesting
[SYNAPSE] [PM 8:41:39] [INFO] [v0.3.30] HarvestSession state change: Harvesting -> Unlocked
SyntaxError: Unexpected token 'n', "null" is not valid JSON
    at JSON.parse (<anonymous>)
    at createStrictSyntaxError (/home/dogsinatas/TypeScript_project/antigravity-extension-vis/node_modules/body-parser/lib/types/json.js:109:10)
    at parse (/home/dogsinatas/TypeScript_project/antigravity-extension-vis/node_modules/body-parser/lib/types/json.js:66:15)
    at /home/dogsinatas/TypeScript_project/antigravity-extension-vis/node_modules/body-parser/lib/read.js:162:18
    at AsyncResource.runInAsyncScope (node:async_hooks:227:14)
    at invokeCallback (/home/dogsinatas/TypeScript_project/antigravity-extension-vis/node_modules/raw-body/index.js:238:16)
    at done (/home/dogsinatas/TypeScript_project/antigravity-extension-vis/node_modules/raw-body/index.js:227:7)
    at IncomingMessage.onEnd (/home/dogsinatas/TypeScript_project/antigravity-extension-vis/node_modules/raw-body/index.js:287:7)
    at IncomingMessage.emit (node:events:509:28)
    at IncomingMessage.emit (node:domain:489:12)
[SYNAPSE] [PM 8:42:09] [INFO] [v0.3.30] HarvestSession state change: Unlocked -> Locked
[SYNAPSE] [PM 8:42:09] [INFO] [v0.3.30] HarvestSession state change: Locked -> Comparing
[SYNAPSE] [PM 8:42:09] [WARN] [v0.3.30] CompareEngine: Failed to get hashes for soak_client - Client is not connected
[SYNAPSE] [PM 8:42:09] [INFO] [v0.3.30] CompareEngine: Found 0 differences
[SYNAPSE] [PM 8:42:09] [INFO] [v0.3.30] HarvestSession state change: Comparing -> Approving
[SYNAPSE] [PM 8:42:09] [INFO] [v0.3.30] HarvestSession state change: Approving -> Executing
[SYNAPSE] [PM 8:42:09] [INFO] [v0.3.30] HarvestSession state change: Executing -> Harvesting
[SYNAPSE] [PM 8:42:09] [INFO] [v0.3.30] Harvest starting: Processing 1 approved files
[SYNAPSE] [PM 8:42:09] [WARN] [v0.3.30] Harvest rejected: Invalid clientUsername format 'undefined'
[SYNAPSE] [PM 8:42:09] [INFO] [v0.3.30] Harvest complete: 0 files, 0 folders
[SYNAPSE] [PM 8:42:09] [WARN] [v0.3.30] HarvestSession transition failed: expected Executing, current is Harvesting
[SYNAPSE] [PM 8:42:09] [INFO] [v0.3.30] HarvestSession state change: Harvesting -> Unlocked
[SYNAPSE] [PM 8:42:39] [INFO] [v0.3.30] HarvestSession state change: Unlocked -> Locked
[SYNAPSE] [PM 8:42:39] [INFO] [v0.3.30] HarvestSession state change: Locked -> Comparing
[SYNAPSE] [PM 8:42:39] [WARN] [v0.3.30] CompareEngine: Failed to get hashes for soak_client - Client is not connected
[SYNAPSE] [PM 8:42:39] [INFO] [v0.3.30] CompareEngine: Found 0 differences
[SYNAPSE] [PM 8:42:39] [INFO] [v0.3.30] HarvestSession state change: Comparing -> Approving
[SYNAPSE] [PM 8:42:39] [INFO] [v0.3.30] HarvestSession state change: Approving -> Executing
[SYNAPSE] [PM 8:42:39] [INFO] [v0.3.30] HarvestSession state change: Executing -> Harvesting
[SYNAPSE] [PM 8:42:39] [INFO] [v0.3.30] Harvest starting: Processing 1 approved files
[SYNAPSE] [PM 8:42:39] [WARN] [v0.3.30] Harvest rejected: Invalid clientUsername format 'undefined'
[SYNAPSE] [PM 8:42:39] [INFO] [v0.3.30] Harvest complete: 0 files, 0 folders
[SYNAPSE] [PM 8:42:39] [WARN] [v0.3.30] HarvestSession transition failed: expected Executing, current is Harvesting
[SYNAPSE] [PM 8:42:39] [INFO] [v0.3.30] HarvestSession state change: Harvesting -> Unlocked
SyntaxError: Unexpected token 'n', "null" is not valid JSON
    at JSON.parse (<anonymous>)
    at createStrictSyntaxError (/home/dogsinatas/TypeScript_project/antigravity-extension-vis/node_modules/body-parser/lib/types/json.js:109:10)
    at parse (/home/dogsinatas/TypeScript_project/antigravity-extension-vis/node_modules/body-parser/lib/types/json.js:66:15)
    at /home/dogsinatas/TypeScript_project/antigravity-extension-vis/node_modules/body-parser/lib/read.js:162:18
    at AsyncResource.runInAsyncScope (node:async_hooks:227:14)
    at invokeCallback (/home/dogsinatas/TypeScript_project/antigravity-extension-vis/node_modules/raw-body/index.js:238:16)
    at done (/home/dogsinatas/TypeScript_project/antigravity-extension-vis/node_modules/raw-body/index.js:227:7)
    at IncomingMessage.onEnd (/home/dogsinatas/TypeScript_project/antigravity-extension-vis/node_modules/raw-body/index.js:287:7)
    at IncomingMessage.emit (node:events:509:28)
    at IncomingMessage.emit (node:domain:489:12)
[SYNAPSE] [PM 8:43:09] [INFO] [v0.3.30] HarvestSession state change: Unlocked -> Locked
[SYNAPSE] [PM 8:43:09] [INFO] [v0.3.30] HarvestSession state change: Locked -> Comparing
[SYNAPSE] [PM 8:43:09] [WARN] [v0.3.30] CompareEngine: Failed to get hashes for soak_client - Client is not connected
[SYNAPSE] [PM 8:43:09] [INFO] [v0.3.30] CompareEngine: Found 0 differences
[SYNAPSE] [PM 8:43:09] [INFO] [v0.3.30] HarvestSession state change: Comparing -> Approving
[SYNAPSE] [PM 8:43:09] [INFO] [v0.3.30] HarvestSession state change: Approving -> Executing
[SYNAPSE] [PM 8:43:09] [INFO] [v0.3.30] HarvestSession state change: Executing -> Harvesting
[SYNAPSE] [PM 8:43:09] [INFO] [v0.3.30] Harvest starting: Processing 1 approved files
[SYNAPSE] [PM 8:43:09] [WARN] [v0.3.30] Harvest rejected: Invalid clientUsername format 'undefined'
[SYNAPSE] [PM 8:43:09] [INFO] [v0.3.30] Harvest complete: 0 files, 0 folders
[SYNAPSE] [PM 8:43:09] [WARN] [v0.3.30] HarvestSession transition failed: expected Executing, current is Harvesting
[SYNAPSE] [PM 8:43:09] [INFO] [v0.3.30] HarvestSession state change: Harvesting -> Unlocked
[SYNAPSE] [PM 8:43:39] [INFO] [v0.3.30] HarvestSession state change: Unlocked -> Locked
[SYNAPSE] [PM 8:43:39] [INFO] [v0.3.30] HarvestSession state change: Locked -> Comparing
[SYNAPSE] [PM 8:43:39] [WARN] [v0.3.30] CompareEngine: Failed to get hashes for soak_client - Client is not connected
[SYNAPSE] [PM 8:43:39] [INFO] [v0.3.30] CompareEngine: Found 0 differences
[SYNAPSE] [PM 8:43:39] [INFO] [v0.3.30] HarvestSession state change: Comparing -> Approving
[SYNAPSE] [PM 8:43:39] [INFO] [v0.3.30] HarvestSession state change: Approving -> Executing
[SYNAPSE] [PM 8:43:39] [INFO] [v0.3.30] HarvestSession state change: Executing -> Harvesting
[SYNAPSE] [PM 8:43:39] [INFO] [v0.3.30] Harvest starting: Processing 1 approved files
[SYNAPSE] [PM 8:43:39] [WARN] [v0.3.30] Harvest rejected: Invalid clientUsername format 'undefined'
[SYNAPSE] [PM 8:43:39] [INFO] [v0.3.30] Harvest complete: 0 files, 0 folders
[SYNAPSE] [PM 8:43:39] [WARN] [v0.3.30] HarvestSession transition failed: expected Executing, current is Harvesting
[SYNAPSE] [PM 8:43:39] [INFO] [v0.3.30] HarvestSession state change: Harvesting -> Unlocked
SyntaxError: Unexpected token 'n', "null" is not valid JSON
    at JSON.parse (<anonymous>)
    at createStrictSyntaxError (/home/dogsinatas/TypeScript_project/antigravity-extension-vis/node_modules/body-parser/lib/types/json.js:109:10)
    at parse (/home/dogsinatas/TypeScript_project/antigravity-extension-vis/node_modules/body-parser/lib/types/json.js:66:15)
    at /home/dogsinatas/TypeScript_project/antigravity-extension-vis/node_modules/body-parser/lib/read.js:162:18
    at AsyncResource.runInAsyncScope (node:async_hooks:227:14)
    at invokeCallback (/home/dogsinatas/TypeScript_project/antigravity-extension-vis/node_modules/raw-body/index.js:238:16)
    at done (/home/dogsinatas/TypeScript_project/antigravity-extension-vis/node_modules/raw-body/index.js:227:7)
    at IncomingMessage.onEnd (/home/dogsinatas/TypeScript_project/antigravity-extension-vis/node_modules/raw-body/index.js:287:7)
    at IncomingMessage.emit (node:events:509:28)
    at IncomingMessage.emit (node:domain:489:12)
[SYNAPSE] [PM 8:44:09] [INFO] [v0.3.30] HarvestSession state change: Unlocked -> Locked
[SYNAPSE] [PM 8:44:09] [INFO] [v0.3.30] HarvestSession state change: Locked -> Comparing
[SYNAPSE] [PM 8:44:09] [WARN] [v0.3.30] CompareEngine: Failed to get hashes for soak_client - Client is not connected
[SYNAPSE] [PM 8:44:09] [INFO] [v0.3.30] CompareEngine: Found 0 differences
[SYNAPSE] [PM 8:44:09] [INFO] [v0.3.30] HarvestSession state change: Comparing -> Approving
[SYNAPSE] [PM 8:44:09] [INFO] [v0.3.30] HarvestSession state change: Approving -> Executing
[SYNAPSE] [PM 8:44:09] [INFO] [v0.3.30] HarvestSession state change: Executing -> Harvesting
[SYNAPSE] [PM 8:44:09] [INFO] [v0.3.30] Harvest starting: Processing 1 approved files
[SYNAPSE] [PM 8:44:09] [WARN] [v0.3.30] Harvest rejected: Invalid clientUsername format 'undefined'
[SYNAPSE] [PM 8:44:09] [INFO] [v0.3.30] Harvest complete: 0 files, 0 folders
[SYNAPSE] [PM 8:44:09] [WARN] [v0.3.30] HarvestSession transition failed: expected Executing, current is Harvesting
[SYNAPSE] [PM 8:44:09] [INFO] [v0.3.30] HarvestSession state change: Harvesting -> Unlocked
[SYNAPSE] [PM 8:44:39] [INFO] [v0.3.30] HarvestSession state change: Unlocked -> Locked
[SYNAPSE] [PM 8:44:39] [INFO] [v0.3.30] HarvestSession state change: Locked -> Comparing
[SYNAPSE] [PM 8:44:39] [WARN] [v0.3.30] CompareEngine: Failed to get hashes for soak_client - Client is not connected
[SYNAPSE] [PM 8:44:39] [INFO] [v0.3.30] CompareEngine: Found 0 differences
[SYNAPSE] [PM 8:44:39] [INFO] [v0.3.30] HarvestSession state change: Comparing -> Approving
[SYNAPSE] [PM 8:44:39] [INFO] [v0.3.30] HarvestSession state change: Approving -> Executing
[SYNAPSE] [PM 8:44:39] [INFO] [v0.3.30] HarvestSession state change: Executing -> Harvesting
[SYNAPSE] [PM 8:44:39] [INFO] [v0.3.30] Harvest starting: Processing 1 approved files
[SYNAPSE] [PM 8:44:39] [WARN] [v0.3.30] Harvest rejected: Invalid clientUsername format 'undefined'
[SYNAPSE] [PM 8:44:39] [INFO] [v0.3.30] Harvest complete: 0 files, 0 folders
[SYNAPSE] [PM 8:44:39] [WARN] [v0.3.30] HarvestSession transition failed: expected Executing, current is Harvesting
[SYNAPSE] [PM 8:44:39] [INFO] [v0.3.30] HarvestSession state change: Harvesting -> Unlocked
SyntaxError: Unexpected token 'n', "null" is not valid JSON
    at JSON.parse (<anonymous>)
    at createStrictSyntaxError (/home/dogsinatas/TypeScript_project/antigravity-extension-vis/node_modules/body-parser/lib/types/json.js:109:10)
    at parse (/home/dogsinatas/TypeScript_project/antigravity-extension-vis/node_modules/body-parser/lib/types/json.js:66:15)
    at /home/dogsinatas/TypeScript_project/antigravity-extension-vis/node_modules/body-parser/lib/read.js:162:18
    at AsyncResource.runInAsyncScope (node:async_hooks:227:14)
    at invokeCallback (/home/dogsinatas/TypeScript_project/antigravity-extension-vis/node_modules/raw-body/index.js:238:16)
    at done (/home/dogsinatas/TypeScript_project/antigravity-extension-vis/node_modules/raw-body/index.js:227:7)
    at IncomingMessage.onEnd (/home/dogsinatas/TypeScript_project/antigravity-extension-vis/node_modules/raw-body/index.js:287:7)
    at IncomingMessage.emit (node:events:509:28)
    at IncomingMessage.emit (node:domain:489:12)
[SYNAPSE] [PM 8:45:09] [INFO] [v0.3.30] HarvestSession state change: Unlocked -> Locked
[SYNAPSE] [PM 8:45:09] [INFO] [v0.3.30] HarvestSession state change: Locked -> Comparing
[SYNAPSE] [PM 8:45:09] [WARN] [v0.3.30] CompareEngine: Failed to get hashes for soak_client - Client is not connected
[SYNAPSE] [PM 8:45:09] [INFO] [v0.3.30] CompareEngine: Found 0 differences
[SYNAPSE] [PM 8:45:09] [INFO] [v0.3.30] HarvestSession state change: Comparing -> Approving
[SYNAPSE] [PM 8:45:09] [INFO] [v0.3.30] HarvestSession state change: Approving -> Executing
[SYNAPSE] [PM 8:45:09] [INFO] [v0.3.30] HarvestSession state change: Executing -> Harvesting
[SYNAPSE] [PM 8:45:09] [INFO] [v0.3.30] Harvest starting: Processing 1 approved files
[SYNAPSE] [PM 8:45:09] [WARN] [v0.3.30] Harvest rejected: Invalid clientUsername format 'undefined'
[SYNAPSE] [PM 8:45:09] [INFO] [v0.3.30] Harvest complete: 0 files, 0 folders
[SYNAPSE] [PM 8:45:09] [WARN] [v0.3.30] HarvestSession transition failed: expected Executing, current is Harvesting
[SYNAPSE] [PM 8:45:09] [INFO] [v0.3.30] HarvestSession state change: Harvesting -> Unlocked
[SYNAPSE] [PM 8:45:39] [INFO] [v0.3.30] HarvestSession state change: Unlocked -> Locked
[SYNAPSE] [PM 8:45:39] [INFO] [v0.3.30] HarvestSession state change: Locked -> Comparing
[SYNAPSE] [PM 8:45:39] [WARN] [v0.3.30] CompareEngine: Failed to get hashes for soak_client - Client is not connected
[SYNAPSE] [PM 8:45:39] [INFO] [v0.3.30] CompareEngine: Found 0 differences
[SYNAPSE] [PM 8:45:39] [INFO] [v0.3.30] HarvestSession state change: Comparing -> Approving
[SYNAPSE] [PM 8:45:39] [INFO] [v0.3.30] HarvestSession state change: Approving -> Executing
[SYNAPSE] [PM 8:45:39] [INFO] [v0.3.30] HarvestSession state change: Executing -> Harvesting
[SYNAPSE] [PM 8:45:39] [INFO] [v0.3.30] Harvest starting: Processing 1 approved files
[SYNAPSE] [PM 8:45:39] [WARN] [v0.3.30] Harvest rejected: Invalid clientUsername format 'undefined'
[SYNAPSE] [PM 8:45:39] [INFO] [v0.3.30] Harvest complete: 0 files, 0 folders
[SYNAPSE] [PM 8:45:39] [WARN] [v0.3.30] HarvestSession transition failed: expected Executing, current is Harvesting
[SYNAPSE] [PM 8:45:39] [INFO] [v0.3.30] HarvestSession state change: Harvesting -> Unlocked
SyntaxError: Unexpected token 'n', "null" is not valid JSON
    at JSON.parse (<anonymous>)
    at createStrictSyntaxError (/home/dogsinatas/TypeScript_project/antigravity-extension-vis/node_modules/body-parser/lib/types/json.js:109:10)
    at parse (/home/dogsinatas/TypeScript_project/antigravity-extension-vis/node_modules/body-parser/lib/types/json.js:66:15)
    at /home/dogsinatas/TypeScript_project/antigravity-extension-vis/node_modules/body-parser/lib/read.js:162:18
    at AsyncResource.runInAsyncScope (node:async_hooks:227:14)
    at invokeCallback (/home/dogsinatas/TypeScript_project/antigravity-extension-vis/node_modules/raw-body/index.js:238:16)
    at done (/home/dogsinatas/TypeScript_project/antigravity-extension-vis/node_modules/raw-body/index.js:227:7)
    at IncomingMessage.onEnd (/home/dogsinatas/TypeScript_project/antigravity-extension-vis/node_modules/raw-body/index.js:287:7)
    at IncomingMessage.emit (node:events:509:28)
    at IncomingMessage.emit (node:domain:489:12)
[SYNAPSE] [PM 8:46:09] [INFO] [v0.3.30] HarvestSession state change: Unlocked -> Locked
[SYNAPSE] [PM 8:46:09] [INFO] [v0.3.30] HarvestSession state change: Locked -> Comparing
[SYNAPSE] [PM 8:46:09] [WARN] [v0.3.30] CompareEngine: Failed to get hashes for soak_client - Client is not connected
[SYNAPSE] [PM 8:46:09] [INFO] [v0.3.30] CompareEngine: Found 0 differences
[SYNAPSE] [PM 8:46:09] [INFO] [v0.3.30] HarvestSession state change: Comparing -> Approving
[SYNAPSE] [PM 8:46:09] [INFO] [v0.3.30] HarvestSession state change: Approving -> Executing
[SYNAPSE] [PM 8:46:09] [INFO] [v0.3.30] HarvestSession state change: Executing -> Harvesting
[SYNAPSE] [PM 8:46:09] [INFO] [v0.3.30] Harvest starting: Processing 1 approved files
[SYNAPSE] [PM 8:46:09] [WARN] [v0.3.30] Harvest rejected: Invalid clientUsername format 'undefined'
[SYNAPSE] [PM 8:46:09] [INFO] [v0.3.30] Harvest complete: 0 files, 0 folders
[SYNAPSE] [PM 8:46:09] [WARN] [v0.3.30] HarvestSession transition failed: expected Executing, current is Harvesting
[SYNAPSE] [PM 8:46:09] [INFO] [v0.3.30] HarvestSession state change: Harvesting -> Unlocked
[SYNAPSE] [PM 8:46:39] [INFO] [v0.3.30] HarvestSession state change: Unlocked -> Locked
[SYNAPSE] [PM 8:46:39] [INFO] [v0.3.30] HarvestSession state change: Locked -> Comparing
[SYNAPSE] [PM 8:46:39] [WARN] [v0.3.30] CompareEngine: Failed to get hashes for soak_client - Client is not connected
[SYNAPSE] [PM 8:46:39] [INFO] [v0.3.30] CompareEngine: Found 0 differences
[SYNAPSE] [PM 8:46:39] [INFO] [v0.3.30] HarvestSession state change: Comparing -> Approving
[SYNAPSE] [PM 8:46:39] [INFO] [v0.3.30] HarvestSession state change: Approving -> Executing
[SYNAPSE] [PM 8:46:39] [INFO] [v0.3.30] HarvestSession state change: Executing -> Harvesting
[SYNAPSE] [PM 8:46:39] [INFO] [v0.3.30] Harvest starting: Processing 1 approved files
[SYNAPSE] [PM 8:46:39] [WARN] [v0.3.30] Harvest rejected: Invalid clientUsername format 'undefined'
[SYNAPSE] [PM 8:46:39] [INFO] [v0.3.30] Harvest complete: 0 files, 0 folders
[SYNAPSE] [PM 8:46:39] [WARN] [v0.3.30] HarvestSession transition failed: expected Executing, current is Harvesting
[SYNAPSE] [PM 8:46:39] [INFO] [v0.3.30] HarvestSession state change: Harvesting -> Unlocked
SyntaxError: Unexpected token 'n', "null" is not valid JSON
    at JSON.parse (<anonymous>)
    at createStrictSyntaxError (/home/dogsinatas/TypeScript_project/antigravity-extension-vis/node_modules/body-parser/lib/types/json.js:109:10)
    at parse (/home/dogsinatas/TypeScript_project/antigravity-extension-vis/node_modules/body-parser/lib/types/json.js:66:15)
    at /home/dogsinatas/TypeScript_project/antigravity-extension-vis/node_modules/body-parser/lib/read.js:162:18
    at AsyncResource.runInAsyncScope (node:async_hooks:227:14)
    at invokeCallback (/home/dogsinatas/TypeScript_project/antigravity-extension-vis/node_modules/raw-body/index.js:238:16)
    at done (/home/dogsinatas/TypeScript_project/antigravity-extension-vis/node_modules/raw-body/index.js:227:7)
    at IncomingMessage.onEnd (/home/dogsinatas/TypeScript_project/antigravity-extension-vis/node_modules/raw-body/index.js:287:7)
    at IncomingMessage.emit (node:events:509:28)
    at IncomingMessage.emit (node:domain:489:12)
[SYNAPSE] [PM 8:47:09] [INFO] [v0.3.30] HarvestSession state change: Unlocked -> Locked
[SYNAPSE] [PM 8:47:09] [INFO] [v0.3.30] HarvestSession state change: Locked -> Comparing
[SYNAPSE] [PM 8:47:09] [WARN] [v0.3.30] CompareEngine: Failed to get hashes for soak_client - Client is not connected
[SYNAPSE] [PM 8:47:09] [INFO] [v0.3.30] CompareEngine: Found 0 differences
[SYNAPSE] [PM 8:47:09] [INFO] [v0.3.30] HarvestSession state change: Comparing -> Approving
[SYNAPSE] [PM 8:47:09] [INFO] [v0.3.30] HarvestSession state change: Approving -> Executing
[SYNAPSE] [PM 8:47:09] [INFO] [v0.3.30] HarvestSession state change: Executing -> Harvesting
[SYNAPSE] [PM 8:47:09] [INFO] [v0.3.30] Harvest starting: Processing 1 approved files
[SYNAPSE] [PM 8:47:09] [WARN] [v0.3.30] Harvest rejected: Invalid clientUsername format 'undefined'
[SYNAPSE] [PM 8:47:09] [INFO] [v0.3.30] Harvest complete: 0 files, 0 folders
[SYNAPSE] [PM 8:47:09] [WARN] [v0.3.30] HarvestSession transition failed: expected Executing, current is Harvesting
[SYNAPSE] [PM 8:47:09] [INFO] [v0.3.30] HarvestSession state change: Harvesting -> Unlocked
[SYNAPSE] [PM 8:47:39] [INFO] [v0.3.30] HarvestSession state change: Unlocked -> Locked
[SYNAPSE] [PM 8:47:39] [INFO] [v0.3.30] HarvestSession state change: Locked -> Comparing
[SYNAPSE] [PM 8:47:39] [WARN] [v0.3.30] CompareEngine: Failed to get hashes for soak_client - Client is not connected
[SYNAPSE] [PM 8:47:39] [INFO] [v0.3.30] CompareEngine: Found 0 differences
[SYNAPSE] [PM 8:47:39] [INFO] [v0.3.30] HarvestSession state change: Comparing -> Approving
[SYNAPSE] [PM 8:47:39] [INFO] [v0.3.30] HarvestSession state change: Approving -> Executing
[SYNAPSE] [PM 8:47:39] [INFO] [v0.3.30] HarvestSession state change: Executing -> Harvesting
[SYNAPSE] [PM 8:47:39] [INFO] [v0.3.30] Harvest starting: Processing 1 approved files
[SYNAPSE] [PM 8:47:39] [WARN] [v0.3.30] Harvest rejected: Invalid clientUsername format 'undefined'
[SYNAPSE] [PM 8:47:39] [INFO] [v0.3.30] Harvest complete: 0 files, 0 folders
[SYNAPSE] [PM 8:47:39] [WARN] [v0.3.30] HarvestSession transition failed: expected Executing, current is Harvesting
[SYNAPSE] [PM 8:47:39] [INFO] [v0.3.30] HarvestSession state change: Harvesting -> Unlocked
SyntaxError: Unexpected token 'n', "null" is not valid JSON
    at JSON.parse (<anonymous>)
    at createStrictSyntaxError (/home/dogsinatas/TypeScript_project/antigravity-extension-vis/node_modules/body-parser/lib/types/json.js:109:10)
    at parse (/home/dogsinatas/TypeScript_project/antigravity-extension-vis/node_modules/body-parser/lib/types/json.js:66:15)
    at /home/dogsinatas/TypeScript_project/antigravity-extension-vis/node_modules/body-parser/lib/read.js:162:18
    at AsyncResource.runInAsyncScope (node:async_hooks:227:14)
    at invokeCallback (/home/dogsinatas/TypeScript_project/antigravity-extension-vis/node_modules/raw-body/index.js:238:16)
    at done (/home/dogsinatas/TypeScript_project/antigravity-extension-vis/node_modules/raw-body/index.js:227:7)
    at IncomingMessage.onEnd (/home/dogsinatas/TypeScript_project/antigravity-extension-vis/node_modules/raw-body/index.js:287:7)
    at IncomingMessage.emit (node:events:509:28)
    at IncomingMessage.emit (node:domain:489:12)
[SYNAPSE] [PM 8:48:09] [INFO] [v0.3.30] HarvestSession state change: Unlocked -> Locked
[SYNAPSE] [PM 8:48:09] [INFO] [v0.3.30] HarvestSession state change: Locked -> Comparing
[SYNAPSE] [PM 8:48:09] [WARN] [v0.3.30] CompareEngine: Failed to get hashes for soak_client - Client is not connected
[SYNAPSE] [PM 8:48:09] [INFO] [v0.3.30] CompareEngine: Found 0 differences
[SYNAPSE] [PM 8:48:09] [INFO] [v0.3.30] HarvestSession state change: Comparing -> Approving
[SYNAPSE] [PM 8:48:09] [INFO] [v0.3.30] HarvestSession state change: Approving -> Executing
[SYNAPSE] [PM 8:48:09] [INFO] [v0.3.30] HarvestSession state change: Executing -> Harvesting
[SYNAPSE] [PM 8:48:09] [INFO] [v0.3.30] Harvest starting: Processing 1 approved files
[SYNAPSE] [PM 8:48:09] [WARN] [v0.3.30] Harvest rejected: Invalid clientUsername format 'undefined'
[SYNAPSE] [PM 8:48:09] [INFO] [v0.3.30] Harvest complete: 0 files, 0 folders
[SYNAPSE] [PM 8:48:09] [WARN] [v0.3.30] HarvestSession transition failed: expected Executing, current is Harvesting
[SYNAPSE] [PM 8:48:09] [INFO] [v0.3.30] HarvestSession state change: Harvesting -> Unlocked
[SYNAPSE] [PM 8:48:39] [INFO] [v0.3.30] HarvestSession state change: Unlocked -> Locked
[SYNAPSE] [PM 8:48:39] [INFO] [v0.3.30] HarvestSession state change: Locked -> Comparing
[SYNAPSE] [PM 8:48:39] [WARN] [v0.3.30] CompareEngine: Failed to get hashes for soak_client - Client is not connected
[SYNAPSE] [PM 8:48:39] [INFO] [v0.3.30] CompareEngine: Found 0 differences
[SYNAPSE] [PM 8:48:39] [INFO] [v0.3.30] HarvestSession state change: Comparing -> Approving
[SYNAPSE] [PM 8:48:39] [INFO] [v0.3.30] HarvestSession state change: Approving -> Executing
[SYNAPSE] [PM 8:48:39] [INFO] [v0.3.30] HarvestSession state change: Executing -> Harvesting
[SYNAPSE] [PM 8:48:39] [INFO] [v0.3.30] Harvest starting: Processing 1 approved files
[SYNAPSE] [PM 8:48:39] [WARN] [v0.3.30] Harvest rejected: Invalid clientUsername format 'undefined'
[SYNAPSE] [PM 8:48:39] [INFO] [v0.3.30] Harvest complete: 0 files, 0 folders
[SYNAPSE] [PM 8:48:39] [WARN] [v0.3.30] HarvestSession transition failed: expected Executing, current is Harvesting
[SYNAPSE] [PM 8:48:39] [INFO] [v0.3.30] HarvestSession state change: Harvesting -> Unlocked
SyntaxError: Unexpected token 'n', "null" is not valid JSON
    at JSON.parse (<anonymous>)
    at createStrictSyntaxError (/home/dogsinatas/TypeScript_project/antigravity-extension-vis/node_modules/body-parser/lib/types/json.js:109:10)
    at parse (/home/dogsinatas/TypeScript_project/antigravity-extension-vis/node_modules/body-parser/lib/types/json.js:66:15)
    at /home/dogsinatas/TypeScript_project/antigravity-extension-vis/node_modules/body-parser/lib/read.js:162:18
    at AsyncResource.runInAsyncScope (node:async_hooks:227:14)
    at invokeCallback (/home/dogsinatas/TypeScript_project/antigravity-extension-vis/node_modules/raw-body/index.js:238:16)
    at done (/home/dogsinatas/TypeScript_project/antigravity-extension-vis/node_modules/raw-body/index.js:227:7)
    at IncomingMessage.onEnd (/home/dogsinatas/TypeScript_project/antigravity-extension-vis/node_modules/raw-body/index.js:287:7)
    at IncomingMessage.emit (node:events:509:28)
    at IncomingMessage.emit (node:domain:489:12)
[SYNAPSE] [PM 8:49:09] [INFO] [v0.3.30] HarvestSession state change: Unlocked -> Locked
[SYNAPSE] [PM 8:49:09] [INFO] [v0.3.30] HarvestSession state change: Locked -> Comparing
[SYNAPSE] [PM 8:49:09] [WARN] [v0.3.30] CompareEngine: Failed to get hashes for soak_client - Client is not connected
[SYNAPSE] [PM 8:49:09] [INFO] [v0.3.30] CompareEngine: Found 0 differences
[SYNAPSE] [PM 8:49:09] [INFO] [v0.3.30] HarvestSession state change: Comparing -> Approving
[SYNAPSE] [PM 8:49:09] [INFO] [v0.3.30] HarvestSession state change: Approving -> Executing
[SYNAPSE] [PM 8:49:09] [INFO] [v0.3.30] HarvestSession state change: Executing -> Harvesting
[SYNAPSE] [PM 8:49:09] [INFO] [v0.3.30] Harvest starting: Processing 1 approved files
[SYNAPSE] [PM 8:49:09] [WARN] [v0.3.30] Harvest rejected: Invalid clientUsername format 'undefined'
[SYNAPSE] [PM 8:49:09] [INFO] [v0.3.30] Harvest complete: 0 files, 0 folders
[SYNAPSE] [PM 8:49:09] [WARN] [v0.3.30] HarvestSession transition failed: expected Executing, current is Harvesting
[SYNAPSE] [PM 8:49:09] [INFO] [v0.3.30] HarvestSession state change: Harvesting -> Unlocked
[SYNAPSE] [PM 8:49:39] [INFO] [v0.3.30] HarvestSession state change: Unlocked -> Locked
[SYNAPSE] [PM 8:49:39] [INFO] [v0.3.30] HarvestSession state change: Locked -> Comparing
[SYNAPSE] [PM 8:49:39] [WARN] [v0.3.30] CompareEngine: Failed to get hashes for soak_client - Client is not connected
[SYNAPSE] [PM 8:49:39] [INFO] [v0.3.30] CompareEngine: Found 0 differences
[SYNAPSE] [PM 8:49:39] [INFO] [v0.3.30] HarvestSession state change: Comparing -> Approving
[SYNAPSE] [PM 8:49:39] [INFO] [v0.3.30] HarvestSession state change: Approving -> Executing
[SYNAPSE] [PM 8:49:39] [INFO] [v0.3.30] HarvestSession state change: Executing -> Harvesting
[SYNAPSE] [PM 8:49:39] [INFO] [v0.3.30] Harvest starting: Processing 1 approved files
[SYNAPSE] [PM 8:49:39] [WARN] [v0.3.30] Harvest rejected: Invalid clientUsername format 'undefined'
[SYNAPSE] [PM 8:49:39] [INFO] [v0.3.30] Harvest complete: 0 files, 0 folders
[SYNAPSE] [PM 8:49:39] [WARN] [v0.3.30] HarvestSession transition failed: expected Executing, current is Harvesting
[SYNAPSE] [PM 8:49:39] [INFO] [v0.3.30] HarvestSession state change: Harvesting -> Unlocked
SyntaxError: Unexpected token 'n', "null" is not valid JSON
    at JSON.parse (<anonymous>)
    at createStrictSyntaxError (/home/dogsinatas/TypeScript_project/antigravity-extension-vis/node_modules/body-parser/lib/types/json.js:109:10)
    at parse (/home/dogsinatas/TypeScript_project/antigravity-extension-vis/node_modules/body-parser/lib/types/json.js:66:15)
    at /home/dogsinatas/TypeScript_project/antigravity-extension-vis/node_modules/body-parser/lib/read.js:162:18
    at AsyncResource.runInAsyncScope (node:async_hooks:227:14)
    at invokeCallback (/home/dogsinatas/TypeScript_project/antigravity-extension-vis/node_modules/raw-body/index.js:238:16)
    at done (/home/dogsinatas/TypeScript_project/antigravity-extension-vis/node_modules/raw-body/index.js:227:7)
    at IncomingMessage.onEnd (/home/dogsinatas/TypeScript_project/antigravity-extension-vis/node_modules/raw-body/index.js:287:7)
    at IncomingMessage.emit (node:events:509:28)
    at IncomingMessage.emit (node:domain:489:12)
[SYNAPSE] [PM 8:50:09] [INFO] [v0.3.30] HarvestSession state change: Unlocked -> Locked
[SYNAPSE] [PM 8:50:09] [INFO] [v0.3.30] HarvestSession state change: Locked -> Comparing
[SYNAPSE] [PM 8:50:09] [WARN] [v0.3.30] CompareEngine: Failed to get hashes for soak_client - Client is not connected
[SYNAPSE] [PM 8:50:09] [INFO] [v0.3.30] CompareEngine: Found 0 differences
[SYNAPSE] [PM 8:50:09] [INFO] [v0.3.30] HarvestSession state change: Comparing -> Approving
[SYNAPSE] [PM 8:50:09] [INFO] [v0.3.30] HarvestSession state change: Approving -> Executing
[SYNAPSE] [PM 8:50:09] [INFO] [v0.3.30] HarvestSession state change: Executing -> Harvesting
[SYNAPSE] [PM 8:50:09] [INFO] [v0.3.30] Harvest starting: Processing 1 approved files
[SYNAPSE] [PM 8:50:09] [WARN] [v0.3.30] Harvest rejected: Invalid clientUsername format 'undefined'
[SYNAPSE] [PM 8:50:09] [INFO] [v0.3.30] Harvest complete: 0 files, 0 folders
[SYNAPSE] [PM 8:50:09] [WARN] [v0.3.30] HarvestSession transition failed: expected Executing, current is Harvesting
[SYNAPSE] [PM 8:50:09] [INFO] [v0.3.30] HarvestSession state change: Harvesting -> Unlocked
[SYNAPSE] [PM 8:50:39] [INFO] [v0.3.30] HarvestSession state change: Unlocked -> Locked
[SYNAPSE] [PM 8:50:39] [INFO] [v0.3.30] HarvestSession state change: Locked -> Comparing
[SYNAPSE] [PM 8:50:39] [WARN] [v0.3.30] CompareEngine: Failed to get hashes for soak_client - Client is not connected
[SYNAPSE] [PM 8:50:39] [INFO] [v0.3.30] CompareEngine: Found 0 differences
[SYNAPSE] [PM 8:50:39] [INFO] [v0.3.30] HarvestSession state change: Comparing -> Approving
[SYNAPSE] [PM 8:50:39] [INFO] [v0.3.30] HarvestSession state change: Approving -> Executing
[SYNAPSE] [PM 8:50:39] [INFO] [v0.3.30] HarvestSession state change: Executing -> Harvesting
[SYNAPSE] [PM 8:50:39] [INFO] [v0.3.30] Harvest starting: Processing 1 approved files
[SYNAPSE] [PM 8:50:39] [WARN] [v0.3.30] Harvest rejected: Invalid clientUsername format 'undefined'
[SYNAPSE] [PM 8:50:39] [INFO] [v0.3.30] Harvest complete: 0 files, 0 folders
[SYNAPSE] [PM 8:50:39] [WARN] [v0.3.30] HarvestSession transition failed: expected Executing, current is Harvesting
[SYNAPSE] [PM 8:50:39] [INFO] [v0.3.30] HarvestSession state change: Harvesting -> Unlocked
SyntaxError: Unexpected token 'n', "null" is not valid JSON
    at JSON.parse (<anonymous>)
    at createStrictSyntaxError (/home/dogsinatas/TypeScript_project/antigravity-extension-vis/node_modules/body-parser/lib/types/json.js:109:10)
    at parse (/home/dogsinatas/TypeScript_project/antigravity-extension-vis/node_modules/body-parser/lib/types/json.js:66:15)
    at /home/dogsinatas/TypeScript_project/antigravity-extension-vis/node_modules/body-parser/lib/read.js:162:18
    at AsyncResource.runInAsyncScope (node:async_hooks:227:14)
    at invokeCallback (/home/dogsinatas/TypeScript_project/antigravity-extension-vis/node_modules/raw-body/index.js:238:16)
    at done (/home/dogsinatas/TypeScript_project/antigravity-extension-vis/node_modules/raw-body/index.js:227:7)
    at IncomingMessage.onEnd (/home/dogsinatas/TypeScript_project/antigravity-extension-vis/node_modules/raw-body/index.js:287:7)
    at IncomingMessage.emit (node:events:509:28)
    at IncomingMessage.emit (node:domain:489:12)
[SYNAPSE] [PM 8:51:09] [INFO] [v0.3.30] HarvestSession state change: Unlocked -> Locked
[SYNAPSE] [PM 8:51:09] [INFO] [v0.3.30] HarvestSession state change: Locked -> Comparing
[SYNAPSE] [PM 8:51:09] [WARN] [v0.3.30] CompareEngine: Failed to get hashes for soak_client - Client is not connected
[SYNAPSE] [PM 8:51:09] [INFO] [v0.3.30] CompareEngine: Found 0 differences
[SYNAPSE] [PM 8:51:09] [INFO] [v0.3.30] HarvestSession state change: Comparing -> Approving
[SYNAPSE] [PM 8:51:09] [INFO] [v0.3.30] HarvestSession state change: Approving -> Executing
[SYNAPSE] [PM 8:51:09] [INFO] [v0.3.30] HarvestSession state change: Executing -> Harvesting
[SYNAPSE] [PM 8:51:09] [INFO] [v0.3.30] Harvest starting: Processing 1 approved files
[SYNAPSE] [PM 8:51:09] [WARN] [v0.3.30] Harvest rejected: Invalid clientUsername format 'undefined'
[SYNAPSE] [PM 8:51:09] [INFO] [v0.3.30] Harvest complete: 0 files, 0 folders
[SYNAPSE] [PM 8:51:09] [WARN] [v0.3.30] HarvestSession transition failed: expected Executing, current is Harvesting
[SYNAPSE] [PM 8:51:09] [INFO] [v0.3.30] HarvestSession state change: Harvesting -> Unlocked
[SYNAPSE] [PM 8:51:39] [INFO] [v0.3.30] HarvestSession state change: Unlocked -> Locked
[SYNAPSE] [PM 8:51:39] [INFO] [v0.3.30] HarvestSession state change: Locked -> Comparing
[SYNAPSE] [PM 8:51:39] [WARN] [v0.3.30] CompareEngine: Failed to get hashes for soak_client - Client is not connected
[SYNAPSE] [PM 8:51:39] [INFO] [v0.3.30] CompareEngine: Found 0 differences
[SYNAPSE] [PM 8:51:39] [INFO] [v0.3.30] HarvestSession state change: Comparing -> Approving
[SYNAPSE] [PM 8:51:39] [INFO] [v0.3.30] HarvestSession state change: Approving -> Executing
[SYNAPSE] [PM 8:51:39] [INFO] [v0.3.30] HarvestSession state change: Executing -> Harvesting
[SYNAPSE] [PM 8:51:39] [INFO] [v0.3.30] Harvest starting: Processing 1 approved files
[SYNAPSE] [PM 8:51:39] [WARN] [v0.3.30] Harvest rejected: Invalid clientUsername format 'undefined'
[SYNAPSE] [PM 8:51:39] [INFO] [v0.3.30] Harvest complete: 0 files, 0 folders
[SYNAPSE] [PM 8:51:39] [WARN] [v0.3.30] HarvestSession transition failed: expected Executing, current is Harvesting
[SYNAPSE] [PM 8:51:39] [INFO] [v0.3.30] HarvestSession state change: Harvesting -> Unlocked
SyntaxError: Unexpected token 'n', "null" is not valid JSON
    at JSON.parse (<anonymous>)
    at createStrictSyntaxError (/home/dogsinatas/TypeScript_project/antigravity-extension-vis/node_modules/body-parser/lib/types/json.js:109:10)
    at parse (/home/dogsinatas/TypeScript_project/antigravity-extension-vis/node_modules/body-parser/lib/types/json.js:66:15)
    at /home/dogsinatas/TypeScript_project/antigravity-extension-vis/node_modules/body-parser/lib/read.js:162:18
    at AsyncResource.runInAsyncScope (node:async_hooks:227:14)
    at invokeCallback (/home/dogsinatas/TypeScript_project/antigravity-extension-vis/node_modules/raw-body/index.js:238:16)
    at done (/home/dogsinatas/TypeScript_project/antigravity-extension-vis/node_modules/raw-body/index.js:227:7)
    at IncomingMessage.onEnd (/home/dogsinatas/TypeScript_project/antigravity-extension-vis/node_modules/raw-body/index.js:287:7)
    at IncomingMessage.emit (node:events:509:28)
    at IncomingMessage.emit (node:domain:489:12)
[SYNAPSE] [PM 8:52:09] [INFO] [v0.3.30] HarvestSession state change: Unlocked -> Locked
[SYNAPSE] [PM 8:52:09] [INFO] [v0.3.30] HarvestSession state change: Locked -> Comparing
[SYNAPSE] [PM 8:52:09] [WARN] [v0.3.30] CompareEngine: Failed to get hashes for soak_client - Client is not connected
[SYNAPSE] [PM 8:52:09] [INFO] [v0.3.30] CompareEngine: Found 0 differences
[SYNAPSE] [PM 8:52:09] [INFO] [v0.3.30] HarvestSession state change: Comparing -> Approving
[SYNAPSE] [PM 8:52:09] [INFO] [v0.3.30] HarvestSession state change: Approving -> Executing
[SYNAPSE] [PM 8:52:09] [INFO] [v0.3.30] HarvestSession state change: Executing -> Harvesting
[SYNAPSE] [PM 8:52:09] [INFO] [v0.3.30] Harvest starting: Processing 1 approved files
[SYNAPSE] [PM 8:52:09] [WARN] [v0.3.30] Harvest rejected: Invalid clientUsername format 'undefined'
[SYNAPSE] [PM 8:52:09] [INFO] [v0.3.30] Harvest complete: 0 files, 0 folders
[SYNAPSE] [PM 8:52:09] [WARN] [v0.3.30] HarvestSession transition failed: expected Executing, current is Harvesting
[SYNAPSE] [PM 8:52:09] [INFO] [v0.3.30] HarvestSession state change: Harvesting -> Unlocked
[SYNAPSE] [PM 8:52:39] [INFO] [v0.3.30] HarvestSession state change: Unlocked -> Locked
[SYNAPSE] [PM 8:52:39] [INFO] [v0.3.30] HarvestSession state change: Locked -> Comparing
[SYNAPSE] [PM 8:52:39] [WARN] [v0.3.30] CompareEngine: Failed to get hashes for soak_client - Client is not connected
[SYNAPSE] [PM 8:52:39] [INFO] [v0.3.30] CompareEngine: Found 0 differences
[SYNAPSE] [PM 8:52:39] [INFO] [v0.3.30] HarvestSession state change: Comparing -> Approving
[SYNAPSE] [PM 8:52:39] [INFO] [v0.3.30] HarvestSession state change: Approving -> Executing
[SYNAPSE] [PM 8:52:39] [INFO] [v0.3.30] HarvestSession state change: Executing -> Harvesting
[SYNAPSE] [PM 8:52:39] [INFO] [v0.3.30] Harvest starting: Processing 1 approved files
[SYNAPSE] [PM 8:52:39] [WARN] [v0.3.30] Harvest rejected: Invalid clientUsername format 'undefined'
[SYNAPSE] [PM 8:52:39] [INFO] [v0.3.30] Harvest complete: 0 files, 0 folders
[SYNAPSE] [PM 8:52:39] [WARN] [v0.3.30] HarvestSession transition failed: expected Executing, current is Harvesting
[SYNAPSE] [PM 8:52:39] [INFO] [v0.3.30] HarvestSession state change: Harvesting -> Unlocked
SyntaxError: Unexpected token 'n', "null" is not valid JSON
    at JSON.parse (<anonymous>)
    at createStrictSyntaxError (/home/dogsinatas/TypeScript_project/antigravity-extension-vis/node_modules/body-parser/lib/types/json.js:109:10)
    at parse (/home/dogsinatas/TypeScript_project/antigravity-extension-vis/node_modules/body-parser/lib/types/json.js:66:15)
    at /home/dogsinatas/TypeScript_project/antigravity-extension-vis/node_modules/body-parser/lib/read.js:162:18
    at AsyncResource.runInAsyncScope (node:async_hooks:227:14)
    at invokeCallback (/home/dogsinatas/TypeScript_project/antigravity-extension-vis/node_modules/raw-body/index.js:238:16)
    at done (/home/dogsinatas/TypeScript_project/antigravity-extension-vis/node_modules/raw-body/index.js:227:7)
    at IncomingMessage.onEnd (/home/dogsinatas/TypeScript_project/antigravity-extension-vis/node_modules/raw-body/index.js:287:7)
    at IncomingMessage.emit (node:events:509:28)
    at IncomingMessage.emit (node:domain:489:12)
[SYNAPSE] [PM 8:53:09] [INFO] [v0.3.30] HarvestSession state change: Unlocked -> Locked
[SYNAPSE] [PM 8:53:09] [INFO] [v0.3.30] HarvestSession state change: Locked -> Comparing
[SYNAPSE] [PM 8:53:09] [WARN] [v0.3.30] CompareEngine: Failed to get hashes for soak_client - Client is not connected
[SYNAPSE] [PM 8:53:09] [INFO] [v0.3.30] CompareEngine: Found 0 differences
[SYNAPSE] [PM 8:53:09] [INFO] [v0.3.30] HarvestSession state change: Comparing -> Approving
[SYNAPSE] [PM 8:53:09] [INFO] [v0.3.30] HarvestSession state change: Approving -> Executing
[SYNAPSE] [PM 8:53:09] [INFO] [v0.3.30] HarvestSession state change: Executing -> Harvesting
[SYNAPSE] [PM 8:53:09] [INFO] [v0.3.30] Harvest starting: Processing 1 approved files
[SYNAPSE] [PM 8:53:09] [WARN] [v0.3.30] Harvest rejected: Invalid clientUsername format 'undefined'
[SYNAPSE] [PM 8:53:09] [INFO] [v0.3.30] Harvest complete: 0 files, 0 folders
[SYNAPSE] [PM 8:53:09] [WARN] [v0.3.30] HarvestSession transition failed: expected Executing, current is Harvesting
[SYNAPSE] [PM 8:53:09] [INFO] [v0.3.30] HarvestSession state change: Harvesting -> Unlocked
[SYNAPSE] [PM 8:53:39] [INFO] [v0.3.30] HarvestSession state change: Unlocked -> Locked
[SYNAPSE] [PM 8:53:39] [INFO] [v0.3.30] HarvestSession state change: Locked -> Comparing
[SYNAPSE] [PM 8:53:39] [WARN] [v0.3.30] CompareEngine: Failed to get hashes for soak_client - Client is not connected
[SYNAPSE] [PM 8:53:39] [INFO] [v0.3.30] CompareEngine: Found 0 differences
[SYNAPSE] [PM 8:53:39] [INFO] [v0.3.30] HarvestSession state change: Comparing -> Approving
[SYNAPSE] [PM 8:53:39] [INFO] [v0.3.30] HarvestSession state change: Approving -> Executing
[SYNAPSE] [PM 8:53:39] [INFO] [v0.3.30] HarvestSession state change: Executing -> Harvesting
[SYNAPSE] [PM 8:53:39] [INFO] [v0.3.30] Harvest starting: Processing 1 approved files
[SYNAPSE] [PM 8:53:39] [WARN] [v0.3.30] Harvest rejected: Invalid clientUsername format 'undefined'
[SYNAPSE] [PM 8:53:39] [INFO] [v0.3.30] Harvest complete: 0 files, 0 folders
[SYNAPSE] [PM 8:53:39] [WARN] [v0.3.30] HarvestSession transition failed: expected Executing, current is Harvesting
[SYNAPSE] [PM 8:53:39] [INFO] [v0.3.30] HarvestSession state change: Harvesting -> Unlocked
SyntaxError: Unexpected token 'n', "null" is not valid JSON
    at JSON.parse (<anonymous>)
    at createStrictSyntaxError (/home/dogsinatas/TypeScript_project/antigravity-extension-vis/node_modules/body-parser/lib/types/json.js:109:10)
    at parse (/home/dogsinatas/TypeScript_project/antigravity-extension-vis/node_modules/body-parser/lib/types/json.js:66:15)
    at /home/dogsinatas/TypeScript_project/antigravity-extension-vis/node_modules/body-parser/lib/read.js:162:18
    at AsyncResource.runInAsyncScope (node:async_hooks:227:14)
    at invokeCallback (/home/dogsinatas/TypeScript_project/antigravity-extension-vis/node_modules/raw-body/index.js:238:16)
    at done (/home/dogsinatas/TypeScript_project/antigravity-extension-vis/node_modules/raw-body/index.js:227:7)
    at IncomingMessage.onEnd (/home/dogsinatas/TypeScript_project/antigravity-extension-vis/node_modules/raw-body/index.js:287:7)
    at IncomingMessage.emit (node:events:509:28)
    at IncomingMessage.emit (node:domain:489:12)
[SYNAPSE] [PM 8:54:09] [INFO] [v0.3.30] HarvestSession state change: Unlocked -> Locked
[SYNAPSE] [PM 8:54:09] [INFO] [v0.3.30] HarvestSession state change: Locked -> Comparing
[SYNAPSE] [PM 8:54:09] [WARN] [v0.3.30] CompareEngine: Failed to get hashes for soak_client - Client is not connected
[SYNAPSE] [PM 8:54:09] [INFO] [v0.3.30] CompareEngine: Found 0 differences
[SYNAPSE] [PM 8:54:09] [INFO] [v0.3.30] HarvestSession state change: Comparing -> Approving
[SYNAPSE] [PM 8:54:09] [INFO] [v0.3.30] HarvestSession state change: Approving -> Executing
[SYNAPSE] [PM 8:54:09] [INFO] [v0.3.30] HarvestSession state change: Executing -> Harvesting
[SYNAPSE] [PM 8:54:09] [INFO] [v0.3.30] Harvest starting: Processing 1 approved files
[SYNAPSE] [PM 8:54:09] [WARN] [v0.3.30] Harvest rejected: Invalid clientUsername format 'undefined'
[SYNAPSE] [PM 8:54:09] [INFO] [v0.3.30] Harvest complete: 0 files, 0 folders
[SYNAPSE] [PM 8:54:09] [WARN] [v0.3.30] HarvestSession transition failed: expected Executing, current is Harvesting
[SYNAPSE] [PM 8:54:09] [INFO] [v0.3.30] HarvestSession state change: Harvesting -> Unlocked
[SYNAPSE] [PM 8:54:39] [INFO] [v0.3.30] HarvestSession state change: Unlocked -> Locked
[SYNAPSE] [PM 8:54:39] [INFO] [v0.3.30] HarvestSession state change: Locked -> Comparing
[SYNAPSE] [PM 8:54:39] [WARN] [v0.3.30] CompareEngine: Failed to get hashes for soak_client - Client is not connected
[SYNAPSE] [PM 8:54:39] [INFO] [v0.3.30] CompareEngine: Found 0 differences
[SYNAPSE] [PM 8:54:39] [INFO] [v0.3.30] HarvestSession state change: Comparing -> Approving
[SYNAPSE] [PM 8:54:39] [INFO] [v0.3.30] HarvestSession state change: Approving -> Executing
[SYNAPSE] [PM 8:54:39] [INFO] [v0.3.30] HarvestSession state change: Executing -> Harvesting
[SYNAPSE] [PM 8:54:39] [INFO] [v0.3.30] Harvest starting: Processing 1 approved files
[SYNAPSE] [PM 8:54:39] [WARN] [v0.3.30] Harvest rejected: Invalid clientUsername format 'undefined'
[SYNAPSE] [PM 8:54:39] [INFO] [v0.3.30] Harvest complete: 0 files, 0 folders
[SYNAPSE] [PM 8:54:39] [WARN] [v0.3.30] HarvestSession transition failed: expected Executing, current is Harvesting
[SYNAPSE] [PM 8:54:39] [INFO] [v0.3.30] HarvestSession state change: Harvesting -> Unlocked
SyntaxError: Unexpected token 'n', "null" is not valid JSON
    at JSON.parse (<anonymous>)
    at createStrictSyntaxError (/home/dogsinatas/TypeScript_project/antigravity-extension-vis/node_modules/body-parser/lib/types/json.js:109:10)
    at parse (/home/dogsinatas/TypeScript_project/antigravity-extension-vis/node_modules/body-parser/lib/types/json.js:66:15)
    at /home/dogsinatas/TypeScript_project/antigravity-extension-vis/node_modules/body-parser/lib/read.js:162:18
    at AsyncResource.runInAsyncScope (node:async_hooks:227:14)
    at invokeCallback (/home/dogsinatas/TypeScript_project/antigravity-extension-vis/node_modules/raw-body/index.js:238:16)
    at done (/home/dogsinatas/TypeScript_project/antigravity-extension-vis/node_modules/raw-body/index.js:227:7)
    at IncomingMessage.onEnd (/home/dogsinatas/TypeScript_project/antigravity-extension-vis/node_modules/raw-body/index.js:287:7)
    at IncomingMessage.emit (node:events:509:28)
    at IncomingMessage.emit (node:domain:489:12)
[SYNAPSE] [PM 8:55:09] [INFO] [v0.3.30] HarvestSession state change: Unlocked -> Locked
[SYNAPSE] [PM 8:55:09] [INFO] [v0.3.30] HarvestSession state change: Locked -> Comparing
[SYNAPSE] [PM 8:55:09] [WARN] [v0.3.30] CompareEngine: Failed to get hashes for soak_client - Client is not connected
[SYNAPSE] [PM 8:55:09] [INFO] [v0.3.30] CompareEngine: Found 0 differences
[SYNAPSE] [PM 8:55:09] [INFO] [v0.3.30] HarvestSession state change: Comparing -> Approving
[SYNAPSE] [PM 8:55:09] [INFO] [v0.3.30] HarvestSession state change: Approving -> Executing
[SYNAPSE] [PM 8:55:09] [INFO] [v0.3.30] HarvestSession state change: Executing -> Harvesting
[SYNAPSE] [PM 8:55:09] [INFO] [v0.3.30] Harvest starting: Processing 1 approved files
[SYNAPSE] [PM 8:55:09] [WARN] [v0.3.30] Harvest rejected: Invalid clientUsername format 'undefined'
[SYNAPSE] [PM 8:55:09] [INFO] [v0.3.30] Harvest complete: 0 files, 0 folders
[SYNAPSE] [PM 8:55:09] [WARN] [v0.3.30] HarvestSession transition failed: expected Executing, current is Harvesting
[SYNAPSE] [PM 8:55:09] [INFO] [v0.3.30] HarvestSession state change: Harvesting -> Unlocked
[SYNAPSE] [PM 8:55:39] [INFO] [v0.3.30] HarvestSession state change: Unlocked -> Locked
[SYNAPSE] [PM 8:55:39] [INFO] [v0.3.30] HarvestSession state change: Locked -> Comparing
[SYNAPSE] [PM 8:55:39] [WARN] [v0.3.30] CompareEngine: Failed to get hashes for soak_client - Client is not connected
[SYNAPSE] [PM 8:55:39] [INFO] [v0.3.30] CompareEngine: Found 0 differences
[SYNAPSE] [PM 8:55:39] [INFO] [v0.3.30] HarvestSession state change: Comparing -> Approving
[SYNAPSE] [PM 8:55:39] [INFO] [v0.3.30] HarvestSession state change: Approving -> Executing
[SYNAPSE] [PM 8:55:39] [INFO] [v0.3.30] HarvestSession state change: Executing -> Harvesting
[SYNAPSE] [PM 8:55:39] [INFO] [v0.3.30] Harvest starting: Processing 1 approved files
[SYNAPSE] [PM 8:55:39] [WARN] [v0.3.30] Harvest rejected: Invalid clientUsername format 'undefined'
[SYNAPSE] [PM 8:55:39] [INFO] [v0.3.30] Harvest complete: 0 files, 0 folders
[SYNAPSE] [PM 8:55:39] [WARN] [v0.3.30] HarvestSession transition failed: expected Executing, current is Harvesting
[SYNAPSE] [PM 8:55:39] [INFO] [v0.3.30] HarvestSession state change: Harvesting -> Unlocked
SyntaxError: Unexpected token 'n', "null" is not valid JSON
    at JSON.parse (<anonymous>)
    at createStrictSyntaxError (/home/dogsinatas/TypeScript_project/antigravity-extension-vis/node_modules/body-parser/lib/types/json.js:109:10)
    at parse (/home/dogsinatas/TypeScript_project/antigravity-extension-vis/node_modules/body-parser/lib/types/json.js:66:15)
    at /home/dogsinatas/TypeScript_project/antigravity-extension-vis/node_modules/body-parser/lib/read.js:162:18
    at AsyncResource.runInAsyncScope (node:async_hooks:227:14)
    at invokeCallback (/home/dogsinatas/TypeScript_project/antigravity-extension-vis/node_modules/raw-body/index.js:238:16)
    at done (/home/dogsinatas/TypeScript_project/antigravity-extension-vis/node_modules/raw-body/index.js:227:7)
    at IncomingMessage.onEnd (/home/dogsinatas/TypeScript_project/antigravity-extension-vis/node_modules/raw-body/index.js:287:7)
    at IncomingMessage.emit (node:events:509:28)
    at IncomingMessage.emit (node:domain:489:12)
[SYNAPSE] [PM 8:56:09] [INFO] [v0.3.30] HarvestSession state change: Unlocked -> Locked
[SYNAPSE] [PM 8:56:09] [INFO] [v0.3.30] HarvestSession state change: Locked -> Comparing
[SYNAPSE] [PM 8:56:09] [WARN] [v0.3.30] CompareEngine: Failed to get hashes for soak_client - Client is not connected
[SYNAPSE] [PM 8:56:09] [INFO] [v0.3.30] CompareEngine: Found 0 differences
[SYNAPSE] [PM 8:56:09] [INFO] [v0.3.30] HarvestSession state change: Comparing -> Approving
[SYNAPSE] [PM 8:56:09] [INFO] [v0.3.30] HarvestSession state change: Approving -> Executing
[SYNAPSE] [PM 8:56:09] [INFO] [v0.3.30] HarvestSession state change: Executing -> Harvesting
[SYNAPSE] [PM 8:56:09] [INFO] [v0.3.30] Harvest starting: Processing 1 approved files
[SYNAPSE] [PM 8:56:09] [WARN] [v0.3.30] Harvest rejected: Invalid clientUsername format 'undefined'
[SYNAPSE] [PM 8:56:09] [INFO] [v0.3.30] Harvest complete: 0 files, 0 folders
[SYNAPSE] [PM 8:56:09] [WARN] [v0.3.30] HarvestSession transition failed: expected Executing, current is Harvesting
[SYNAPSE] [PM 8:56:09] [INFO] [v0.3.30] HarvestSession state change: Harvesting -> Unlocked
[SYNAPSE] [PM 8:56:39] [INFO] [v0.3.30] HarvestSession state change: Unlocked -> Locked
[SYNAPSE] [PM 8:56:39] [INFO] [v0.3.30] HarvestSession state change: Locked -> Comparing
[SYNAPSE] [PM 8:56:39] [WARN] [v0.3.30] CompareEngine: Failed to get hashes for soak_client - Client is not connected
[SYNAPSE] [PM 8:56:39] [INFO] [v0.3.30] CompareEngine: Found 0 differences
[SYNAPSE] [PM 8:56:39] [INFO] [v0.3.30] HarvestSession state change: Comparing -> Approving
[SYNAPSE] [PM 8:56:39] [INFO] [v0.3.30] HarvestSession state change: Approving -> Executing
[SYNAPSE] [PM 8:56:39] [INFO] [v0.3.30] HarvestSession state change: Executing -> Harvesting
[SYNAPSE] [PM 8:56:39] [INFO] [v0.3.30] Harvest starting: Processing 1 approved files
[SYNAPSE] [PM 8:56:39] [WARN] [v0.3.30] Harvest rejected: Invalid clientUsername format 'undefined'
[SYNAPSE] [PM 8:56:39] [INFO] [v0.3.30] Harvest complete: 0 files, 0 folders
[SYNAPSE] [PM 8:56:39] [WARN] [v0.3.30] HarvestSession transition failed: expected Executing, current is Harvesting
[SYNAPSE] [PM 8:56:39] [INFO] [v0.3.30] HarvestSession state change: Harvesting -> Unlocked
SyntaxError: Unexpected token 'n', "null" is not valid JSON
    at JSON.parse (<anonymous>)
    at createStrictSyntaxError (/home/dogsinatas/TypeScript_project/antigravity-extension-vis/node_modules/body-parser/lib/types/json.js:109:10)
    at parse (/home/dogsinatas/TypeScript_project/antigravity-extension-vis/node_modules/body-parser/lib/types/json.js:66:15)
    at /home/dogsinatas/TypeScript_project/antigravity-extension-vis/node_modules/body-parser/lib/read.js:162:18
    at AsyncResource.runInAsyncScope (node:async_hooks:227:14)
    at invokeCallback (/home/dogsinatas/TypeScript_project/antigravity-extension-vis/node_modules/raw-body/index.js:238:16)
    at done (/home/dogsinatas/TypeScript_project/antigravity-extension-vis/node_modules/raw-body/index.js:227:7)
    at IncomingMessage.onEnd (/home/dogsinatas/TypeScript_project/antigravity-extension-vis/node_modules/raw-body/index.js:287:7)
    at IncomingMessage.emit (node:events:509:28)
    at IncomingMessage.emit (node:domain:489:12)
[SYNAPSE] [PM 8:57:09] [INFO] [v0.3.30] HarvestSession state change: Unlocked -> Locked
[SYNAPSE] [PM 8:57:09] [INFO] [v0.3.30] HarvestSession state change: Locked -> Comparing
[SYNAPSE] [PM 8:57:09] [WARN] [v0.3.30] CompareEngine: Failed to get hashes for soak_client - Client is not connected
[SYNAPSE] [PM 8:57:09] [INFO] [v0.3.30] CompareEngine: Found 0 differences
[SYNAPSE] [PM 8:57:09] [INFO] [v0.3.30] HarvestSession state change: Comparing -> Approving
[SYNAPSE] [PM 8:57:09] [INFO] [v0.3.30] HarvestSession state change: Approving -> Executing
[SYNAPSE] [PM 8:57:09] [INFO] [v0.3.30] HarvestSession state change: Executing -> Harvesting
[SYNAPSE] [PM 8:57:09] [INFO] [v0.3.30] Harvest starting: Processing 1 approved files
[SYNAPSE] [PM 8:57:09] [WARN] [v0.3.30] Harvest rejected: Invalid clientUsername format 'undefined'
[SYNAPSE] [PM 8:57:09] [INFO] [v0.3.30] Harvest complete: 0 files, 0 folders
[SYNAPSE] [PM 8:57:09] [WARN] [v0.3.30] HarvestSession transition failed: expected Executing, current is Harvesting
[SYNAPSE] [PM 8:57:09] [INFO] [v0.3.30] HarvestSession state change: Harvesting -> Unlocked
[SYNAPSE] [PM 8:57:39] [INFO] [v0.3.30] HarvestSession state change: Unlocked -> Locked
[SYNAPSE] [PM 8:57:39] [INFO] [v0.3.30] HarvestSession state change: Locked -> Comparing
[SYNAPSE] [PM 8:57:39] [WARN] [v0.3.30] CompareEngine: Failed to get hashes for soak_client - Client is not connected
[SYNAPSE] [PM 8:57:39] [INFO] [v0.3.30] CompareEngine: Found 0 differences
[SYNAPSE] [PM 8:57:39] [INFO] [v0.3.30] HarvestSession state change: Comparing -> Approving
[SYNAPSE] [PM 8:57:39] [INFO] [v0.3.30] HarvestSession state change: Approving -> Executing
[SYNAPSE] [PM 8:57:39] [INFO] [v0.3.30] HarvestSession state change: Executing -> Harvesting
[SYNAPSE] [PM 8:57:39] [INFO] [v0.3.30] Harvest starting: Processing 1 approved files
[SYNAPSE] [PM 8:57:39] [WARN] [v0.3.30] Harvest rejected: Invalid clientUsername format 'undefined'
[SYNAPSE] [PM 8:57:39] [INFO] [v0.3.30] Harvest complete: 0 files, 0 folders
[SYNAPSE] [PM 8:57:39] [WARN] [v0.3.30] HarvestSession transition failed: expected Executing, current is Harvesting
[SYNAPSE] [PM 8:57:39] [INFO] [v0.3.30] HarvestSession state change: Harvesting -> Unlocked
SyntaxError: Unexpected token 'n', "null" is not valid JSON
    at JSON.parse (<anonymous>)
    at createStrictSyntaxError (/home/dogsinatas/TypeScript_project/antigravity-extension-vis/node_modules/body-parser/lib/types/json.js:109:10)
    at parse (/home/dogsinatas/TypeScript_project/antigravity-extension-vis/node_modules/body-parser/lib/types/json.js:66:15)
    at /home/dogsinatas/TypeScript_project/antigravity-extension-vis/node_modules/body-parser/lib/read.js:162:18
    at AsyncResource.runInAsyncScope (node:async_hooks:227:14)
    at invokeCallback (/home/dogsinatas/TypeScript_project/antigravity-extension-vis/node_modules/raw-body/index.js:238:16)
    at done (/home/dogsinatas/TypeScript_project/antigravity-extension-vis/node_modules/raw-body/index.js:227:7)
    at IncomingMessage.onEnd (/home/dogsinatas/TypeScript_project/antigravity-extension-vis/node_modules/raw-body/index.js:287:7)
    at IncomingMessage.emit (node:events:509:28)
    at IncomingMessage.emit (node:domain:489:12)
[SYNAPSE] [PM 8:58:09] [INFO] [v0.3.30] HarvestSession state change: Unlocked -> Locked
[SYNAPSE] [PM 8:58:09] [INFO] [v0.3.30] HarvestSession state change: Locked -> Comparing
[SYNAPSE] [PM 8:58:09] [WARN] [v0.3.30] CompareEngine: Failed to get hashes for soak_client - Client is not connected
[SYNAPSE] [PM 8:58:09] [INFO] [v0.3.30] CompareEngine: Found 0 differences
[SYNAPSE] [PM 8:58:09] [INFO] [v0.3.30] HarvestSession state change: Comparing -> Approving
[SYNAPSE] [PM 8:58:09] [INFO] [v0.3.30] HarvestSession state change: Approving -> Executing
[SYNAPSE] [PM 8:58:09] [INFO] [v0.3.30] HarvestSession state change: Executing -> Harvesting
[SYNAPSE] [PM 8:58:09] [INFO] [v0.3.30] Harvest starting: Processing 1 approved files
[SYNAPSE] [PM 8:58:09] [WARN] [v0.3.30] Harvest rejected: Invalid clientUsername format 'undefined'
[SYNAPSE] [PM 8:58:09] [INFO] [v0.3.30] Harvest complete: 0 files, 0 folders
[SYNAPSE] [PM 8:58:09] [WARN] [v0.3.30] HarvestSession transition failed: expected Executing, current is Harvesting
[SYNAPSE] [PM 8:58:09] [INFO] [v0.3.30] HarvestSession state change: Harvesting -> Unlocked
[SYNAPSE] [PM 8:58:39] [INFO] [v0.3.30] HarvestSession state change: Unlocked -> Locked
[SYNAPSE] [PM 8:58:39] [INFO] [v0.3.30] HarvestSession state change: Locked -> Comparing
[SYNAPSE] [PM 8:58:39] [WARN] [v0.3.30] CompareEngine: Failed to get hashes for soak_client - Client is not connected
[SYNAPSE] [PM 8:58:39] [INFO] [v0.3.30] CompareEngine: Found 0 differences
[SYNAPSE] [PM 8:58:39] [INFO] [v0.3.30] HarvestSession state change: Comparing -> Approving
[SYNAPSE] [PM 8:58:39] [INFO] [v0.3.30] HarvestSession state change: Approving -> Executing
[SYNAPSE] [PM 8:58:39] [INFO] [v0.3.30] HarvestSession state change: Executing -> Harvesting
[SYNAPSE] [PM 8:58:39] [INFO] [v0.3.30] Harvest starting: Processing 1 approved files
[SYNAPSE] [PM 8:58:39] [WARN] [v0.3.30] Harvest rejected: Invalid clientUsername format 'undefined'
[SYNAPSE] [PM 8:58:39] [INFO] [v0.3.30] Harvest complete: 0 files, 0 folders
[SYNAPSE] [PM 8:58:39] [WARN] [v0.3.30] HarvestSession transition failed: expected Executing, current is Harvesting
[SYNAPSE] [PM 8:58:39] [INFO] [v0.3.30] HarvestSession state change: Harvesting -> Unlocked
SyntaxError: Unexpected token 'n', "null" is not valid JSON
    at JSON.parse (<anonymous>)
    at createStrictSyntaxError (/home/dogsinatas/TypeScript_project/antigravity-extension-vis/node_modules/body-parser/lib/types/json.js:109:10)
    at parse (/home/dogsinatas/TypeScript_project/antigravity-extension-vis/node_modules/body-parser/lib/types/json.js:66:15)
    at /home/dogsinatas/TypeScript_project/antigravity-extension-vis/node_modules/body-parser/lib/read.js:162:18
    at AsyncResource.runInAsyncScope (node:async_hooks:227:14)
    at invokeCallback (/home/dogsinatas/TypeScript_project/antigravity-extension-vis/node_modules/raw-body/index.js:238:16)
    at done (/home/dogsinatas/TypeScript_project/antigravity-extension-vis/node_modules/raw-body/index.js:227:7)
    at IncomingMessage.onEnd (/home/dogsinatas/TypeScript_project/antigravity-extension-vis/node_modules/raw-body/index.js:287:7)
    at IncomingMessage.emit (node:events:509:28)
    at IncomingMessage.emit (node:domain:489:12)
[SYNAPSE] [PM 8:59:09] [INFO] [v0.3.30] HarvestSession state change: Unlocked -> Locked
[SYNAPSE] [PM 8:59:09] [INFO] [v0.3.30] HarvestSession state change: Locked -> Comparing
[SYNAPSE] [PM 8:59:09] [WARN] [v0.3.30] CompareEngine: Failed to get hashes for soak_client - Client is not connected
[SYNAPSE] [PM 8:59:09] [INFO] [v0.3.30] CompareEngine: Found 0 differences
[SYNAPSE] [PM 8:59:09] [INFO] [v0.3.30] HarvestSession state change: Comparing -> Approving
[SYNAPSE] [PM 8:59:09] [INFO] [v0.3.30] HarvestSession state change: Approving -> Executing
[SYNAPSE] [PM 8:59:09] [INFO] [v0.3.30] HarvestSession state change: Executing -> Harvesting
[SYNAPSE] [PM 8:59:09] [INFO] [v0.3.30] Harvest starting: Processing 1 approved files
[SYNAPSE] [PM 8:59:09] [WARN] [v0.3.30] Harvest rejected: Invalid clientUsername format 'undefined'
[SYNAPSE] [PM 8:59:09] [INFO] [v0.3.30] Harvest complete: 0 files, 0 folders
[SYNAPSE] [PM 8:59:09] [WARN] [v0.3.30] HarvestSession transition failed: expected Executing, current is Harvesting
[SYNAPSE] [PM 8:59:09] [INFO] [v0.3.30] HarvestSession state change: Harvesting -> Unlocked
[SYNAPSE] [PM 8:59:39] [INFO] [v0.3.30] HarvestSession state change: Unlocked -> Locked
[SYNAPSE] [PM 8:59:39] [INFO] [v0.3.30] HarvestSession state change: Locked -> Comparing
[SYNAPSE] [PM 8:59:39] [WARN] [v0.3.30] CompareEngine: Failed to get hashes for soak_client - Client is not connected
[SYNAPSE] [PM 8:59:39] [INFO] [v0.3.30] CompareEngine: Found 0 differences
[SYNAPSE] [PM 8:59:39] [INFO] [v0.3.30] HarvestSession state change: Comparing -> Approving
[SYNAPSE] [PM 8:59:39] [INFO] [v0.3.30] HarvestSession state change: Approving -> Executing
[SYNAPSE] [PM 8:59:39] [INFO] [v0.3.30] HarvestSession state change: Executing -> Harvesting
[SYNAPSE] [PM 8:59:39] [INFO] [v0.3.30] Harvest starting: Processing 1 approved files
[SYNAPSE] [PM 8:59:39] [WARN] [v0.3.30] Harvest rejected: Invalid clientUsername format 'undefined'
[SYNAPSE] [PM 8:59:39] [INFO] [v0.3.30] Harvest complete: 0 files, 0 folders
[SYNAPSE] [PM 8:59:39] [WARN] [v0.3.30] HarvestSession transition failed: expected Executing, current is Harvesting
[SYNAPSE] [PM 8:59:39] [INFO] [v0.3.30] HarvestSession state change: Harvesting -> Unlocked
SyntaxError: Unexpected token 'n', "null" is not valid JSON
    at JSON.parse (<anonymous>)
    at createStrictSyntaxError (/home/dogsinatas/TypeScript_project/antigravity-extension-vis/node_modules/body-parser/lib/types/json.js:109:10)
    at parse (/home/dogsinatas/TypeScript_project/antigravity-extension-vis/node_modules/body-parser/lib/types/json.js:66:15)
    at /home/dogsinatas/TypeScript_project/antigravity-extension-vis/node_modules/body-parser/lib/read.js:162:18
    at AsyncResource.runInAsyncScope (node:async_hooks:227:14)
    at invokeCallback (/home/dogsinatas/TypeScript_project/antigravity-extension-vis/node_modules/raw-body/index.js:238:16)
    at done (/home/dogsinatas/TypeScript_project/antigravity-extension-vis/node_modules/raw-body/index.js:227:7)
    at IncomingMessage.onEnd (/home/dogsinatas/TypeScript_project/antigravity-extension-vis/node_modules/raw-body/index.js:287:7)
    at IncomingMessage.emit (node:events:509:28)
    at IncomingMessage.emit (node:domain:489:12)
[SYNAPSE] [PM 9:00:09] [INFO] [v0.3.30] HarvestSession state change: Unlocked -> Locked
[SYNAPSE] [PM 9:00:09] [INFO] [v0.3.30] HarvestSession state change: Locked -> Comparing
[SYNAPSE] [PM 9:00:09] [WARN] [v0.3.30] CompareEngine: Failed to get hashes for soak_client - Client is not connected
[SYNAPSE] [PM 9:00:09] [INFO] [v0.3.30] CompareEngine: Found 0 differences
[SYNAPSE] [PM 9:00:09] [INFO] [v0.3.30] HarvestSession state change: Comparing -> Approving
[SYNAPSE] [PM 9:00:09] [INFO] [v0.3.30] HarvestSession state change: Approving -> Executing
[SYNAPSE] [PM 9:00:09] [INFO] [v0.3.30] HarvestSession state change: Executing -> Harvesting
[SYNAPSE] [PM 9:00:09] [INFO] [v0.3.30] Harvest starting: Processing 1 approved files
[SYNAPSE] [PM 9:00:09] [WARN] [v0.3.30] Harvest rejected: Invalid clientUsername format 'undefined'
[SYNAPSE] [PM 9:00:09] [INFO] [v0.3.30] Harvest complete: 0 files, 0 folders
[SYNAPSE] [PM 9:00:09] [WARN] [v0.3.30] HarvestSession transition failed: expected Executing, current is Harvesting
[SYNAPSE] [PM 9:00:09] [INFO] [v0.3.30] HarvestSession state change: Harvesting -> Unlocked
[SYNAPSE] [PM 9:00:39] [INFO] [v0.3.30] HarvestSession state change: Unlocked -> Locked
[SYNAPSE] [PM 9:00:39] [INFO] [v0.3.30] HarvestSession state change: Locked -> Comparing
[SYNAPSE] [PM 9:00:39] [WARN] [v0.3.30] CompareEngine: Failed to get hashes for soak_client - Client is not connected
[SYNAPSE] [PM 9:00:39] [INFO] [v0.3.30] CompareEngine: Found 0 differences
[SYNAPSE] [PM 9:00:39] [INFO] [v0.3.30] HarvestSession state change: Comparing -> Approving
[SYNAPSE] [PM 9:00:39] [INFO] [v0.3.30] HarvestSession state change: Approving -> Executing
[SYNAPSE] [PM 9:00:39] [INFO] [v0.3.30] HarvestSession state change: Executing -> Harvesting
[SYNAPSE] [PM 9:00:39] [INFO] [v0.3.30] Harvest starting: Processing 1 approved files
[SYNAPSE] [PM 9:00:39] [WARN] [v0.3.30] Harvest rejected: Invalid clientUsername format 'undefined'
[SYNAPSE] [PM 9:00:39] [INFO] [v0.3.30] Harvest complete: 0 files, 0 folders
[SYNAPSE] [PM 9:00:39] [WARN] [v0.3.30] HarvestSession transition failed: expected Executing, current is Harvesting
[SYNAPSE] [PM 9:00:39] [INFO] [v0.3.30] HarvestSession state change: Harvesting -> Unlocked
SyntaxError: Unexpected token 'n', "null" is not valid JSON
    at JSON.parse (<anonymous>)
    at createStrictSyntaxError (/home/dogsinatas/TypeScript_project/antigravity-extension-vis/node_modules/body-parser/lib/types/json.js:109:10)
    at parse (/home/dogsinatas/TypeScript_project/antigravity-extension-vis/node_modules/body-parser/lib/types/json.js:66:15)
    at /home/dogsinatas/TypeScript_project/antigravity-extension-vis/node_modules/body-parser/lib/read.js:162:18
    at AsyncResource.runInAsyncScope (node:async_hooks:227:14)
    at invokeCallback (/home/dogsinatas/TypeScript_project/antigravity-extension-vis/node_modules/raw-body/index.js:238:16)
    at done (/home/dogsinatas/TypeScript_project/antigravity-extension-vis/node_modules/raw-body/index.js:227:7)
    at IncomingMessage.onEnd (/home/dogsinatas/TypeScript_project/antigravity-extension-vis/node_modules/raw-body/index.js:287:7)
    at IncomingMessage.emit (node:events:509:28)
    at IncomingMessage.emit (node:domain:489:12)
[SYNAPSE] [PM 9:01:09] [INFO] [v0.3.30] HarvestSession state change: Unlocked -> Locked
[SYNAPSE] [PM 9:01:09] [INFO] [v0.3.30] HarvestSession state change: Locked -> Comparing
[SYNAPSE] [PM 9:01:09] [WARN] [v0.3.30] CompareEngine: Failed to get hashes for soak_client - Client is not connected
[SYNAPSE] [PM 9:01:09] [INFO] [v0.3.30] CompareEngine: Found 0 differences
[SYNAPSE] [PM 9:01:09] [INFO] [v0.3.30] HarvestSession state change: Comparing -> Approving
[SYNAPSE] [PM 9:01:09] [INFO] [v0.3.30] HarvestSession state change: Approving -> Executing
[SYNAPSE] [PM 9:01:09] [INFO] [v0.3.30] HarvestSession state change: Executing -> Harvesting
[SYNAPSE] [PM 9:01:09] [INFO] [v0.3.30] Harvest starting: Processing 1 approved files
[SYNAPSE] [PM 9:01:09] [WARN] [v0.3.30] Harvest rejected: Invalid clientUsername format 'undefined'
[SYNAPSE] [PM 9:01:09] [INFO] [v0.3.30] Harvest complete: 0 files, 0 folders
[SYNAPSE] [PM 9:01:09] [WARN] [v0.3.30] HarvestSession transition failed: expected Executing, current is Harvesting
[SYNAPSE] [PM 9:01:09] [INFO] [v0.3.30] HarvestSession state change: Harvesting -> Unlocked

🛑 [SYNAPSE] Received SIGTERM. Shutting down gracefully...
[SYNAPSE] HTTP server closed.
